Customer ID,Invoice Date,Invoice Amount,Due Date,Payment Date,Payment Amount,Payment Terms,Invoice Status
CUST053,2023-08-10 20:28:43,7774.61,2023-02-01 19:11:25,,8776.51,Net 60,Outstanding
CUST008,2023-09-15 21:15:38,9840.78,2023-07-07 18:46:06,2023-08-07 23:03:40,9840.78,Net 60,Paid
CUST072,2023-06-16 00:32:31,3585.99,2023-12-21 18:00:26,2023-05-12 16:51:40,4189.02,Net 30,Outstanding
CUST003,2023-07-25 17:05:46,8790.69,2023-08-12 17:20:21,2023-08-27 23:34:27,8790.69,Net 90,Paid
CUST094,2023-06-05 06:35:14,5127.11,2023-03-16 19:11:06,2023-05-02 04:23:12,6579.8,Net 60,Outstanding
CUST029,2023-02-08 10:59:59,3427.12,2023-07-21 05:22:56,2023-08-10 02:35:55,3427.12,Net 30,Paid
CUST069,2023-06-24 00:08:38,7592.42,2023-11-21 23:07:04,,2097.35,Net 90,Outstanding
CUST082,2023-09-09 12:22:19,1080.23,2023-08-17 23:20:54,2023-09-18 21:02:16,3007.29,Net 90,Outstanding
CUST100,2023-07-14 02:07:22,8961.35,2023-03-26 14:57:35,,8961.35,Net 60,Paid
CUST085,2023-02-24 21:26:36,4803.46,2023-01-05 12:59:39,,4803.46,Net 60,Paid
CUST018,2023-12-18 18:13:51,5882.51,2023-10-19 10:12:28,2023-07-23 13:36:57,5957.12,Net 30,Outstanding
CUST072,2023-02-12 14:02:20,8024.75,2023-05-15 12:35:36,2023-08-09 15:39:08,8024.75,Net 90,Paid
CUST092,2023-09-29 22:39:39,3176.74,2023-06-04 00:42:13,2023-03-10 13:37:26,4166.73,Net 30,Outstanding
CUST066,2023-10-02 14:02:36,8776.15,2023-09-06 03:07:51,2023-08-08 03:48:21,8776.15,Net 60,Paid
CUST066,2023-04-02 11:28:18,6315.33,2023-03-16 07:42:03,2023-10-20 17:39:42,1317.36,Net 90,Outstanding
CUST004,2023-05-22 06:06:13,6136.88,2023-02-28 20:37:09,2023-04-08 15:53:46,6136.88,Net 30,Paid
CUST036,2023-11-28 22:30:08,2930.93,2023-03-16 23:30:59,2023-03-16 20:35:46,2930.93,Net 90,Paid
CUST051,2023-07-15 14:10:36,4710.37,2023-12-28 10:52:38,2023-01-14 04:49:05,5246.65,Net 60,Outstanding
CUST019,2023-06-27 15:06:40,3310.12,2023-03-04 12:40:50,2023-06-30 07:17:48,3310.12,Net 60,Paid
CUST066,2023-11-05 00:36:47,881.65,2023-02-21 22:13:15,,930.34,Net 30,Outstanding
CUST009,2023-04-10 03:17:00,6588.91,2023-08-09 10:39:43,2023-09-28 11:08:59,5304.68,Net 90,Outstanding
CUST042,2023-05-19 21:18:07,1871.05,2023-06-22 15:34:57,,1871.05,Net 30,Paid
CUST073,2023-04-27 10:41:54,7160.35,2023-01-08 23:23:39,2023-05-19 11:43:29,8765.22,Net 30,Outstanding
CUST049,2023-04-10 01:21:55,1509.96,2023-03-08 15:10:28,2023-12-02 18:38:42,1509.96,Net 30,Paid
CUST007,2023-05-17 08:15:52,7482.61,2023-05-15 06:01:00,2023-08-20 18:30:09,7482.61,Net 90,Paid
CUST073,2023-09-01 04:50:22,6495.98,2023-09-06 20:38:54,2023-02-10 15:32:37,6495.98,Net 60,Paid
CUST032,2023-03-30 14:38:34,2297.57,2023-06-28 23:06:09,2023-01-06 21:43:05,6244.93,Net 30,Outstanding
CUST019,2023-06-22 21:20:16,4287.76,2023-09-04 17:04:32,2023-10-06 21:40:37,818.21,Net 60,Outstanding
CUST071,2023-07-21 20:43:43,8535.23,2023-12-14 14:25:57,2023-11-06 02:22:59,3662.29,Net 60,Outstanding
CUST027,2023-08-02 18:43:38,4447.12,2023-11-27 12:19:32,2023-06-03 23:17:51,9221.9,Net 90,Outstanding
CUST066,2023-08-15 15:16:09,3467.41,2023-12-25 17:34:45,2023-07-26 03:05:37,3467.41,Net 30,Paid
CUST007,2023-06-26 20:35:15,7496.24,2023-10-12 13:37:33,2023-01-03 13:34:15,7496.24,Net 60,Paid
CUST067,2023-08-13 07:52:58,1123.82,2023-06-17 06:52:49,,9192.81,Net 30,Outstanding
CUST091,2023-01-23 06:03:38,1564.03,2023-07-31 23:50:47,2023-11-08 05:25:58,1564.03,Net 90,Paid
CUST060,2023-08-27 02:09:23,4887.29,2023-03-24 06:13:01,2023-01-11 04:41:03,4887.29,Net 30,Paid
CUST051,2023-08-23 08:37:54,7496.67,2023-08-25 20:37:04,2023-11-17 03:37:00,2954.61,Net 30,Outstanding
CUST005,2023-04-30 14:49:43,9979.94,2023-04-05 19:18:43,2023-06-24 05:00:53,9979.94,Net 90,Paid
CUST050,2023-08-28 11:57:50,1312.38,2023-08-10 07:49:58,2023-08-24 11:03:20,5816.34,Net 30,Outstanding
CUST015,2023-09-21 14:25:48,1621.73,2023-01-31 06:42:02,2023-09-15 13:10:27,9095.53,Net 60,Outstanding
CUST040,2023-08-01 19:45:29,7821.64,2023-08-19 11:41:51,,4735.68,Net 30,Outstanding
CUST092,2023-05-18 00:50:04,5221.07,2023-09-17 04:33:01,2023-08-20 19:25:31,5681.95,Net 90,Outstanding
CUST025,2023-01-11 17:14:24,4923.67,2023-02-06 12:12:08,2023-06-10 03:14:19,4923.67,Net 30,Paid
CUST088,2023-11-07 17:40:46,5143.43,2023-08-10 22:09:08,2023-08-29 06:24:06,5143.43,Net 90,Paid
CUST089,2023-11-25 10:09:36,9932.24,2023-02-14 03:33:38,2023-10-06 14:12:42,1101.31,Net 60,Outstanding
CUST058,2023-08-17 03:52:26,3279.79,2023-09-08 05:44:04,,9359.52,Net 90,Outstanding
CUST057,2023-08-23 11:02:48,2444.98,2023-04-24 03:12:10,2023-08-19 14:33:07,6961.79,Net 90,Outstanding
CUST003,2023-12-11 05:11:06,6243.08,2023-01-01 08:36:14,2023-06-08 00:27:51,7170.6,Net 60,Outstanding
CUST021,2023-04-02 00:10:16,8895.41,2023-07-09 01:14:47,2023-10-16 23:49:10,8895.41,Net 60,Paid
CUST057,2023-07-05 07:16:38,8993.05,2023-08-24 11:18:54,2023-02-09 10:42:22,6135.19,Net 60,Outstanding
CUST004,2023-05-31 00:36:58,9815.99,2023-03-17 11:29:53,,1413.55,Net 60,Outstanding
CUST009,2023-10-21 22:37:57,4786.55,2023-10-26 00:54:47,,4786.55,Net 30,Paid
CUST083,2023-06-18 09:18:30,2471.7,2023-08-21 00:04:40,2023-10-06 21:27:28,2471.7,Net 30,Paid
CUST088,2023-05-10 01:53:27,4408.85,2023-11-29 23:32:12,,1828.98,Net 60,Outstanding
CUST039,2023-07-28 00:44:57,1471.39,2023-12-27 04:41:22,2023-03-29 06:45:24,1471.39,Net 30,Paid
CUST057,2023-04-01 02:51:14,9806.06,2023-09-04 03:10:38,,9806.06,Net 30,Paid
CUST014,2023-09-06 09:01:53,2231.62,2023-11-25 00:01:24,2023-03-07 21:23:21,2231.62,Net 90,Paid
CUST009,2023-07-13 20:08:41,9022.01,2023-07-02 05:15:48,2023-05-14 04:12:16,9022.01,Net 90,Paid
CUST065,2023-03-10 15:41:52,9602.76,2023-11-20 12:18:52,,3129.2,Net 30,Outstanding
CUST083,2023-04-10 06:11:53,659.45,2023-03-21 03:06:34,2023-08-16 07:14:36,659.45,Net 30,Paid
CUST007,2023-03-13 13:16:14,2490.83,2023-11-16 00:06:47,2023-12-19 05:34:00,7604.35,Net 30,Outstanding
CUST076,2023-04-29 13:29:05,5084.26,2023-10-20 17:00:23,2023-06-02 09:04:45,7604.76,Net 90,Outstanding
CUST085,2023-06-22 11:18:46,7965.46,2023-07-02 07:55:34,2023-01-13 19:02:53,7965.46,Net 90,Paid
CUST023,2023-09-15 02:41:16,5615.09,2023-11-23 06:02:33,,3032.69,Net 90,Outstanding
CUST032,2023-11-21 11:58:27,7891.82,2023-05-08 15:04:06,2023-01-08 02:30:12,7891.82,Net 30,Paid
CUST027,2023-07-23 13:57:49,8005.33,2023-09-30 17:56:02,,6248.0,Net 90,Outstanding
CUST012,2023-03-20 01:11:23,6675.09,2023-05-14 13:10:16,2023-07-25 13:38:27,6675.09,Net 90,Paid
CUST010,2023-09-01 22:54:21,6054.01,2023-04-25 17:19:03,,6054.01,Net 60,Paid
CUST064,2023-10-25 09:53:58,4401.98,2023-08-26 12:15:47,,4401.98,Net 60,Paid
CUST012,2023-10-30 10:47:55,1202.06,2023-06-18 02:02:12,2023-03-22 18:59:23,9498.81,Net 60,Outstanding
CUST050,2023-07-23 18:31:52,6650.1,2023-11-07 16:16:17,2023-07-07 08:44:06,5629.28,Net 90,Outstanding
CUST030,2023-12-26 00:26:06,7635.7,2023-06-20 04:30:46,2023-10-17 20:55:01,7635.7,Net 30,Paid
CUST071,2023-07-27 19:52:28,5496.73,2023-10-26 06:48:29,,5496.73,Net 90,Paid
CUST077,2023-03-13 19:06:14,9346.13,2023-08-06 23:43:21,2023-05-07 14:02:16,4998.84,Net 60,Outstanding
CUST066,2023-11-18 01:52:02,1505.55,2023-08-29 18:23:49,2023-10-06 10:50:22,9295.94,Net 90,Outstanding
CUST040,2023-03-26 16:51:35,669.18,2023-10-14 01:51:33,2023-10-18 19:10:53,3967.16,Net 90,Outstanding
CUST067,2023-12-17 10:59:51,9253.62,2023-01-30 04:10:55,2023-07-15 21:24:58,4291.97,Net 90,Outstanding
CUST023,2023-01-19 15:39:47,516.46,2023-07-30 08:37:01,2023-12-16 04:06:27,516.46,Net 60,Paid
CUST085,2023-12-05 00:15:09,8870.81,2023-08-30 05:33:20,2023-08-14 15:10:56,8870.81,Net 30,Paid
CUST059,2023-03-16 00:12:35,8012.23,2023-11-16 00:36:36,2023-12-04 13:11:28,4642.72,Net 90,Outstanding
CUST084,2023-04-11 07:27:54,6319.08,2023-05-13 16:01:19,2023-02-21 04:00:22,6319.08,Net 60,Paid
CUST017,2023-05-21 10:43:25,3798.53,2023-05-21 06:18:32,2023-08-25 20:10:52,3798.53,Net 90,Paid
CUST088,2023-09-05 07:10:09,2512.52,2023-05-09 23:45:58,2023-03-13 03:35:04,3023.15,Net 30,Outstanding
CUST015,2023-03-11 12:37:11,2022.86,2023-10-11 07:33:23,2023-11-09 19:20:18,8012.26,Net 30,Outstanding
CUST089,2023-04-28 03:34:00,8098.34,2023-10-26 03:23:35,2023-04-10 13:13:24,3409.98,Net 60,Outstanding
CUST096,2023-02-02 14:29:12,6751.59,2023-05-11 17:02:36,2023-04-10 11:27:35,6751.59,Net 60,Paid
CUST036,2023-04-12 13:22:58,6257.45,2023-11-20 10:54:40,,6257.45,Net 30,Paid
CUST042,2023-02-06 22:32:46,646.72,2023-06-03 07:33:26,,4046.71,Net 30,Outstanding
CUST096,2023-11-10 22:16:11,2740.16,2023-09-06 16:31:04,2023-02-23 23:37:26,2740.16,Net 90,Paid
CUST055,2023-09-24 14:32:58,5086.18,2023-09-18 00:54:02,2023-06-02 18:39:54,4829.24,Net 30,Outstanding
CUST094,2023-06-01 14:33:35,5624.25,2023-04-28 19:54:53,2023-01-19 21:21:37,9102.14,Net 90,Outstanding
CUST031,2023-03-29 07:03:38,8045.04,2023-10-11 05:13:11,2023-05-25 08:46:44,6309.79,Net 90,Outstanding
CUST050,2023-09-14 06:27:43,4732.5,2023-06-19 09:18:01,2023-01-04 13:33:37,4601.39,Net 60,Outstanding
CUST017,2023-10-28 06:46:52,2252.69,2023-03-06 12:19:53,2023-09-30 18:34:32,6862.42,Net 30,Outstanding
CUST045,2023-05-02 07:18:53,588.82,2023-01-28 00:26:41,2023-09-15 18:18:22,588.82,Net 90,Paid
CUST081,2023-12-30 17:33:00,7286.0,2023-01-07 09:44:16,2023-03-19 17:50:26,1894.4,Net 90,Outstanding
CUST100,2023-11-20 18:43:47,4360.33,2023-07-04 21:48:19,2023-10-05 10:20:35,1707.55,Net 30,Outstanding
CUST050,2023-09-09 18:40:20,6498.29,2023-10-07 04:59:28,2023-06-02 10:54:24,8747.51,Net 60,Outstanding
CUST075,2023-04-04 22:33:34,2377.29,2023-01-17 19:51:47,2023-04-16 11:44:26,2213.01,Net 90,Outstanding
CUST025,2023-09-17 03:30:43,1933.92,2023-02-26 22:24:25,2023-04-19 17:01:14,1886.46,Net 60,Outstanding
CUST001,2023-01-19 03:13:53,1223.1,2023-09-16 23:10:00,2023-11-15 22:11:25,1223.1,Net 60,Paid
CUST013,2023-06-29 03:39:26,4096.73,2023-08-18 21:42:43,2023-05-31 08:53:46,4096.73,Net 90,Paid
CUST043,2023-09-14 20:44:46,4041.28,2023-11-11 00:20:44,2023-03-06 03:54:56,7197.95,Net 60,Outstanding
CUST028,2023-09-12 17:54:08,4249.58,2023-01-11 07:09:55,2023-06-23 11:32:02,4867.78,Net 60,Outstanding
CUST046,2023-09-06 13:39:00,1305.81,2023-12-20 19:02:13,2023-12-07 18:58:07,7613.66,Net 90,Outstanding
CUST068,2023-05-26 15:09:20,3101.71,2023-04-22 20:58:48,2023-06-18 03:42:45,3101.71,Net 90,Paid
CUST016,2023-02-13 13:03:13,1998.24,2023-04-25 23:41:31,2023-06-12 13:46:56,6777.58,Net 90,Outstanding
CUST003,2023-04-28 05:58:01,8058.68,2023-09-04 07:44:09,2023-06-27 04:55:42,8093.09,Net 30,Outstanding
CUST062,2023-11-18 10:27:54,4201.25,2023-06-11 20:16:32,,4201.25,Net 30,Paid
CUST015,2023-11-20 21:59:51,906.51,2023-07-13 01:36:54,2023-01-23 08:09:50,5695.93,Net 90,Outstanding
CUST001,2023-08-10 03:38:28,4588.22,2023-09-10 02:08:20,,4588.22,Net 30,Paid
CUST086,2023-08-18 17:07:05,9635.91,2023-01-15 18:13:25,2023-04-14 05:19:02,9396.91,Net 90,Outstanding
CUST027,2023-07-24 08:09:24,3582.3,2023-01-27 00:12:01,2023-05-26 01:10:50,5225.08,Net 90,Outstanding
CUST079,2023-09-11 04:17:06,586.3,2023-07-19 22:43:21,2023-01-24 01:12:20,586.3,Net 60,Paid
CUST038,2023-08-17 08:05:56,7087.01,2023-04-26 12:38:49,2023-08-09 22:21:56,6720.51,Net 30,Outstanding
CUST019,2023-09-27 23:30:56,5148.35,2023-08-23 21:08:36,2023-03-30 02:16:51,5148.35,Net 60,Paid
CUST037,2023-01-09 10:59:34,7258.83,2023-01-18 11:01:02,2023-12-05 18:25:39,7258.83,Net 60,Paid
CUST003,2023-01-18 23:50:58,4223.66,2023-11-10 12:04:48,,8244.69,Net 30,Outstanding
CUST013,2023-03-23 08:01:45,5596.0,2023-08-19 00:33:53,2023-05-10 16:06:21,5596.0,Net 90,Paid
CUST098,2023-11-16 15:47:26,4526.42,2023-03-23 02:09:46,2023-07-21 04:36:39,636.73,Net 30,Outstanding
CUST051,2023-09-18 15:00:20,5660.21,2023-09-14 20:40:41,2023-05-01 16:23:34,5660.21,Net 90,Paid
CUST007,2023-11-28 23:37:24,5082.38,2023-01-02 06:30:29,,5082.38,Net 60,Paid
CUST037,2023-03-22 23:23:12,4092.57,2023-12-12 12:07:23,2023-09-26 17:50:50,4092.57,Net 60,Paid
CUST067,2023-10-26 01:45:54,6262.04,2023-01-31 03:14:57,2023-01-27 21:11:58,3603.63,Net 30,Outstanding
CUST031,2023-02-14 18:27:01,7219.33,2023-03-04 13:50:53,2023-01-07 16:37:26,7219.33,Net 30,Paid
CUST003,2023-10-05 00:09:22,4958.11,2023-11-10 02:56:18,2023-05-04 12:18:05,4958.11,Net 30,Paid
CUST067,2023-10-16 21:33:09,2255.86,2023-03-15 08:31:13,2023-04-07 13:14:17,2255.86,Net 30,Paid
CUST096,2023-03-16 07:20:34,8776.06,2023-10-06 19:29:50,2023-03-19 04:50:52,9074.82,Net 30,Outstanding
CUST091,2023-07-07 19:19:24,7478.78,2023-11-25 15:54:22,2023-08-04 05:19:56,7478.78,Net 30,Paid
CUST002,2023-03-20 10:16:17,3060.39,2023-05-23 04:07:55,2023-01-08 00:56:00,7023.26,Net 30,Outstanding
CUST040,2023-02-25 20:45:56,9998.0,2023-01-11 04:54:36,,2718.33,Net 90,Outstanding
CUST024,2023-05-01 20:29:19,5546.86,2023-06-15 07:02:51,,5546.86,Net 30,Paid
CUST043,2023-09-05 13:11:46,9223.05,2023-12-07 05:05:38,2023-03-28 13:15:16,8158.9,Net 60,Outstanding
CUST028,2023-02-18 08:28:13,1528.12,2023-06-04 23:31:54,2023-08-10 02:37:30,3552.26,Net 60,Outstanding
CUST091,2023-07-16 12:54:32,6428.02,2023-12-01 10:02:03,2023-10-07 15:51:44,8887.11,Net 60,Outstanding
CUST039,2023-11-16 11:38:33,5152.68,2023-09-14 18:47:49,2023-11-23 11:53:12,8851.54,Net 60,Outstanding
CUST042,2023-04-25 07:23:33,2598.05,2023-08-11 12:19:04,2023-10-12 14:31:37,2598.05,Net 90,Paid
CUST051,2023-10-13 05:58:43,3724.92,2023-05-24 11:09:45,2023-12-30 21:59:24,3724.92,Net 30,Paid
CUST044,2023-12-11 11:24:07,1149.0,2023-09-29 16:08:30,2023-09-10 09:54:40,2521.71,Net 30,Outstanding
CUST070,2023-02-15 14:04:40,6111.06,2023-04-21 02:47:20,,6111.06,Net 90,Paid
CUST095,2023-06-23 14:39:08,2552.26,2023-12-12 22:55:15,,5318.52,Net 30,Outstanding
CUST023,2023-04-08 08:36:24,6631.24,2023-10-01 19:45:55,2023-04-30 03:05:34,6631.24,Net 30,Paid
CUST018,2023-06-20 00:18:49,3688.39,2023-11-14 11:03:41,2023-08-28 05:11:12,3688.39,Net 90,Paid
CUST006,2023-04-11 00:28:30,5015.6,2023-08-06 04:48:55,2023-05-13 06:38:43,4345.41,Net 60,Outstanding
CUST038,2023-04-27 04:56:59,8701.16,2023-07-02 12:22:01,2023-02-18 10:24:04,6180.12,Net 90,Outstanding
CUST092,2023-08-29 06:15:04,4328.25,2023-01-28 21:37:16,2023-02-27 16:45:35,9363.43,Net 90,Outstanding
CUST062,2023-07-14 00:35:08,5118.42,2023-07-12 01:55:12,2023-01-08 17:20:24,5118.42,Net 30,Paid
CUST020,2023-10-11 22:27:57,2091.64,2023-12-13 10:14:23,2023-11-16 19:25:01,2091.64,Net 30,Paid
CUST015,2023-12-01 02:44:12,3868.03,2023-12-16 16:15:31,2023-04-05 22:15:16,8949.93,Net 60,Outstanding
CUST024,2023-05-21 04:23:36,6224.73,2023-01-25 08:29:46,2023-03-31 23:25:23,4214.7,Net 90,Outstanding
CUST078,2023-02-27 17:09:25,5154.38,2023-01-09 05:02:44,2023-01-31 10:14:07,5154.38,Net 60,Paid
CUST021,2023-04-24 06:05:01,3046.69,2023-12-05 06:09:30,2023-09-11 11:44:14,2765.91,Net 30,Outstanding
CUST053,2023-07-19 14:27:54,8252.1,2023-02-06 12:26:34,,8252.1,Net 90,Paid
CUST031,2023-06-20 03:59:07,3128.05,2023-07-29 06:09:58,2023-03-25 19:20:02,3128.05,Net 30,Paid
CUST038,2023-08-04 00:41:48,1316.01,2023-10-29 14:19:40,2023-08-27 17:41:15,9511.51,Net 90,Outstanding
CUST052,2023-07-28 12:28:10,8821.18,2023-04-17 23:36:57,2023-03-09 14:28:10,5136.0,Net 90,Outstanding
CUST020,2023-09-25 09:16:51,9985.24,2023-06-16 04:15:47,,888.8,Net 60,Outstanding
CUST038,2023-10-08 08:29:01,5026.53,2023-07-15 21:17:11,,5026.53,Net 60,Paid
CUST091,2023-03-27 05:17:22,8471.38,2023-03-11 01:20:58,2023-03-02 04:11:41,9021.46,Net 30,Outstanding
CUST071,2023-02-12 09:09:20,4509.47,2023-02-09 22:23:18,,9366.21,Net 90,Outstanding
CUST090,2023-07-01 12:04:04,7223.92,2023-07-13 08:03:55,,597.84,Net 90,Outstanding
CUST011,2023-07-22 05:12:44,4017.0,2023-02-25 05:52:24,2023-05-25 02:32:13,4017.0,Net 60,Paid
CUST040,2023-01-17 01:05:30,1997.8,2023-11-02 07:46:55,,1997.8,Net 60,Paid
CUST030,2023-06-25 21:13:30,5744.27,2023-02-19 00:24:30,2023-07-21 15:22:59,1148.25,Net 30,Outstanding
CUST092,2023-07-25 00:29:54,5262.38,2023-02-03 01:59:38,,8510.79,Net 30,Outstanding
CUST013,2023-06-01 08:36:19,7012.11,2023-07-08 01:43:46,2023-09-24 09:57:17,4454.06,Net 30,Outstanding
CUST025,2023-04-15 15:46:10,8360.15,2023-02-08 14:17:24,2023-12-27 01:42:29,8360.15,Net 60,Paid
CUST088,2023-05-10 08:20:30,7901.56,2023-02-13 21:41:48,2023-07-07 00:03:28,7901.56,Net 60,Paid
CUST004,2023-05-10 03:38:46,2643.29,2023-11-03 11:54:22,2023-01-19 11:20:59,2643.29,Net 30,Paid
CUST071,2023-10-04 05:13:05,1998.8,2023-01-13 18:35:29,2023-06-07 01:01:50,1998.8,Net 90,Paid
CUST082,2023-11-17 07:24:50,8816.73,2023-12-02 22:56:21,2023-08-13 06:20:33,8816.73,Net 30,Paid
CUST001,2023-11-12 09:07:58,721.57,2023-06-29 08:45:33,2023-10-26 00:14:51,721.57,Net 60,Paid
CUST048,2023-04-02 00:55:22,928.89,2023-03-03 17:41:53,,928.89,Net 30,Paid
CUST067,2023-04-25 10:35:39,7396.2,2023-04-13 00:09:34,2023-03-19 02:39:22,7396.2,Net 60,Paid
CUST003,2023-05-22 22:07:47,6910.54,2023-07-20 08:13:01,2023-07-09 15:28:08,8157.6,Net 60,Outstanding
CUST054,2023-02-27 08:23:03,2830.97,2023-02-20 04:56:52,2023-12-20 19:10:02,6190.71,Net 30,Outstanding
CUST072,2023-12-30 22:35:27,5915.72,2023-12-25 00:21:01,2023-06-13 17:27:48,5915.72,Net 30,Paid
CUST099,2023-11-10 21:02:27,5699.14,2023-03-12 12:25:29,2023-07-25 19:15:45,5699.14,Net 60,Paid
CUST014,2023-11-14 04:51:46,9016.29,2023-09-11 10:14:31,2023-01-28 23:10:35,5464.95,Net 60,Outstanding
CUST036,2023-11-27 00:02:41,5093.81,2023-10-08 23:52:41,2023-11-10 22:38:38,5093.81,Net 90,Paid
CUST072,2023-01-13 21:29:36,2223.69,2023-09-20 14:23:39,2023-06-23 23:48:50,2223.69,Net 90,Paid
CUST010,2023-07-09 03:41:01,1503.83,2023-09-25 19:33:38,2023-01-30 05:16:10,8132.94,Net 90,Outstanding
CUST055,2023-01-27 03:35:12,4999.0,2023-01-22 07:27:49,2023-02-07 05:21:55,4999.0,Net 60,Paid
CUST052,2023-12-18 18:49:50,6877.58,2023-03-06 06:12:37,2023-06-30 20:51:49,6877.58,Net 60,Paid
CUST091,2023-02-14 14:04:21,3086.84,2023-07-06 18:12:57,2023-10-04 03:51:13,3086.84,Net 30,Paid
CUST032,2023-08-26 09:02:59,1987.56,2023-06-11 12:30:35,2023-12-05 07:27:44,5492.54,Net 30,Outstanding
CUST088,2023-08-18 14:16:01,5504.64,2023-12-24 06:19:03,,684.97,Net 90,Outstanding
CUST003,2023-12-16 03:36:18,2810.4,2023-01-15 22:23:19,2023-07-04 23:45:16,6356.35,Net 60,Outstanding
CUST059,2023-07-16 20:18:34,2756.67,2023-12-14 14:08:28,,8654.48,Net 30,Outstanding
CUST057,2023-10-27 19:35:00,1572.34,2023-12-15 14:22:23,2023-06-26 07:18:33,4570.81,Net 60,Outstanding
CUST013,2023-03-08 03:12:39,2197.74,2023-02-23 19:54:21,2023-04-21 13:24:22,2400.75,Net 90,Outstanding
CUST005,2023-12-01 05:58:59,2000.24,2023-06-11 02:10:03,,2000.24,Net 90,Paid
CUST054,2023-12-13 02:34:43,5780.99,2023-06-26 20:11:17,2023-02-22 00:22:20,5780.99,Net 60,Paid
CUST097,2023-11-18 17:43:04,5581.26,2023-03-13 15:53:44,2023-03-19 23:24:32,4461.88,Net 90,Outstanding
CUST011,2023-03-01 13:32:22,2045.95,2023-07-08 01:31:17,2023-10-19 02:12:15,2045.95,Net 90,Paid
CUST058,2023-08-09 10:04:16,7454.65,2023-11-09 16:54:52,,867.99,Net 30,Outstanding
CUST042,2023-07-08 10:47:14,9368.83,2023-07-29 10:24:49,2023-02-09 01:39:32,8196.15,Net 60,Outstanding
CUST060,2023-11-28 18:09:30,9932.23,2023-12-25 02:39:09,2023-08-22 06:06:09,1058.21,Net 60,Outstanding
CUST032,2023-10-28 15:32:27,9947.83,2023-04-20 22:19:17,2023-01-18 09:37:30,2403.3,Net 30,Outstanding
CUST069,2023-01-26 00:25:12,7709.24,2023-10-09 19:47:38,2023-06-04 10:01:55,7709.24,Net 30,Paid
CUST012,2023-01-14 14:08:24,9613.75,2023-12-06 10:23:22,,9853.83,Net 30,Outstanding
CUST024,2023-04-15 09:58:13,5177.45,2023-09-20 09:20:50,2023-07-27 03:37:18,5177.45,Net 30,Paid
CUST030,2023-10-18 13:15:38,4248.13,2023-09-27 15:24:57,2023-12-31 06:12:36,3678.13,Net 60,Outstanding
CUST090,2023-02-23 12:53:03,8772.15,2023-08-10 19:50:50,2023-06-21 12:18:12,8772.15,Net 60,Paid
CUST069,2023-07-20 05:19:53,9384.01,2023-08-25 06:51:02,2023-05-03 00:37:06,9384.01,Net 90,Paid
CUST014,2023-12-18 17:24:57,8760.83,2023-04-10 13:38:54,2023-09-25 01:10:33,8760.83,Net 90,Paid
CUST049,2023-01-05 05:23:13,4839.04,2023-12-28 00:11:37,2023-04-07 23:19:37,4839.04,Net 90,Paid
CUST097,2023-01-12 13:03:14,1869.61,2023-03-25 17:47:39,2023-08-22 04:10:22,2717.1,Net 60,Outstanding
CUST072,2023-09-04 13:52:10,5093.23,2023-04-28 11:40:22,2023-04-16 09:16:41,1693.29,Net 60,Outstanding
CUST020,2023-10-19 19:15:49,7235.15,2023-04-16 23:49:20,2023-05-03 16:34:25,7235.15,Net 60,Paid
CUST069,2023-12-31 05:43:28,3220.72,2023-01-03 12:02:12,2023-09-23 00:05:11,1005.32,Net 30,Outstanding
CUST086,2023-07-28 20:58:56,519.93,2023-02-02 00:28:28,,9817.41,Net 90,Outstanding
CUST032,2023-09-15 08:31:50,6512.19,2023-11-20 23:13:59,2023-07-19 17:13:01,6175.7,Net 90,Outstanding
CUST096,2023-09-25 02:24:48,9089.85,2023-05-24 06:29:53,2023-02-08 12:09:45,9682.75,Net 60,Outstanding
CUST060,2023-09-25 19:34:14,8792.48,2023-06-23 18:19:15,2023-01-09 22:05:13,8792.48,Net 60,Paid
CUST048,2023-08-05 13:35:21,8770.7,2023-04-11 12:09:49,2023-08-19 10:01:29,6360.89,Net 60,Outstanding
CUST049,2023-01-05 08:43:54,1413.96,2023-12-24 10:00:56,2023-07-26 14:10:13,8295.55,Net 30,Outstanding
CUST097,2023-01-18 10:34:35,6242.14,2023-01-12 13:23:33,2023-08-11 11:43:00,865.23,Net 30,Outstanding
CUST076,2023-11-25 00:53:26,7951.29,2023-04-12 13:56:35,2023-12-14 15:28:32,2393.77,Net 60,Outstanding
CUST012,2023-07-27 08:28:00,4224.3,2023-10-27 12:56:41,2023-01-03 01:12:41,4224.3,Net 60,Paid
CUST007,2023-08-13 00:22:35,9814.79,2023-11-24 08:53:21,2023-08-01 21:05:20,9814.79,Net 30,Paid
CUST056,2023-02-01 13:42:32,9834.13,2023-06-03 18:13:08,2023-01-31 15:30:04,9834.13,Net 90,Paid
CUST092,2023-12-24 13:54:32,7847.48,2023-02-01 17:24:21,2023-10-19 07:17:00,9432.09,Net 90,Outstanding
CUST019,2023-06-28 20:25:32,6479.47,2023-09-25 09:20:07,2023-02-16 23:51:00,8760.09,Net 60,Outstanding
CUST063,2023-06-25 09:47:07,4343.09,2023-09-13 01:44:46,2023-07-06 07:21:31,4343.09,Net 30,Paid
CUST062,2023-05-09 14:00:55,7674.37,2023-02-04 05:46:20,2023-12-23 11:15:33,9709.38,Net 30,Outstanding
CUST066,2023-02-23 01:10:27,5952.16,2023-08-09 20:30:43,2023-04-03 07:16:31,1265.87,Net 60,Outstanding
CUST048,2023-10-11 12:27:29,4679.89,2023-12-10 23:30:15,2023-10-03 21:33:01,671.81,Net 90,Outstanding
CUST075,2023-03-23 18:04:05,2206.02,2023-09-12 02:06:20,2023-10-25 08:29:54,2206.02,Net 90,Paid
CUST093,2023-11-06 13:05:24,1586.54,2023-10-06 12:44:33,2023-07-21 14:34:53,1586.54,Net 60,Paid
CUST080,2023-12-05 18:02:18,8281.3,2023-11-05 19:18:59,2023-04-18 00:34:45,8281.3,Net 30,Paid
CUST088,2023-03-24 19:52:18,3281.44,2023-03-16 09:57:39,2023-09-05 18:50:53,3281.44,Net 60,Paid
CUST021,2023-01-02 16:35:10,9876.9,2023-03-17 14:08:30,2023-07-21 18:27:39,9876.9,Net 90,Paid
CUST064,2023-10-04 05:21:46,4876.7,2023-06-09 23:46:56,,974.43,Net 60,Outstanding
CUST016,2023-08-27 22:51:03,5732.89,2023-08-02 13:53:11,,9856.2,Net 60,Outstanding
CUST007,2023-06-10 12:01:46,1239.3,2023-09-26 00:20:06,,3890.8,Net 30,Outstanding
CUST033,2023-09-27 17:46:33,1555.88,2023-10-23 00:26:42,2023-03-13 08:15:28,5044.68,Net 30,Outstanding
CUST071,2023-03-18 05:10:51,9466.77,2023-12-02 13:51:33,2023-05-17 16:14:33,9466.77,Net 90,Paid
CUST027,2023-06-03 09:25:53,4887.3,2023-01-05 14:30:01,2023-07-18 00:01:56,4887.3,Net 30,Paid
CUST019,2023-07-17 04:25:29,1239.07,2023-11-08 17:20:54,2023-04-16 11:36:36,8312.52,Net 90,Outstanding
CUST027,2023-05-10 05:17:57,5309.56,2023-09-14 22:00:58,2023-04-21 07:27:57,5309.56,Net 60,Paid
CUST011,2023-06-01 17:56:30,5055.4,2023-10-17 19:22:10,2023-07-07 05:50:06,5055.4,Net 30,Paid
CUST063,2023-09-12 16:43:29,1606.79,2023-10-26 13:17:17,2023-05-06 11:49:43,6708.06,Net 30,Outstanding
CUST036,2023-01-18 07:10:01,6759.26,2023-09-02 05:43:20,2023-04-20 01:11:24,6759.26,Net 90,Paid
CUST021,2023-04-12 18:47:35,7448.78,2023-06-15 01:22:14,2023-05-26 01:57:32,8851.41,Net 30,Outstanding
CUST074,2023-05-15 19:55:21,4983.22,2023-04-13 00:12:57,,9926.67,Net 30,Outstanding
CUST047,2023-05-03 00:45:19,9861.36,2023-12-28 07:50:36,2023-12-20 22:12:31,6446.15,Net 30,Outstanding
CUST095,2023-01-14 22:39:30,2525.13,2023-08-24 11:40:26,2023-09-30 08:42:39,7919.4,Net 90,Outstanding
CUST073,2023-12-17 12:17:21,4574.72,2023-12-22 01:44:22,2023-06-10 01:02:18,7975.22,Net 90,Outstanding
CUST085,2023-10-17 02:29:17,3631.07,2023-09-03 01:01:55,2023-08-12 06:19:04,3631.07,Net 60,Paid
CUST058,2023-07-21 04:58:42,839.38,2023-03-20 11:27:00,2023-08-14 17:53:57,839.38,Net 60,Paid
CUST030,2023-11-17 07:16:41,2168.97,2023-12-27 02:02:39,2023-02-23 02:13:48,9347.23,Net 90,Outstanding
CUST010,2023-02-27 23:21:29,9462.75,2023-10-03 09:11:31,2023-03-15 04:56:41,9048.17,Net 60,Outstanding
CUST021,2023-05-23 11:41:27,4536.92,2023-09-21 23:35:35,2023-07-08 18:14:23,5549.28,Net 60,Outstanding
CUST050,2023-11-19 02:07:30,9378.14,2023-10-12 02:02:49,2023-02-16 12:29:32,7685.26,Net 90,Outstanding
CUST001,2023-02-08 12:38:08,1043.98,2023-05-11 06:09:50,2023-08-21 14:17:59,1043.98,Net 60,Paid
CUST029,2023-01-07 07:03:16,9191.96,2023-11-24 18:30:03,2023-09-05 11:33:13,9191.96,Net 90,Paid
CUST029,2023-12-05 17:31:57,3218.15,2023-03-02 21:09:02,2023-06-17 11:18:01,4937.54,Net 60,Outstanding
CUST066,2023-02-27 13:16:41,4797.68,2023-06-16 05:33:13,,2763.9,Net 30,Outstanding
CUST096,2023-09-15 10:21:26,9948.08,2023-06-19 01:14:34,2023-04-29 17:26:54,9948.08,Net 30,Paid
CUST050,2023-11-19 07:24:53,6946.45,2023-06-15 01:39:49,2023-12-02 12:49:16,5618.68,Net 60,Outstanding
CUST087,2023-01-26 16:41:04,2772.27,2023-10-30 00:56:54,,2772.27,Net 30,Paid
CUST070,2023-05-10 13:46:35,7278.0,2023-10-08 20:42:43,2023-11-06 23:48:04,3280.26,Net 60,Outstanding
CUST029,2023-02-17 15:24:15,6726.13,2023-12-13 08:56:13,2023-09-13 07:48:14,6726.13,Net 60,Paid
CUST088,2023-02-07 10:02:56,3040.07,2023-01-15 02:30:01,2023-01-12 15:24:14,3040.07,Net 30,Paid
CUST038,2023-07-13 07:11:53,3484.51,2023-11-14 06:54:16,2023-10-02 14:15:45,3484.51,Net 60,Paid
CUST004,2023-12-07 19:17:39,4239.12,2023-01-29 07:08:57,2023-09-25 05:12:11,4239.12,Net 30,Paid
CUST016,2023-12-24 04:38:27,3680.26,2023-05-14 07:15:24,2023-01-29 16:48:10,3680.26,Net 60,Paid
CUST081,2023-11-11 21:03:33,6618.28,2023-05-08 04:35:29,2023-02-08 12:45:11,2558.9,Net 90,Outstanding
CUST012,2023-06-04 20:43:29,7844.46,2023-04-08 15:31:42,2023-04-18 09:47:56,7844.46,Net 30,Paid
CUST040,2023-02-06 11:31:48,6408.75,2023-05-30 00:39:11,2023-03-05 00:03:39,8883.58,Net 60,Outstanding
CUST019,2023-12-30 12:14:08,698.42,2023-12-22 09:32:56,2023-10-02 13:27:25,7954.52,Net 30,Outstanding
CUST092,2023-07-17 22:50:27,4227.11,2023-05-17 13:00:20,,4227.11,Net 30,Paid
CUST023,2023-05-20 16:28:51,8542.1,2023-09-06 11:01:10,2023-05-20 00:18:29,711.28,Net 60,Outstanding
CUST078,2023-12-27 07:29:48,5080.54,2023-09-29 20:35:56,,3197.28,Net 90,Outstanding
CUST038,2023-04-30 12:51:01,3524.07,2023-08-09 23:38:39,2023-05-28 23:20:48,3524.07,Net 60,Paid
CUST059,2023-05-28 16:00:22,7709.71,2023-09-06 00:58:42,2023-07-12 13:30:31,7709.71,Net 60,Paid
CUST012,2023-05-27 03:24:26,9121.76,2023-10-21 06:47:22,2023-06-07 18:34:21,9121.76,Net 30,Paid
CUST079,2023-04-15 05:28:53,3866.79,2023-07-31 16:02:46,2023-06-13 16:21:08,3329.15,Net 90,Outstanding
CUST011,2023-08-14 17:43:48,2092.05,2023-09-03 19:09:41,2023-05-13 19:30:44,2181.06,Net 30,Outstanding
CUST031,2023-08-28 06:49:11,8440.35,2023-08-21 01:09:24,2023-05-06 09:31:58,8440.35,Net 30,Paid
CUST035,2023-04-08 09:20:20,5241.89,2023-10-16 13:49:11,2023-10-21 12:52:56,5241.89,Net 30,Paid
CUST014,2023-02-17 18:06:39,2402.41,2023-06-08 15:09:26,2023-04-05 08:28:49,8947.7,Net 90,Outstanding
CUST018,2023-07-03 19:15:45,2773.88,2023-03-10 04:59:11,2023-02-27 16:14:29,2773.88,Net 90,Paid
CUST017,2023-03-26 15:02:18,1818.14,2023-07-30 08:14:44,2023-11-21 02:21:16,5266.37,Net 90,Outstanding
CUST091,2023-06-05 23:32:59,9270.47,2023-05-25 12:44:34,2023-02-13 23:57:44,9270.47,Net 90,Paid
CUST042,2023-11-29 14:09:18,7602.1,2023-04-18 18:53:57,,7314.64,Net 90,Outstanding
CUST051,2023-09-02 12:01:23,2390.41,2023-12-09 04:50:12,2023-03-20 05:13:06,2390.41,Net 30,Paid
CUST053,2023-10-04 13:17:32,8660.39,2023-04-03 00:45:50,,6871.0,Net 90,Outstanding
CUST058,2023-06-10 19:16:14,7109.49,2023-09-11 21:54:21,2023-02-08 09:48:00,7109.49,Net 90,Paid
CUST069,2023-04-13 15:44:53,9811.98,2023-09-09 21:01:47,2023-05-13 20:06:31,4189.41,Net 60,Outstanding
CUST091,2023-04-11 16:33:30,1162.76,2023-04-07 17:17:55,2023-09-25 16:49:39,1162.76,Net 90,Paid
CUST091,2023-04-07 20:07:14,1261.64,2023-04-20 16:04:43,2023-05-28 21:00:20,9448.34,Net 60,Outstanding
CUST084,2023-09-07 05:40:24,6072.85,2023-07-23 14:17:53,2023-09-20 09:08:16,6072.85,Net 90,Paid
CUST057,2023-09-03 16:30:18,6238.05,2023-09-18 07:38:14,,6238.05,Net 90,Paid
CUST048,2023-10-31 22:56:25,5947.39,2023-09-18 20:38:11,2023-07-08 03:27:39,9468.84,Net 30,Outstanding
CUST080,2023-02-19 08:12:52,5171.65,2023-03-18 13:51:43,2023-07-31 17:50:03,5171.65,Net 30,Paid
CUST081,2023-05-14 15:40:45,7157.66,2023-05-03 19:36:29,2023-07-10 06:00:30,8194.03,Net 30,Outstanding
CUST073,2023-05-07 12:03:55,6852.17,2023-02-03 02:07:41,,6852.17,Net 90,Paid
CUST100,2023-04-10 08:45:22,6660.3,2023-04-17 13:14:22,,6660.3,Net 30,Paid
CUST002,2023-05-26 11:48:50,9059.75,2023-09-23 16:14:37,2023-02-12 20:25:19,1792.7,Net 60,Outstanding
CUST045,2023-06-30 03:32:42,6456.36,2023-06-30 04:41:38,2023-07-05 02:07:49,6456.36,Net 60,Paid
CUST031,2023-02-28 16:32:50,503.84,2023-02-14 20:38:41,2023-06-19 15:49:48,6110.54,Net 90,Outstanding
CUST025,2023-07-31 14:31:02,3561.47,2023-01-05 22:54:22,2023-07-10 01:21:02,3561.47,Net 30,Paid
CUST025,2023-02-25 21:51:40,1846.53,2023-08-29 08:04:55,2023-04-24 17:59:33,7073.74,Net 30,Outstanding
CUST023,2023-06-30 13:00:56,2053.15,2023-11-08 16:43:44,2023-02-06 17:00:47,2053.15,Net 90,Paid
CUST017,2023-05-13 04:03:21,721.62,2023-02-22 10:53:28,2023-02-08 20:51:53,8131.37,Net 60,Outstanding
CUST050,2023-07-08 13:18:38,5326.18,2023-10-16 12:42:53,2023-03-09 09:07:39,5852.87,Net 90,Outstanding
CUST062,2023-10-19 15:48:26,5855.64,2023-11-20 07:39:05,2023-09-06 11:19:31,5855.64,Net 30,Paid
CUST058,2023-03-06 01:04:48,3560.97,2023-05-18 22:37:12,2023-11-10 08:47:05,3413.28,Net 90,Outstanding
CUST009,2023-11-07 02:21:53,2913.55,2023-07-05 11:32:12,2023-07-02 13:55:15,2913.55,Net 30,Paid
CUST085,2023-06-01 22:28:08,1626.79,2023-09-09 05:58:28,2023-12-08 01:46:32,1626.79,Net 30,Paid
CUST080,2023-03-04 12:57:35,9967.28,2023-05-02 14:35:02,2023-07-02 04:04:37,6456.48,Net 60,Outstanding
CUST033,2023-01-01 04:20:38,5389.99,2023-10-22 22:57:44,2023-05-04 09:11:48,8039.42,Net 60,Outstanding
CUST008,2023-06-04 00:29:06,2705.54,2023-06-03 19:13:21,2023-04-19 22:18:10,2705.54,Net 30,Paid
CUST061,2023-06-28 03:43:27,6862.02,2023-08-15 17:51:47,2023-01-15 02:23:41,4370.24,Net 90,Outstanding
CUST094,2023-06-18 01:56:56,7744.23,2023-12-19 05:10:41,,6914.42,Net 30,Outstanding
CUST042,2023-12-10 10:19:38,5574.53,2023-12-03 21:16:39,,5574.53,Net 90,Paid
CUST092,2023-06-27 19:18:44,5554.69,2023-05-01 17:50:07,2023-04-30 19:52:49,5554.69,Net 90,Paid
CUST019,2023-06-23 08:56:23,679.03,2023-05-24 14:12:19,2023-03-03 18:14:01,679.03,Net 60,Paid
CUST068,2023-07-30 02:19:23,5774.19,2023-10-30 16:37:31,2023-02-01 17:08:24,7150.32,Net 60,Outstanding
CUST083,2023-07-20 20:01:42,9203.34,2023-10-02 01:09:12,2023-02-06 08:54:38,9203.34,Net 60,Paid
CUST035,2023-08-31 05:27:33,1717.73,2023-08-11 20:21:43,2023-12-28 14:34:06,1106.09,Net 90,Outstanding
CUST059,2023-11-29 03:12:09,3491.91,2023-10-13 21:16:09,2023-04-03 01:20:54,3491.91,Net 90,Paid
CUST062,2023-12-08 01:24:37,7524.42,2023-04-03 19:19:58,2023-10-21 21:01:42,5604.78,Net 30,Outstanding
CUST066,2023-07-20 09:56:17,4475.68,2023-08-30 15:48:09,2023-04-24 23:28:27,3856.28,Net 60,Outstanding
CUST064,2023-04-18 01:32:19,6949.57,2023-12-02 18:28:17,2023-11-30 07:25:59,6949.57,Net 30,Paid
CUST049,2023-05-18 17:22:09,7595.94,2023-10-21 08:20:38,2023-01-14 01:04:56,7595.94,Net 30,Paid
CUST073,2023-02-01 17:38:25,1305.78,2023-05-11 15:52:25,2023-04-16 22:08:58,3934.74,Net 90,Outstanding
CUST003,2023-06-01 09:47:22,1312.88,2023-08-18 15:07:21,2023-02-06 02:50:54,1312.88,Net 60,Paid
CUST086,2023-09-25 13:37:14,3926.56,2023-08-22 21:41:55,2023-09-17 23:52:40,1759.05,Net 90,Outstanding
CUST025,2023-12-23 16:34:12,6507.26,2023-08-09 03:40:05,,1799.1,Net 30,Outstanding
CUST049,2023-07-01 15:05:47,8415.04,2023-06-03 03:36:09,,3165.81,Net 60,Outstanding
CUST049,2023-02-11 02:39:09,9020.25,2023-05-09 07:28:41,2023-12-03 20:59:23,9020.25,Net 30,Paid
CUST045,2023-08-06 04:04:50,1480.98,2023-06-01 00:41:43,2023-07-23 16:21:26,1480.98,Net 90,Paid
CUST093,2023-11-13 12:54:54,3804.35,2023-05-04 14:55:58,,7969.86,Net 90,Outstanding
CUST059,2023-05-02 16:19:54,2638.01,2023-03-22 19:51:49,2023-11-06 06:43:53,2638.01,Net 30,Paid
CUST061,2023-01-23 23:26:39,4475.48,2023-03-28 18:12:21,2023-12-04 01:55:11,6944.67,Net 90,Outstanding
CUST049,2023-05-24 18:03:20,9151.67,2023-12-25 13:52:19,2023-09-21 20:46:42,6475.92,Net 60,Outstanding
CUST007,2023-03-19 00:52:43,9797.53,2023-06-15 04:42:05,2023-05-18 22:35:51,8536.43,Net 60,Outstanding
CUST093,2023-05-29 15:38:15,8489.45,2023-04-18 17:44:16,2023-06-19 22:09:42,5478.45,Net 30,Outstanding
CUST088,2023-08-27 00:34:23,8060.28,2023-08-23 10:18:20,2023-03-22 04:41:44,8060.28,Net 30,Paid
CUST012,2023-12-16 18:18:03,8150.51,2023-10-23 04:52:30,,1263.93,Net 30,Outstanding
CUST064,2023-05-08 11:26:25,1588.55,2023-12-03 11:07:57,2023-01-22 11:30:19,1044.48,Net 30,Outstanding
CUST046,2023-06-27 10:06:42,8218.89,2023-03-10 10:28:33,2023-08-03 11:14:46,8218.89,Net 90,Paid
CUST067,2023-03-09 00:49:29,7194.95,2023-08-01 18:33:28,2023-02-16 01:52:08,1211.51,Net 30,Outstanding
CUST038,2023-08-05 11:12:40,3753.87,2023-02-13 15:57:58,2023-04-18 09:33:35,3753.87,Net 90,Paid
CUST081,2023-12-30 08:58:42,9206.43,2023-04-27 13:55:38,2023-12-21 11:53:49,9206.43,Net 30,Paid
CUST066,2023-06-05 21:12:34,3384.35,2023-06-24 16:47:50,2023-02-19 04:12:51,4287.22,Net 30,Outstanding
CUST033,2023-10-21 08:00:29,9703.34,2023-03-02 11:27:18,2023-07-22 14:33:19,9703.34,Net 60,Paid
CUST009,2023-09-13 03:23:57,8134.99,2023-01-24 23:04:55,,5942.65,Net 60,Outstanding
CUST027,2023-10-31 20:50:28,5026.12,2023-03-27 09:25:44,2023-04-10 20:08:32,4311.07,Net 90,Outstanding
CUST026,2023-07-13 08:56:07,7372.75,2023-11-17 19:12:54,2023-03-21 12:46:58,7372.75,Net 30,Paid
CUST037,2023-02-13 11:19:29,8304.97,2023-08-29 15:01:16,2023-06-26 20:39:00,5438.24,Net 60,Outstanding
CUST003,2023-09-11 01:32:05,6155.07,2023-03-24 14:17:51,2023-06-08 04:45:46,3341.84,Net 30,Outstanding
CUST044,2023-10-22 09:49:12,6114.25,2023-12-30 01:34:50,,6114.25,Net 60,Paid
CUST015,2023-06-30 01:33:51,6795.08,2023-03-05 07:30:37,2023-11-05 04:32:16,6795.08,Net 60,Paid
CUST084,2023-01-20 00:24:12,7120.99,2023-12-27 01:44:31,2023-01-28 16:38:49,9757.93,Net 90,Outstanding
CUST001,2023-07-27 15:04:41,7227.87,2023-10-12 09:55:37,,7227.87,Net 30,Paid
CUST072,2023-05-14 10:36:22,9462.37,2023-03-04 02:21:57,2023-03-02 05:04:53,3614.85,Net 30,Outstanding
CUST086,2023-11-18 09:54:19,6499.95,2023-11-16 12:26:44,2023-11-27 04:07:29,6499.95,Net 30,Paid
CUST032,2023-12-23 23:38:59,1919.33,2023-10-23 13:40:36,2023-06-29 15:59:46,9072.26,Net 90,Outstanding
CUST085,2023-10-10 08:53:29,858.19,2023-01-22 08:29:02,2023-12-06 15:21:03,858.19,Net 60,Paid
CUST008,2023-09-01 09:42:59,9434.63,2023-03-22 09:43:09,2023-01-20 00:27:48,9434.63,Net 30,Paid
CUST003,2023-04-09 00:00:27,3989.2,2023-09-04 23:00:26,2023-06-28 03:12:46,6973.02,Net 60,Outstanding
CUST050,2023-05-08 14:40:03,4510.86,2023-03-02 06:24:44,2023-07-28 15:24:55,4510.86,Net 30,Paid
CUST041,2023-09-25 21:46:20,2146.01,2023-12-22 17:18:55,,2156.98,Net 90,Outstanding
CUST021,2023-04-23 19:05:41,9048.56,2023-01-28 17:52:37,,1774.92,Net 30,Outstanding
CUST069,2023-12-11 12:20:45,6107.04,2023-01-14 15:30:02,2023-10-04 12:18:50,4276.02,Net 60,Outstanding
CUST043,2023-03-02 21:48:08,885.74,2023-12-19 20:56:15,2023-04-03 16:25:43,885.74,Net 90,Paid
CUST095,2023-06-17 04:55:47,8727.48,2023-12-28 22:05:20,2023-12-29 10:17:15,8727.48,Net 90,Paid
CUST021,2023-05-15 07:41:33,9580.98,2023-07-06 23:24:35,2023-04-24 20:23:41,7358.74,Net 30,Outstanding
CUST094,2023-03-28 05:06:29,4418.06,2023-05-06 02:57:53,2023-07-25 04:25:59,4418.06,Net 60,Paid
CUST035,2023-06-19 06:02:12,9325.2,2023-12-20 13:14:14,2023-10-25 20:47:30,5081.15,Net 90,Outstanding
CUST030,2023-11-20 03:21:12,9483.04,2023-07-24 11:50:51,2023-11-01 18:51:36,9483.04,Net 30,Paid
CUST013,2023-07-31 09:57:39,5527.91,2023-11-05 01:11:36,2023-09-13 17:49:37,4096.38,Net 30,Outstanding
CUST055,2023-11-10 17:38:36,6903.11,2023-04-06 14:39:08,2023-12-11 13:02:54,9016.26,Net 90,Outstanding
CUST020,2023-03-13 03:36:03,4301.61,2023-04-18 18:52:21,,4301.61,Net 30,Paid
CUST064,2023-02-11 01:59:42,7335.06,2023-02-09 00:35:16,,7335.06,Net 30,Paid
CUST088,2023-11-13 00:27:32,4235.4,2023-02-17 05:29:16,2023-03-03 23:30:21,4235.4,Net 60,Paid
CUST062,2023-02-01 06:34:09,4270.93,2023-01-10 05:30:13,2023-11-10 11:02:05,1169.22,Net 60,Outstanding
CUST053,2023-06-03 21:14:11,3333.34,2023-03-12 19:58:35,2023-05-31 11:24:48,3333.34,Net 30,Paid
CUST097,2023-12-06 10:51:39,3021.98,2023-04-11 14:51:38,2023-06-16 14:29:15,3021.98,Net 90,Paid
CUST094,2023-11-20 07:07:32,8916.43,2023-10-09 15:12:54,2023-08-07 21:41:08,8916.43,Net 30,Paid
CUST078,2023-04-08 22:57:22,7882.59,2023-06-05 10:50:45,2023-11-18 03:30:24,7882.59,Net 30,Paid
CUST073,2023-01-16 00:09:54,6628.41,2023-03-30 14:15:16,2023-01-01 21:17:06,6628.41,Net 60,Paid
CUST006,2023-12-21 02:45:43,3058.31,2023-08-27 14:58:03,2023-07-03 12:34:51,3058.31,Net 90,Paid
CUST028,2023-09-05 22:30:26,2165.18,2023-04-28 13:02:53,2023-01-30 11:37:56,9703.64,Net 60,Outstanding
CUST001,2023-11-27 08:09:12,1998.49,2023-12-04 22:27:52,,1998.49,Net 60,Paid
CUST012,2023-12-06 18:43:44,2529.46,2023-07-16 05:59:32,2023-08-05 00:33:35,2529.46,Net 30,Paid
CUST098,2023-08-23 06:19:59,6118.19,2023-07-09 14:48:45,,6118.19,Net 90,Paid
CUST002,2023-09-30 07:37:25,3480.84,2023-09-13 09:06:26,2023-09-07 18:39:31,5667.04,Net 60,Outstanding
CUST024,2023-08-17 10:31:55,1405.53,2023-09-07 07:16:22,2023-05-03 06:07:43,1405.53,Net 90,Paid
CUST061,2023-05-09 10:22:29,2687.88,2023-05-31 14:04:10,2023-05-03 16:38:11,2687.88,Net 30,Paid
CUST080,2023-10-10 21:50:34,4674.68,2023-10-19 12:17:19,2023-05-31 06:37:56,4674.68,Net 90,Paid
CUST099,2023-09-26 00:59:05,3381.02,2023-04-30 16:29:48,2023-05-22 18:44:04,3381.02,Net 90,Paid
CUST013,2023-02-28 16:20:29,4468.41,2023-10-29 08:48:02,2023-06-13 11:19:23,6541.34,Net 30,Outstanding
CUST077,2023-07-11 18:11:04,5059.48,2023-07-03 01:49:49,2023-11-09 18:35:26,5059.48,Net 60,Paid
CUST077,2023-12-07 23:51:24,6739.33,2023-05-28 19:46:58,2023-08-12 21:05:16,8243.84,Net 60,Outstanding
CUST047,2023-05-09 03:33:19,2984.78,2023-06-18 04:46:38,2023-02-19 17:29:56,2984.78,Net 60,Paid
CUST084,2023-04-24 10:03:27,918.62,2023-04-19 13:00:14,2023-03-05 22:57:59,918.62,Net 90,Paid
CUST079,2023-08-21 17:10:44,9273.25,2023-02-06 22:48:56,2023-03-20 13:36:14,2255.23,Net 90,Outstanding
CUST014,2023-03-03 21:30:13,8006.49,2023-08-23 20:23:23,2023-11-27 06:01:07,8144.91,Net 90,Outstanding
CUST025,2023-07-13 04:34:09,5144.29,2023-01-09 16:16:03,2023-06-07 08:53:55,5144.29,Net 30,Paid
CUST053,2023-04-20 23:55:22,5333.55,2023-07-13 05:27:09,2023-05-28 12:34:53,5333.55,Net 30,Paid
CUST026,2023-09-29 06:20:13,9891.7,2023-04-20 22:22:57,2023-10-20 19:22:20,9891.7,Net 60,Paid
CUST028,2023-10-30 00:08:36,4159.03,2023-11-12 21:41:47,,4159.03,Net 30,Paid
CUST094,2023-10-11 02:54:47,6569.86,2023-02-03 04:46:21,,9177.86,Net 90,Outstanding
CUST075,2023-07-14 19:18:42,6210.34,2023-01-17 07:44:00,,6210.34,Net 90,Paid
CUST089,2023-12-22 05:27:55,9978.64,2023-07-03 01:20:53,,9458.72,Net 60,Outstanding
CUST054,2023-02-11 18:30:27,4345.58,2023-10-13 00:42:33,2023-05-17 02:27:17,5069.52,Net 60,Outstanding
CUST077,2023-01-07 03:25:50,6571.37,2023-09-04 03:43:36,2023-11-27 11:26:36,2425.29,Net 30,Outstanding
CUST038,2023-03-24 10:47:03,6234.3,2023-06-21 08:31:43,2023-06-03 09:31:44,6234.3,Net 90,Paid
CUST048,2023-07-02 02:09:22,2862.48,2023-03-04 04:31:46,2023-07-24 15:31:07,3694.48,Net 60,Outstanding
CUST006,2023-08-23 06:41:48,1924.88,2023-12-04 14:09:09,2023-08-23 16:51:08,4397.69,Net 90,Outstanding
CUST092,2023-12-17 12:19:16,1425.24,2023-11-26 21:42:14,2023-01-03 10:10:16,1425.24,Net 60,Paid
CUST089,2023-03-19 01:56:20,7194.7,2023-05-30 07:25:37,2023-01-13 02:52:18,2881.9,Net 60,Outstanding
CUST076,2023-11-09 19:59:29,6123.66,2023-12-29 22:52:22,,3582.87,Net 90,Outstanding
CUST001,2023-04-04 01:23:08,1713.03,2023-12-15 13:30:24,2023-01-30 02:48:02,1713.03,Net 30,Paid
CUST022,2023-02-07 15:35:30,7665.8,2023-04-15 13:43:15,2023-06-02 18:48:59,7665.8,Net 90,Paid
CUST087,2023-09-03 09:04:38,4890.36,2023-12-14 17:26:40,2023-09-15 08:45:16,9121.06,Net 30,Outstanding
CUST003,2023-07-12 01:11:53,5520.77,2023-08-20 22:47:58,2023-08-02 00:48:34,5520.77,Net 60,Paid
CUST064,2023-01-14 16:09:48,6125.44,2023-02-21 02:11:24,2023-10-10 16:15:42,3897.64,Net 90,Outstanding
CUST078,2023-11-02 10:14:47,662.82,2023-07-27 18:48:20,2023-11-22 04:57:41,662.82,Net 90,Paid
CUST063,2023-06-03 12:44:47,5243.24,2023-08-16 17:55:18,2023-09-03 16:37:37,2521.57,Net 60,Outstanding
CUST077,2023-02-02 02:44:09,7723.87,2023-01-12 20:57:00,2023-03-05 17:54:25,8787.5,Net 60,Outstanding
CUST031,2023-04-23 13:39:23,7369.84,2023-07-17 21:41:28,2023-10-30 13:10:58,1423.79,Net 90,Outstanding
CUST042,2023-02-09 12:55:06,3886.02,2023-10-04 15:37:08,2023-01-19 02:34:55,862.29,Net 30,Outstanding
CUST026,2023-12-31 01:47:16,6644.99,2023-04-13 13:42:39,2023-08-10 04:37:46,5535.23,Net 30,Outstanding
CUST056,2023-02-25 14:23:07,4995.15,2023-11-01 10:20:38,2023-03-04 03:35:22,4995.15,Net 60,Paid
CUST027,2023-03-26 06:48:26,4843.23,2023-11-10 22:18:00,2023-02-28 06:55:51,4843.23,Net 60,Paid
CUST082,2023-10-20 08:45:55,3475.05,2023-08-28 00:18:05,2023-10-23 09:06:03,3475.05,Net 60,Paid
CUST059,2023-05-23 14:04:49,6987.89,2023-10-21 01:24:09,2023-01-31 17:54:59,6597.23,Net 30,Outstanding
CUST030,2023-05-11 15:06:03,5788.94,2023-07-14 07:14:20,2023-06-06 18:43:33,5788.94,Net 90,Paid
CUST004,2023-11-08 18:10:04,9079.06,2023-04-27 05:43:50,2023-11-05 21:37:52,9079.06,Net 30,Paid
CUST071,2023-11-27 00:35:38,2257.52,2023-10-24 08:39:59,2023-07-30 13:24:43,2257.52,Net 60,Paid
CUST055,2023-08-10 22:03:04,7805.66,2023-06-28 10:27:30,,7805.66,Net 60,Paid
CUST028,2023-02-08 10:17:19,3708.25,2023-04-17 19:34:02,2023-02-03 23:32:35,3708.25,Net 30,Paid
CUST021,2023-02-24 09:10:13,8972.85,2023-08-25 16:28:26,2023-01-25 13:52:09,4599.27,Net 60,Outstanding
CUST049,2023-04-12 22:14:45,9997.67,2023-09-16 18:41:56,2023-03-10 16:04:35,9997.67,Net 30,Paid
CUST096,2023-10-10 09:34:24,7126.28,2023-07-18 19:29:54,2023-12-09 11:21:41,1658.97,Net 90,Outstanding
CUST030,2023-05-03 08:05:48,5619.32,2023-04-08 12:08:25,2023-09-22 12:42:04,3497.68,Net 30,Outstanding
CUST006,2023-07-20 23:59:58,5356.37,2023-04-28 07:00:30,2023-11-15 05:03:23,6669.0,Net 30,Outstanding
CUST049,2023-03-20 02:45:31,2184.1,2023-12-09 20:58:13,2023-07-01 12:24:35,2184.1,Net 90,Paid
CUST088,2023-06-07 23:47:37,2424.03,2023-08-18 22:55:47,2023-07-18 14:52:05,2424.03,Net 90,Paid
CUST083,2023-03-12 18:51:18,8061.74,2023-06-14 19:11:33,2023-09-29 22:39:47,8061.74,Net 90,Paid
CUST036,2023-01-22 04:50:53,9671.26,2023-12-20 14:24:21,2023-03-29 13:38:31,9671.26,Net 90,Paid
CUST095,2023-01-25 00:42:29,1887.42,2023-05-08 00:58:00,,6573.44,Net 60,Outstanding
CUST065,2023-03-13 17:12:54,4608.4,2023-01-19 03:53:26,2023-12-12 13:24:04,4608.4,Net 60,Paid
CUST004,2023-06-27 17:48:55,9111.4,2023-10-10 22:01:58,2023-09-19 08:00:36,4407.03,Net 90,Outstanding
CUST074,2023-08-16 04:16:08,8320.49,2023-08-30 04:09:23,2023-07-10 18:30:46,3775.24,Net 60,Outstanding
CUST004,2023-01-28 12:04:39,840.38,2023-03-12 11:00:57,2023-10-14 02:50:20,840.38,Net 90,Paid
CUST073,2023-06-10 16:36:08,2464.22,2023-06-03 22:42:11,2023-09-08 17:24:08,3933.72,Net 30,Outstanding
CUST076,2023-09-16 15:27:07,1554.07,2023-01-09 09:39:06,2023-05-17 13:22:18,1554.07,Net 30,Paid
CUST094,2023-09-25 03:17:45,7573.93,2023-04-28 21:59:08,2023-01-30 05:56:09,7573.93,Net 30,Paid
CUST057,2023-09-24 04:06:35,8611.03,2023-06-17 14:59:01,2023-12-06 03:31:32,3834.02,Net 60,Outstanding
CUST100,2023-03-11 00:15:44,5965.57,2023-03-01 03:55:36,2023-10-18 19:32:16,5965.57,Net 60,Paid
CUST060,2023-02-28 00:29:50,2791.77,2023-12-07 03:46:49,2023-11-25 21:22:59,6051.42,Net 90,Outstanding
CUST095,2023-12-20 19:21:14,9888.57,2023-08-21 19:06:31,2023-06-01 00:12:14,6793.48,Net 90,Outstanding
CUST096,2023-09-27 20:23:05,3766.49,2023-06-16 14:19:08,2023-10-02 06:04:58,3766.49,Net 30,Paid
CUST064,2023-11-21 18:24:39,7463.41,2023-10-24 05:53:07,,7463.41,Net 30,Paid
CUST004,2023-09-08 21:59:09,8729.25,2023-12-31 07:50:34,2023-02-11 16:47:20,9592.94,Net 30,Outstanding
CUST018,2023-03-26 08:38:31,4425.84,2023-04-24 00:30:31,2023-07-25 07:08:51,4425.84,Net 90,Paid
CUST022,2023-08-27 08:19:20,1756.9,2023-08-12 23:00:07,2023-04-02 22:18:00,1756.9,Net 60,Paid
CUST018,2023-08-07 07:41:38,6195.44,2023-07-17 18:16:11,,5846.93,Net 30,Outstanding
CUST096,2023-11-13 17:44:49,8663.12,2023-10-21 12:46:20,,6800.48,Net 30,Outstanding
CUST068,2023-04-18 02:01:41,8273.74,2023-09-09 04:53:34,2023-04-10 10:24:47,2370.12,Net 90,Outstanding
CUST035,2023-04-17 09:21:50,8463.86,2023-12-14 01:55:16,2023-03-04 19:52:22,8463.86,Net 90,Paid
CUST025,2023-10-30 12:26:04,2583.95,2023-02-24 10:33:21,2023-02-27 20:40:56,2583.95,Net 90,Paid
CUST095,2023-06-21 13:34:04,3484.39,2023-01-27 10:03:06,2023-11-07 13:07:22,3484.39,Net 60,Paid
CUST035,2023-03-13 03:13:32,8434.59,2023-04-30 02:58:32,2023-09-25 04:23:02,9965.85,Net 30,Outstanding
CUST005,2023-02-03 20:42:09,4007.46,2023-09-18 19:35:58,2023-04-26 21:18:54,4007.46,Net 30,Paid
CUST018,2023-10-13 19:18:26,5441.01,2023-09-17 23:35:10,2023-12-29 20:34:49,939.93,Net 30,Outstanding
CUST068,2023-02-05 23:05:13,4714.92,2023-08-16 17:09:50,2023-10-26 08:06:30,4968.38,Net 30,Outstanding
CUST068,2023-01-12 12:07:37,3233.22,2023-05-08 09:14:58,2023-01-10 16:59:21,3233.22,Net 30,Paid
CUST031,2023-02-04 22:36:19,808.88,2023-03-10 08:25:13,2023-07-20 07:42:00,808.88,Net 60,Paid
CUST052,2023-10-25 05:23:34,6477.6,2023-12-16 18:19:07,2023-11-26 05:33:43,9696.75,Net 90,Outstanding
CUST008,2023-02-22 18:27:16,2266.06,2023-05-17 04:49:48,,2266.06,Net 30,Paid
CUST079,2023-12-26 22:51:07,4951.06,2023-11-06 12:18:01,2023-05-06 03:03:22,6645.88,Net 60,Outstanding
CUST015,2023-11-12 14:35:13,5354.0,2023-12-18 04:37:41,2023-03-24 18:49:53,9632.15,Net 90,Outstanding
CUST004,2023-02-18 07:49:24,5544.03,2023-08-30 19:46:24,,5544.03,Net 90,Paid
CUST075,2023-06-06 07:05:28,7115.97,2023-08-31 04:11:26,2023-08-08 05:31:57,7115.97,Net 30,Paid
CUST042,2023-05-31 20:54:53,6282.45,2023-05-16 06:01:00,2023-03-05 18:06:11,898.38,Net 60,Outstanding
CUST057,2023-09-09 19:49:24,5513.81,2023-01-01 10:17:47,2023-07-04 01:54:22,7122.09,Net 60,Outstanding
CUST056,2023-06-27 23:13:12,9134.91,2023-10-09 08:35:53,2023-08-27 19:38:12,9134.91,Net 30,Paid
CUST082,2023-09-30 09:49:53,6947.83,2023-11-03 23:29:42,,9452.65,Net 90,Outstanding
CUST073,2023-05-21 19:54:11,5346.49,2023-11-08 07:26:33,2023-04-22 00:14:51,5346.49,Net 90,Paid
CUST004,2023-05-29 16:37:55,9401.4,2023-09-23 14:08:53,2023-06-09 20:17:19,4652.0,Net 60,Outstanding
CUST091,2023-01-11 15:52:59,9652.3,2023-04-20 12:45:32,2023-09-07 23:58:20,9652.3,Net 90,Paid
CUST002,2023-02-01 11:07:43,2836.68,2023-11-03 09:50:53,2023-03-28 15:05:25,2836.68,Net 60,Paid
CUST075,2023-02-25 09:48:13,3646.65,2023-06-25 18:50:39,2023-12-13 19:03:00,2310.59,Net 60,Outstanding
CUST024,2023-08-11 02:02:22,2497.49,2023-07-26 11:29:14,2023-06-09 12:18:20,7891.77,Net 60,Outstanding
CUST005,2023-10-11 08:20:53,9175.73,2023-09-04 04:52:32,2023-04-02 01:58:24,9175.73,Net 60,Paid
CUST031,2023-09-16 14:55:31,6545.46,2023-08-07 10:45:16,2023-12-29 08:33:36,1041.92,Net 30,Outstanding
CUST040,2023-04-15 21:07:10,6867.11,2023-12-12 15:55:06,2023-09-16 06:56:21,6867.11,Net 30,Paid
CUST062,2023-04-29 09:06:27,6710.85,2023-12-11 21:57:42,,7276.75,Net 60,Outstanding
CUST024,2023-03-07 06:03:15,8138.34,2023-08-23 07:15:21,,1621.72,Net 90,Outstanding
CUST098,2023-12-29 17:28:24,1287.86,2023-10-15 05:18:40,,1287.86,Net 60,Paid
CUST099,2023-07-07 05:25:53,4690.79,2023-10-22 16:22:20,2023-01-28 08:49:10,4690.79,Net 30,Paid
CUST065,2023-09-24 20:01:58,9024.18,2023-09-17 06:58:38,,9024.18,Net 30,Paid
CUST011,2023-12-12 18:50:36,8392.37,2023-12-18 06:02:11,,8392.37,Net 90,Paid
CUST028,2023-02-01 22:12:40,2982.96,2023-02-27 23:22:02,,2982.96,Net 60,Paid
CUST050,2023-10-19 12:06:49,3500.31,2023-04-16 21:24:04,2023-11-26 04:17:09,3500.31,Net 60,Paid
CUST037,2023-11-01 22:49:01,5543.79,2023-03-11 17:27:01,2023-11-22 18:33:15,5933.63,Net 60,Outstanding
CUST059,2023-03-30 23:53:35,4206.77,2023-01-04 21:59:27,2023-12-09 22:23:06,1022.83,Net 60,Outstanding
CUST043,2023-11-25 22:32:06,8983.19,2023-11-28 14:47:31,2023-03-19 18:59:26,3824.83,Net 90,Outstanding
CUST068,2023-01-22 05:13:11,3806.26,2023-11-17 22:55:01,2023-04-22 05:20:43,5979.66,Net 30,Outstanding
CUST094,2023-03-17 14:21:51,4038.02,2023-11-09 11:12:58,2023-05-20 11:33:23,4038.02,Net 30,Paid
CUST008,2023-02-28 08:59:39,4096.89,2023-08-03 03:45:38,2023-04-28 21:47:04,4761.01,Net 60,Outstanding
CUST007,2023-04-04 09:28:08,4453.41,2023-01-20 16:25:39,2023-08-29 21:09:42,9539.24,Net 60,Outstanding
CUST079,2023-05-28 01:50:05,5740.38,2023-12-31 22:22:58,2023-07-05 13:31:57,5740.38,Net 60,Paid
CUST091,2023-03-23 05:37:41,8098.29,2023-09-25 02:35:06,2023-12-29 01:17:41,2178.92,Net 60,Outstanding
CUST037,2023-05-22 10:41:20,3564.92,2023-06-10 07:14:00,2023-07-15 17:15:07,3564.92,Net 60,Paid
CUST035,2023-06-16 16:13:14,2956.46,2023-01-15 16:09:26,2023-09-13 18:13:31,2956.46,Net 60,Paid
CUST009,2023-10-10 09:40:19,2234.31,2023-02-26 09:15:12,,2234.31,Net 30,Paid
CUST068,2023-10-23 17:57:38,4182.17,2023-06-12 22:22:30,,4182.17,Net 60,Paid
CUST046,2023-04-25 09:07:56,2605.54,2023-11-23 11:40:37,2023-09-25 22:34:25,2605.54,Net 30,Paid
CUST045,2023-09-30 19:44:48,938.86,2023-07-05 10:31:24,2023-05-25 15:41:34,1432.72,Net 90,Outstanding
CUST093,2023-09-08 07:49:51,2457.55,2023-01-18 13:55:48,2023-04-23 20:29:28,2002.77,Net 60,Outstanding
CUST078,2023-07-09 13:14:58,8630.42,2023-08-14 19:53:15,2023-07-12 02:23:35,8630.42,Net 60,Paid
CUST091,2023-07-12 00:34:15,1491.68,2023-06-30 17:52:47,2023-08-24 06:36:45,3251.28,Net 60,Outstanding
CUST077,2023-01-25 13:19:23,8131.27,2023-08-02 14:02:58,2023-01-24 12:20:33,7322.68,Net 30,Outstanding
CUST050,2023-09-11 17:52:41,3830.37,2023-01-27 00:22:14,2023-06-08 20:17:22,3830.37,Net 30,Paid
CUST071,2023-01-15 15:28:14,1223.65,2023-08-21 09:15:56,2023-08-06 19:19:26,1223.65,Net 90,Paid
CUST004,2023-12-05 14:27:39,6306.57,2023-07-18 22:57:06,,9767.71,Net 30,Outstanding
CUST041,2023-09-22 07:01:51,855.24,2023-01-23 23:42:33,,855.24,Net 90,Paid
CUST027,2023-01-17 08:53:35,6642.06,2023-10-24 12:59:06,,3902.74,Net 90,Outstanding
CUST074,2023-07-10 14:25:28,5022.1,2023-12-12 22:49:28,2023-09-08 13:02:50,5022.1,Net 90,Paid
CUST021,2023-02-19 10:02:07,516.93,2023-09-10 01:13:13,2023-07-22 15:06:52,2520.29,Net 60,Outstanding
CUST066,2023-11-14 23:16:56,2130.75,2023-07-08 00:21:13,2023-03-07 09:59:17,2130.75,Net 30,Paid
CUST044,2023-07-15 21:20:36,1021.8,2023-11-28 07:37:04,2023-03-25 13:19:12,1021.8,Net 30,Paid
CUST087,2023-11-14 09:48:00,8027.62,2023-01-03 06:52:43,2023-11-15 17:27:07,1684.69,Net 60,Outstanding
CUST061,2023-01-20 18:28:25,4805.78,2023-02-15 08:55:54,,9656.51,Net 30,Outstanding
CUST096,2023-12-28 15:40:15,8524.91,2023-02-03 01:55:21,2023-11-01 20:02:49,8524.91,Net 90,Paid
CUST074,2023-12-11 08:50:30,2771.39,2023-01-01 14:47:42,2023-07-29 22:11:20,1857.46,Net 60,Outstanding
CUST043,2023-07-01 17:47:13,2775.23,2023-06-04 01:22:16,2023-07-16 02:50:52,1280.78,Net 90,Outstanding
CUST063,2023-12-07 12:58:58,800.05,2023-06-08 21:56:54,2023-05-14 13:42:36,5054.56,Net 60,Outstanding
CUST044,2023-02-10 19:52:18,1492.37,2023-10-08 15:26:40,2023-01-31 17:37:01,1492.37,Net 90,Paid
CUST035,2023-07-10 12:32:04,7316.83,2023-05-27 18:07:46,2023-04-05 16:43:49,3225.7,Net 90,Outstanding
CUST036,2023-01-09 04:30:37,1165.67,2023-03-19 19:52:06,2023-02-17 09:36:14,1165.67,Net 90,Paid
CUST032,2023-03-06 16:09:29,8112.11,2023-03-27 15:58:51,2023-07-08 08:30:19,9489.51,Net 60,Outstanding
CUST049,2023-04-25 20:38:40,9014.86,2023-12-08 18:02:25,2023-02-05 07:26:44,654.81,Net 90,Outstanding
CUST008,2023-02-12 14:11:40,5144.06,2023-11-05 13:01:52,,5144.06,Net 30,Paid
CUST072,2023-10-06 22:06:53,929.0,2023-02-06 16:55:22,2023-10-09 17:03:51,1435.71,Net 90,Outstanding
CUST034,2023-10-28 11:46:14,6852.18,2023-10-02 05:30:24,,6852.18,Net 60,Paid
CUST091,2023-11-15 01:12:47,8732.93,2023-05-21 16:30:20,2023-07-11 00:09:48,9203.77,Net 30,Outstanding
CUST056,2023-07-09 09:54:52,3868.08,2023-03-24 04:52:35,2023-11-20 20:19:08,3868.08,Net 30,Paid
CUST027,2023-09-22 16:26:04,8335.77,2023-02-11 21:26:41,2023-01-18 21:07:04,9482.32,Net 90,Outstanding
CUST075,2023-03-21 17:44:50,7249.79,2023-11-26 10:44:11,2023-06-14 07:13:40,7249.79,Net 90,Paid
CUST004,2023-05-25 05:15:27,6247.05,2023-01-04 01:14:42,2023-12-16 19:06:33,5185.23,Net 90,Outstanding
CUST033,2023-02-08 08:09:17,978.29,2023-09-25 17:15:07,2023-09-04 19:01:41,6238.5,Net 90,Outstanding
CUST039,2023-07-01 08:49:12,4887.04,2023-05-22 09:44:23,,6566.94,Net 30,Outstanding
CUST031,2023-04-10 08:45:52,2002.92,2023-09-12 22:10:19,2023-11-10 14:56:27,1754.05,Net 90,Outstanding
CUST059,2023-03-12 18:52:39,7939.65,2023-12-22 05:22:01,2023-08-11 04:40:56,7939.65,Net 60,Paid
CUST030,2023-01-05 22:28:34,8889.84,2023-04-02 15:04:35,2023-11-18 06:02:24,2754.85,Net 90,Outstanding
CUST029,2023-08-18 03:22:11,556.97,2023-04-04 20:13:50,,556.97,Net 30,Paid
CUST057,2023-02-03 01:02:12,6195.18,2023-08-21 08:00:18,2023-10-20 02:04:28,6195.18,Net 60,Paid
CUST065,2023-09-26 05:15:23,9824.49,2023-07-27 06:09:54,,1977.88,Net 90,Outstanding
CUST057,2023-04-30 19:04:03,8752.08,2023-10-06 22:29:30,2023-11-19 14:23:22,9320.98,Net 30,Outstanding
CUST035,2023-08-01 05:07:21,1866.75,2023-04-16 06:58:27,,1866.75,Net 30,Paid
CUST100,2023-07-03 17:15:50,1890.96,2023-04-02 17:30:30,2023-09-13 10:40:25,2704.55,Net 60,Outstanding
CUST069,2023-10-12 16:40:59,3354.99,2023-01-29 17:26:01,,6716.01,Net 60,Outstanding
CUST057,2023-05-28 22:17:36,7988.84,2023-10-20 07:02:08,,6000.8,Net 60,Outstanding
CUST019,2023-02-03 23:58:34,2191.36,2023-06-17 04:47:36,,7620.76,Net 60,Outstanding
CUST047,2023-03-28 19:42:34,2269.35,2023-06-09 10:11:02,2023-12-28 14:22:20,2269.35,Net 90,Paid
CUST052,2023-03-22 06:51:28,4736.71,2023-01-20 04:45:04,,4736.71,Net 60,Paid
CUST008,2023-12-14 08:45:00,5685.73,2023-05-27 04:57:33,,4048.64,Net 60,Outstanding
CUST095,2023-04-08 08:23:28,1424.93,2023-07-14 06:48:28,2023-07-13 10:08:54,8868.95,Net 90,Outstanding
CUST098,2023-07-25 03:35:05,3397.74,2023-01-30 21:25:19,2023-09-24 15:34:51,3397.74,Net 30,Paid
CUST032,2023-10-11 00:52:32,2185.51,2023-11-15 00:53:59,2023-02-19 01:50:21,4243.47,Net 90,Outstanding
CUST058,2023-11-03 13:19:43,1738.25,2023-01-06 09:45:46,2023-12-27 04:56:23,1738.25,Net 60,Paid
CUST093,2023-12-19 08:46:51,3574.79,2023-08-24 19:30:36,,6863.38,Net 90,Outstanding
CUST047,2023-02-09 01:25:40,9957.44,2023-03-31 21:56:54,2023-11-20 09:45:38,7227.67,Net 30,Outstanding
CUST001,2023-06-24 06:42:52,2646.05,2023-03-29 03:07:32,,2646.05,Net 90,Paid
CUST094,2023-10-01 08:41:03,7454.06,2023-05-18 03:43:27,,3128.72,Net 60,Outstanding
CUST039,2023-10-22 11:57:37,9471.36,2023-06-08 06:44:33,2023-01-20 01:30:18,918.53,Net 30,Outstanding
CUST074,2023-03-10 07:07:27,5714.06,2023-08-30 13:23:57,,5714.06,Net 30,Paid
CUST047,2023-07-29 14:21:31,5824.33,2023-04-08 02:34:46,2023-04-17 19:52:16,5824.33,Net 30,Paid
CUST043,2023-03-11 11:54:11,4052.31,2023-05-14 21:41:56,2023-01-13 17:46:23,7216.99,Net 90,Outstanding
CUST081,2023-02-17 22:26:59,5698.88,2023-05-30 21:33:33,2023-03-21 02:42:38,3744.02,Net 30,Outstanding
CUST100,2023-09-02 05:49:38,3781.73,2023-02-20 01:40:57,2023-10-04 18:36:57,3781.73,Net 60,Paid
CUST083,2023-01-14 06:43:22,2096.77,2023-05-31 07:39:37,2023-09-15 14:06:18,5765.08,Net 90,Outstanding
CUST084,2023-10-23 11:48:29,8764.51,2023-08-04 19:58:58,2023-11-20 15:00:52,8764.51,Net 60,Paid
CUST067,2023-09-24 06:59:33,2954.33,2023-03-16 00:45:01,2023-11-23 05:52:52,2954.33,Net 90,Paid
CUST012,2023-09-04 15:40:07,7508.17,2023-04-05 21:21:43,2023-09-04 10:30:17,7508.17,Net 60,Paid
CUST072,2023-12-18 08:15:27,5250.43,2023-08-21 13:30:38,2023-07-28 12:21:16,5250.43,Net 30,Paid
CUST047,2023-08-31 04:35:50,2425.45,2023-04-29 06:24:59,2023-04-12 07:00:52,2425.45,Net 60,Paid
CUST030,2023-10-22 12:25:35,4140.51,2023-12-12 19:10:36,2023-06-05 05:24:10,4140.51,Net 30,Paid
CUST078,2023-10-06 10:15:34,1786.55,2023-11-28 13:07:12,2023-07-01 06:50:08,8244.63,Net 90,Outstanding
CUST026,2023-06-03 06:39:04,3574.79,2023-06-27 17:05:42,2023-11-27 03:59:32,3574.79,Net 30,Paid
CUST092,2023-07-12 05:41:05,9960.28,2023-12-28 06:10:10,2023-05-12 08:08:20,6279.38,Net 90,Outstanding
CUST033,2023-04-26 15:21:10,7954.95,2023-02-20 10:27:26,2023-09-01 19:17:20,7954.95,Net 60,Paid
CUST014,2023-10-12 19:08:04,9946.6,2023-11-01 22:50:15,2023-05-23 14:03:55,9946.6,Net 90,Paid
CUST052,2023-12-14 16:13:47,9965.55,2023-06-08 03:29:10,,9965.55,Net 90,Paid
CUST014,2023-09-25 10:57:05,3582.09,2023-01-09 06:58:41,2023-04-21 06:58:05,4613.15,Net 30,Outstanding
CUST019,2023-11-15 18:19:08,5267.36,2023-01-22 22:25:15,2023-01-27 21:47:02,5267.36,Net 30,Paid
CUST076,2023-05-24 14:23:00,4936.25,2023-04-12 01:15:27,2023-01-12 17:37:36,4183.63,Net 60,Outstanding
CUST027,2023-02-19 16:12:20,8700.81,2023-02-17 19:37:19,2023-04-30 06:56:39,1096.43,Net 60,Outstanding
CUST083,2023-09-16 04:05:20,6492.4,2023-09-30 09:00:54,2023-05-20 20:27:37,6492.4,Net 30,Paid
CUST088,2023-11-29 06:44:16,9833.15,2023-06-14 05:52:24,2023-02-12 06:20:25,5703.03,Net 30,Outstanding
CUST097,2023-03-06 12:12:50,3095.94,2023-12-24 17:06:41,2023-01-11 09:54:12,7477.51,Net 90,Outstanding
CUST070,2023-01-30 06:36:56,5107.46,2023-09-20 21:53:27,2023-10-15 11:38:17,5107.46,Net 30,Paid
CUST035,2023-03-14 20:20:11,1326.94,2023-02-20 16:02:39,,844.42,Net 30,Outstanding
CUST033,2023-03-05 17:35:37,8906.16,2023-06-13 10:48:43,2023-09-07 14:47:48,1491.27,Net 30,Outstanding
CUST066,2023-05-01 14:33:35,2147.64,2023-02-03 19:41:59,,2147.64,Net 60,Paid
CUST030,2023-03-26 04:56:45,6279.0,2023-08-02 14:56:04,2023-05-24 22:48:41,6279.0,Net 30,Paid
CUST045,2023-01-13 00:47:40,1979.38,2023-08-28 03:22:21,2023-11-09 12:43:28,6509.8,Net 90,Outstanding
CUST009,2023-11-03 20:06:47,3432.74,2023-11-13 07:43:06,2023-09-10 06:41:35,2579.66,Net 90,Outstanding
CUST055,2023-02-02 07:04:41,2481.48,2023-01-27 17:08:44,,2481.48,Net 90,Paid
CUST096,2023-02-27 08:34:17,2017.2,2023-02-23 12:11:30,,2017.2,Net 60,Paid
CUST032,2023-01-09 14:41:25,1349.39,2023-04-03 07:06:22,2023-09-28 23:48:16,5790.84,Net 90,Outstanding
CUST078,2023-07-18 18:15:41,8421.95,2023-06-28 04:35:26,2023-04-15 00:06:07,6492.02,Net 60,Outstanding
CUST062,2023-03-04 19:28:14,7866.39,2023-03-10 02:39:53,2023-09-12 14:05:19,7866.39,Net 90,Paid
CUST082,2023-04-07 19:29:09,2659.58,2023-03-15 21:44:24,2023-08-10 11:13:09,2659.58,Net 30,Paid
CUST021,2023-08-25 14:33:08,1971.63,2023-11-19 21:03:32,2023-03-30 10:33:02,1971.63,Net 30,Paid
CUST010,2023-05-09 17:50:40,8695.25,2023-05-28 13:07:29,2023-02-13 09:55:29,8236.33,Net 90,Outstanding
CUST025,2023-09-14 10:27:38,3998.13,2023-07-02 03:52:14,2023-02-21 07:56:09,2569.92,Net 60,Outstanding
CUST020,2023-08-16 21:23:49,5933.42,2023-09-30 17:47:31,2023-05-25 10:12:16,2840.48,Net 30,Outstanding
CUST032,2023-07-23 19:40:03,7218.52,2023-02-22 00:47:42,2023-02-01 08:04:15,5739.24,Net 30,Outstanding
CUST024,2023-07-29 08:43:42,1356.43,2023-06-09 03:53:58,2023-11-24 01:23:40,1356.43,Net 90,Paid
CUST096,2023-11-04 18:33:50,3371.17,2023-11-10 10:38:46,2023-11-17 14:29:25,3371.17,Net 90,Paid
CUST095,2023-07-20 16:08:27,8481.32,2023-12-29 18:50:28,2023-05-13 09:26:39,8481.32,Net 60,Paid
CUST021,2023-03-05 22:36:58,8076.73,2023-06-19 01:48:37,2023-04-02 18:28:57,8076.73,Net 60,Paid
CUST048,2023-06-22 00:53:33,3040.02,2023-09-07 21:27:08,2023-12-28 05:27:56,3040.02,Net 60,Paid
CUST076,2023-11-19 07:01:47,8736.98,2023-02-08 02:03:12,2023-07-25 03:16:54,8736.98,Net 90,Paid
CUST060,2023-11-17 04:45:41,6766.3,2023-06-16 18:12:37,,7993.34,Net 60,Outstanding
CUST018,2023-10-12 15:32:50,6639.62,2023-02-07 10:59:04,2023-11-15 04:18:48,7740.58,Net 30,Outstanding
CUST054,2023-04-21 21:04:58,8487.23,2023-02-18 16:59:40,2023-06-10 16:33:22,9020.97,Net 90,Outstanding
CUST010,2023-07-24 05:15:23,6026.51,2023-04-15 01:22:11,2023-02-15 12:26:30,6026.51,Net 90,Paid
CUST001,2023-08-18 09:18:12,3293.52,2023-11-21 10:44:19,2023-11-25 03:07:24,3293.52,Net 60,Paid
CUST002,2023-06-11 02:36:07,8801.62,2023-08-14 06:13:38,2023-09-29 22:23:22,8801.62,Net 30,Paid
CUST059,2023-10-16 13:09:23,5412.91,2023-11-25 23:06:06,2023-09-10 09:09:10,5412.91,Net 90,Paid
CUST008,2023-06-21 17:38:26,9863.04,2023-05-25 21:14:45,2023-05-25 11:28:52,1204.36,Net 90,Outstanding
CUST032,2023-07-09 02:46:15,6091.0,2023-07-03 18:53:25,2023-08-10 01:11:39,6091.0,Net 90,Paid
CUST019,2023-03-04 13:55:26,7008.96,2023-11-15 16:11:54,2023-06-22 13:17:39,7008.96,Net 90,Paid
CUST036,2023-11-04 16:51:11,8809.14,2023-09-06 23:50:15,2023-04-16 20:43:10,6961.98,Net 30,Outstanding
CUST034,2023-08-13 13:17:19,8991.36,2023-10-10 04:02:56,,8991.36,Net 90,Paid
CUST023,2023-02-26 03:11:31,5923.91,2023-01-09 05:18:32,2023-06-29 05:49:33,5923.91,Net 30,Paid
CUST012,2023-02-15 06:12:17,1637.34,2023-12-30 13:38:25,2023-01-24 11:20:34,3572.95,Net 60,Outstanding
CUST020,2023-12-20 20:45:09,2948.75,2023-11-16 18:46:09,2023-11-14 03:43:27,2948.75,Net 90,Paid
CUST076,2023-04-16 14:44:32,8251.09,2023-08-21 09:46:08,2023-05-31 05:52:46,8188.7,Net 30,Outstanding
CUST081,2023-01-14 14:52:24,7772.26,2023-01-10 05:42:55,2023-04-14 18:33:56,7772.26,Net 30,Paid
CUST023,2023-04-15 09:47:56,6107.04,2023-04-17 18:17:32,2023-10-20 20:22:19,947.58,Net 60,Outstanding
CUST058,2023-04-25 10:30:33,935.94,2023-01-04 14:41:28,,935.94,Net 90,Paid
CUST062,2023-08-21 20:37:40,2395.21,2023-06-10 00:46:41,,2395.21,Net 30,Paid
CUST043,2023-11-19 14:45:24,8569.03,2023-08-20 01:37:31,2023-04-15 08:40:59,9591.86,Net 30,Outstanding
CUST040,2023-11-29 14:16:27,745.98,2023-07-18 04:34:54,2023-12-13 13:10:21,745.98,Net 60,Paid
CUST090,2023-03-03 18:59:59,4203.81,2023-10-01 18:59:56,2023-01-20 07:04:15,4203.81,Net 30,Paid
CUST008,2023-10-02 22:44:29,7669.54,2023-08-26 19:44:07,2023-08-10 15:33:08,7669.54,Net 90,Paid
CUST030,2023-11-16 16:33:21,2945.93,2023-06-12 16:46:54,2023-10-22 11:13:20,3886.94,Net 90,Outstanding
CUST069,2023-05-10 21:45:19,3981.01,2023-07-28 22:09:11,2023-10-28 23:02:07,9384.72,Net 60,Outstanding
CUST078,2023-10-24 11:46:55,507.52,2023-10-02 02:25:33,,507.52,Net 60,Paid
CUST043,2023-11-21 03:33:30,3319.48,2023-10-06 03:15:19,2023-04-06 21:52:14,2581.13,Net 30,Outstanding
CUST038,2023-05-14 22:28:53,5326.83,2023-09-08 13:56:06,2023-09-26 10:18:59,5326.83,Net 90,Paid
CUST098,2023-10-19 13:50:57,7105.81,2023-06-12 04:39:05,2023-05-19 08:02:40,4153.75,Net 30,Outstanding
CUST022,2023-04-29 02:41:06,7194.48,2023-01-11 21:50:44,2023-07-24 12:05:25,8657.07,Net 60,Outstanding
CUST068,2023-04-07 10:53:12,2293.45,2023-12-05 05:19:31,2023-03-03 18:19:13,2293.45,Net 30,Paid
CUST083,2023-02-22 04:10:55,8882.78,2023-05-14 01:41:35,2023-04-25 03:15:00,879.68,Net 30,Outstanding
CUST080,2023-01-29 10:53:59,5430.06,2023-01-10 22:08:28,2023-10-23 23:05:16,5430.06,Net 30,Paid
CUST020,2023-09-13 05:08:23,8997.11,2023-06-17 14:47:25,2023-01-26 06:57:09,8654.74,Net 60,Outstanding
CUST006,2023-07-22 05:46:57,2006.7,2023-03-13 04:03:35,2023-04-24 08:10:54,2006.7,Net 90,Paid
CUST032,2023-03-08 08:21:38,4464.14,2023-10-07 09:04:39,2023-10-31 08:39:23,4464.14,Net 90,Paid
CUST016,2023-09-27 09:32:59,1200.78,2023-04-08 22:55:13,2023-04-01 20:19:09,5262.8,Net 60,Outstanding
CUST080,2023-08-17 11:56:40,7822.85,2023-10-22 20:44:35,,7822.85,Net 30,Paid
CUST005,2023-11-14 16:15:59,7332.6,2023-08-06 04:27:40,2023-05-21 06:03:13,7332.6,Net 90,Paid
CUST028,2023-06-27 06:39:11,2523.36,2023-05-08 16:29:33,2023-10-19 02:45:11,3419.1,Net 90,Outstanding
CUST027,2023-05-22 21:43:18,6983.42,2023-05-18 05:44:49,2023-07-15 10:46:19,6983.42,Net 90,Paid
CUST098,2023-01-13 13:57:55,8431.8,2023-12-24 19:58:32,2023-06-23 10:47:49,8575.5,Net 30,Outstanding
CUST032,2023-01-16 07:46:15,5003.35,2023-01-12 09:47:35,2023-11-29 16:02:46,5003.35,Net 30,Paid
CUST022,2023-06-06 17:30:51,7021.3,2023-03-08 11:10:26,2023-09-18 10:16:01,7021.3,Net 90,Paid
CUST008,2023-07-10 16:33:12,6654.37,2023-05-21 08:06:59,2023-07-11 21:23:25,6654.37,Net 60,Paid
CUST010,2023-05-01 15:52:03,1634.71,2023-08-17 23:06:46,2023-07-13 03:50:32,2312.44,Net 30,Outstanding
CUST015,2023-10-04 16:23:46,2005.69,2023-10-27 10:45:01,2023-09-15 06:22:20,2005.69,Net 90,Paid
CUST097,2023-12-23 09:27:56,5461.86,2023-08-01 03:28:07,2023-12-15 13:47:59,5461.86,Net 60,Paid
CUST039,2023-06-24 23:57:12,8052.18,2023-11-17 04:03:57,2023-09-20 18:37:01,8052.18,Net 90,Paid
CUST066,2023-05-17 13:32:47,7215.81,2023-04-29 14:58:55,2023-12-18 04:28:32,7215.81,Net 60,Paid
CUST010,2023-03-10 20:28:23,6058.24,2023-07-08 17:48:47,,3772.91,Net 30,Outstanding
CUST099,2023-03-30 02:27:29,8158.54,2023-09-03 08:06:35,2023-05-15 07:30:33,9148.98,Net 90,Outstanding
CUST048,2023-11-15 19:07:41,8284.16,2023-09-06 14:34:10,2023-01-06 06:46:46,2218.91,Net 60,Outstanding
CUST087,2023-12-23 23:07:04,9387.93,2023-09-24 16:02:14,2023-10-30 23:30:34,9387.93,Net 30,Paid
CUST019,2023-08-05 04:22:00,9532.5,2023-12-18 01:22:02,2023-04-18 13:28:51,9532.5,Net 60,Paid
CUST079,2023-12-25 20:55:35,2293.64,2023-12-19 03:24:04,,2293.64,Net 30,Paid
CUST070,2023-03-02 12:36:35,6242.4,2023-12-12 06:36:45,2023-11-13 06:57:57,2788.64,Net 90,Outstanding
CUST017,2023-11-23 11:45:15,4034.79,2023-06-29 07:08:29,2023-09-11 03:13:46,4034.79,Net 60,Paid
CUST065,2023-12-02 12:40:31,7961.36,2023-03-21 13:49:25,2023-12-06 18:30:34,7185.5,Net 90,Outstanding
CUST065,2023-04-28 07:06:49,4585.09,2023-12-04 20:26:27,2023-06-11 06:59:57,4585.09,Net 90,Paid
CUST057,2023-03-29 18:18:21,9379.61,2023-03-30 09:18:13,2023-09-15 21:28:04,7616.83,Net 60,Outstanding
CUST092,2023-09-29 13:15:14,532.39,2023-08-10 23:46:45,,532.39,Net 30,Paid
CUST058,2023-10-18 12:06:50,4729.89,2023-12-03 15:35:49,2023-01-20 07:43:44,4729.89,Net 30,Paid
CUST016,2023-09-04 13:02:07,2823.33,2023-08-29 20:43:01,2023-11-06 13:45:22,2823.33,Net 30,Paid
CUST073,2023-02-07 11:31:05,6516.27,2023-06-11 11:50:57,,3661.37,Net 60,Outstanding
CUST026,2023-01-09 04:46:49,1618.52,2023-02-18 06:43:08,2023-07-16 01:37:29,9364.22,Net 30,Outstanding
CUST025,2023-07-19 17:12:54,1312.81,2023-09-03 08:06:30,2023-05-05 12:36:10,1312.81,Net 90,Paid
CUST039,2023-03-09 21:10:55,5734.84,2023-12-15 19:30:07,2023-05-17 21:31:51,1184.11,Net 30,Outstanding
CUST087,2023-03-10 10:36:28,5322.42,2023-01-23 04:11:47,,5322.42,Net 30,Paid
CUST003,2023-02-17 19:33:29,5046.58,2023-07-24 22:08:07,,5046.58,Net 30,Paid
CUST054,2023-08-05 14:12:07,5196.58,2023-07-03 20:21:38,2023-08-16 09:27:12,5196.58,Net 60,Paid
CUST024,2023-10-18 08:52:23,2719.51,2023-08-05 18:32:51,2023-08-20 15:02:13,1420.25,Net 30,Outstanding
CUST083,2023-03-09 14:59:00,2810.32,2023-08-21 15:49:21,2023-04-23 10:24:57,7628.1,Net 30,Outstanding
CUST096,2023-09-17 00:34:24,2723.6,2023-08-29 02:36:03,2023-07-19 17:56:58,7056.9,Net 30,Outstanding
CUST096,2023-12-25 17:30:50,6424.56,2023-01-13 11:59:42,2023-04-10 18:18:02,829.68,Net 90,Outstanding
CUST099,2023-02-08 23:04:35,888.96,2023-02-23 04:23:06,2023-10-22 19:16:32,888.96,Net 60,Paid
CUST049,2023-02-11 13:25:36,9610.74,2023-04-25 14:23:59,2023-08-31 12:50:26,930.16,Net 60,Outstanding
CUST090,2023-08-19 20:15:10,7781.48,2023-01-17 03:07:32,,7781.48,Net 90,Paid
CUST033,2023-01-09 01:59:30,1168.64,2023-04-16 10:47:30,2023-01-26 11:04:21,1168.64,Net 60,Paid
CUST012,2023-03-29 22:28:13,2291.65,2023-09-03 04:26:42,2023-03-07 08:34:49,6009.92,Net 30,Outstanding
CUST053,2023-07-20 22:35:46,5651.17,2023-03-21 16:36:36,2023-01-26 18:16:58,5651.17,Net 90,Paid
CUST023,2023-11-12 20:55:23,9087.57,2023-06-24 15:38:48,2023-03-19 05:52:43,9087.57,Net 30,Paid
CUST061,2023-02-18 03:58:28,6482.48,2023-03-12 19:51:59,2023-03-20 13:26:18,9158.6,Net 30,Outstanding
CUST021,2023-05-09 02:46:23,8415.6,2023-01-11 22:39:37,2023-12-06 01:11:00,8415.6,Net 60,Paid
CUST062,2023-09-27 17:30:44,6295.61,2023-03-20 08:55:44,2023-10-08 00:40:04,6295.61,Net 60,Paid
CUST064,2023-02-03 03:54:45,8125.98,2023-11-25 08:31:07,2023-12-16 03:45:49,3578.7,Net 30,Outstanding
CUST098,2023-09-28 07:21:02,9556.71,2023-10-09 00:33:08,2023-10-25 22:13:25,7233.18,Net 90,Outstanding
CUST077,2023-09-10 09:53:06,1245.53,2023-09-30 12:42:28,2023-08-01 15:23:42,1245.53,Net 60,Paid
CUST008,2023-12-11 09:54:16,6320.04,2023-06-03 14:54:10,2023-06-11 04:53:17,6320.04,Net 60,Paid
CUST082,2023-12-27 08:28:41,6225.06,2023-11-18 19:58:35,2023-12-06 09:53:16,6225.06,Net 90,Paid
CUST073,2023-12-13 06:34:01,8762.45,2023-02-26 03:54:44,2023-08-31 01:16:19,8762.45,Net 60,Paid
CUST092,2023-10-02 03:45:30,2876.88,2023-08-20 02:08:49,2023-01-11 18:05:21,2122.54,Net 60,Outstanding
CUST040,2023-07-05 16:59:40,5773.74,2023-08-26 23:10:15,2023-07-11 17:07:28,5773.74,Net 90,Paid
CUST005,2023-12-09 09:55:14,3991.34,2023-11-07 03:35:01,,3265.96,Net 60,Outstanding
CUST081,2023-11-18 09:03:41,643.29,2023-12-25 05:43:20,2023-08-22 13:09:18,8798.5,Net 30,Outstanding
CUST025,2023-07-22 18:27:56,5457.55,2023-11-05 17:23:13,2023-10-04 04:34:08,2510.62,Net 30,Outstanding
CUST047,2023-02-15 01:06:45,6880.58,2023-08-20 06:35:29,2023-12-31 16:53:11,9228.47,Net 30,Outstanding
CUST064,2023-06-12 11:25:23,4403.98,2023-01-04 01:06:02,2023-01-05 07:49:49,9955.43,Net 30,Outstanding
CUST096,2023-03-09 14:02:37,7765.63,2023-08-30 08:25:25,2023-01-25 17:30:23,7765.63,Net 90,Paid
CUST075,2023-11-26 08:19:49,5085.38,2023-12-27 07:13:41,2023-01-19 23:15:15,5085.38,Net 60,Paid
CUST051,2023-03-10 21:11:18,6105.43,2023-08-28 19:19:07,2023-11-18 22:52:07,1667.4,Net 90,Outstanding
CUST038,2023-05-07 07:45:44,8129.44,2023-11-12 14:45:07,2023-11-14 10:36:53,3630.19,Net 30,Outstanding
CUST049,2023-06-29 21:36:03,7929.85,2023-10-30 20:08:41,2023-01-03 13:16:56,4187.99,Net 60,Outstanding
CUST076,2023-06-12 23:59:02,9519.32,2023-06-06 19:49:37,2023-10-03 14:40:15,9519.32,Net 60,Paid
CUST034,2023-11-20 15:44:45,6003.65,2023-09-26 20:42:56,,6003.65,Net 30,Paid
CUST028,2023-07-20 07:29:43,7351.63,2023-05-21 03:03:18,,9685.59,Net 90,Outstanding
CUST028,2023-02-27 03:22:16,1469.94,2023-10-18 14:51:44,2023-09-20 09:10:32,2870.17,Net 60,Outstanding
CUST069,2023-07-31 16:09:14,3616.3,2023-11-10 22:34:54,2023-04-09 08:09:07,2304.92,Net 30,Outstanding
CUST086,2023-01-30 19:09:14,9083.96,2023-05-18 18:47:55,,9083.96,Net 30,Paid
CUST047,2023-06-09 01:17:57,2047.47,2023-12-16 13:19:46,2023-02-19 18:57:45,2047.47,Net 30,Paid
CUST092,2023-01-31 13:05:17,8223.36,2023-03-02 21:23:19,2023-01-16 09:38:40,8223.36,Net 30,Paid
CUST051,2023-12-20 08:17:23,8380.75,2023-11-29 22:29:42,2023-07-28 08:02:12,8380.75,Net 60,Paid
CUST043,2023-12-19 01:07:31,4280.91,2023-08-23 01:27:03,,1235.5,Net 30,Outstanding
CUST089,2023-08-18 03:14:03,2121.7,2023-04-13 06:28:46,2023-05-29 00:15:12,2121.7,Net 90,Paid
CUST087,2023-06-20 22:18:02,1027.07,2023-06-01 08:24:51,2023-04-19 18:38:15,5506.07,Net 30,Outstanding
CUST092,2023-03-23 21:24:50,5611.55,2023-06-01 14:35:43,2023-05-31 16:42:01,5611.55,Net 60,Paid
CUST042,2023-01-26 05:02:26,4062.01,2023-12-01 14:42:30,2023-12-14 01:48:21,2845.07,Net 90,Outstanding
CUST063,2023-09-26 04:13:34,727.66,2023-06-11 01:04:43,2023-06-18 21:37:14,727.66,Net 30,Paid
CUST089,2023-09-06 12:34:57,5369.48,2023-03-18 06:14:39,2023-06-14 00:57:47,5369.48,Net 30,Paid
CUST060,2023-09-12 06:41:30,2195.1,2023-12-29 07:27:23,2023-04-02 23:43:40,2195.1,Net 30,Paid
CUST063,2023-09-28 18:51:03,5849.16,2023-04-06 10:51:11,2023-11-09 14:46:04,8095.94,Net 60,Outstanding
CUST098,2023-06-05 21:50:49,9614.53,2023-12-24 06:10:01,2023-10-10 19:20:59,9614.53,Net 60,Paid
CUST078,2023-01-16 20:25:38,7727.36,2023-08-16 15:25:14,2023-05-27 19:44:01,7727.36,Net 60,Paid
CUST006,2023-05-17 16:31:59,7252.02,2023-03-01 20:39:57,2023-06-30 19:32:06,7252.02,Net 30,Paid
CUST052,2023-03-25 16:37:51,7415.76,2023-07-07 03:17:38,2023-05-25 07:09:41,7415.76,Net 90,Paid
CUST030,2023-11-14 19:18:05,7715.84,2023-07-25 05:48:46,2023-12-09 14:56:39,7715.84,Net 30,Paid
CUST096,2023-03-06 17:33:34,865.81,2023-02-11 12:10:04,2023-08-19 19:49:19,6975.35,Net 90,Outstanding
CUST037,2023-06-22 22:33:44,5953.58,2023-06-06 01:02:48,,9650.9,Net 30,Outstanding
CUST021,2023-09-30 15:43:29,2827.55,2023-05-03 02:13:55,2023-07-01 05:37:57,2827.55,Net 90,Paid
CUST070,2023-04-22 04:55:41,8967.41,2023-07-26 05:23:50,,8967.41,Net 30,Paid
CUST087,2023-06-09 03:10:53,2266.42,2023-12-10 06:28:39,2023-06-07 02:13:08,2266.42,Net 60,Paid
CUST042,2023-12-27 14:28:36,2060.09,2023-12-06 04:23:56,2023-06-26 04:10:39,5908.24,Net 30,Outstanding
CUST087,2023-08-22 12:49:21,4224.42,2023-05-22 09:39:35,2023-01-05 18:27:35,1491.63,Net 30,Outstanding
CUST072,2023-11-12 13:56:38,1471.15,2023-11-21 20:26:38,2023-03-19 13:21:59,1471.15,Net 60,Paid
CUST043,2023-07-17 14:36:49,7656.76,2023-09-22 09:28:29,2023-05-08 13:14:15,4305.2,Net 60,Outstanding
CUST034,2023-02-26 06:34:07,3300.33,2023-03-03 15:15:36,2023-07-08 00:01:01,3300.33,Net 30,Paid
CUST090,2023-03-15 17:48:39,7790.91,2023-05-25 03:39:18,2023-11-08 10:34:36,2537.75,Net 60,Outstanding
CUST039,2023-01-01 21:29:39,6378.38,2023-04-15 09:42:58,2023-01-09 03:56:09,6378.38,Net 30,Paid
CUST046,2023-09-08 08:05:37,4076.37,2023-05-10 17:01:33,2023-05-15 12:38:19,7569.47,Net 30,Outstanding
CUST083,2023-07-26 04:54:55,5295.56,2023-01-02 02:06:31,,1253.52,Net 60,Outstanding
CUST003,2023-01-25 00:39:21,8331.13,2023-07-31 12:47:06,2023-01-16 05:45:20,8331.13,Net 90,Paid
CUST080,2023-03-29 10:27:29,5562.63,2023-11-21 12:50:52,,8627.8,Net 90,Outstanding
CUST099,2023-07-13 04:08:11,4217.63,2023-09-27 13:28:39,2023-05-11 08:46:03,4217.63,Net 30,Paid
CUST001,2023-12-11 00:02:23,7061.05,2023-01-16 14:27:01,2023-11-01 21:41:26,7061.05,Net 60,Paid
CUST062,2023-07-17 14:12:47,4069.03,2023-04-12 03:26:11,2023-10-14 15:51:33,4069.03,Net 60,Paid
CUST068,2023-01-22 21:08:25,4583.24,2023-03-04 05:10:35,2023-06-10 02:07:10,6920.6,Net 30,Outstanding
CUST041,2023-10-11 12:49:15,9685.67,2023-05-11 18:34:15,2023-11-14 07:07:24,9685.67,Net 30,Paid
CUST071,2023-01-25 05:21:40,4368.04,2023-06-30 00:28:18,2023-05-18 05:30:01,4368.04,Net 30,Paid
CUST005,2023-11-20 09:38:18,634.84,2023-12-11 05:51:32,2023-04-08 07:41:03,7035.07,Net 60,Outstanding
CUST088,2023-01-20 03:21:18,2513.76,2023-01-02 06:40:13,,2513.76,Net 90,Paid
CUST032,2023-12-27 10:03:06,8251.23,2023-05-30 15:29:14,2023-01-29 08:00:59,8771.04,Net 30,Outstanding
CUST083,2023-08-02 07:49:40,4766.43,2023-10-16 16:47:18,2023-02-01 02:45:00,4766.43,Net 90,Paid
CUST008,2023-05-09 07:50:39,5483.68,2023-09-24 22:40:38,2023-02-04 15:58:22,5483.68,Net 60,Paid
CUST051,2023-12-14 03:55:10,9310.04,2023-05-09 06:35:21,2023-01-13 19:38:08,9310.04,Net 30,Paid
CUST034,2023-09-17 16:05:21,3086.34,2023-12-23 21:19:11,2023-11-29 00:38:08,3086.34,Net 90,Paid
CUST012,2023-07-29 17:08:47,2298.87,2023-01-08 00:30:02,2023-12-28 00:41:38,2298.87,Net 60,Paid
CUST058,2023-09-15 02:23:31,8515.47,2023-02-21 23:19:03,,8515.47,Net 60,Paid
CUST065,2023-03-30 11:50:51,8693.93,2023-08-31 21:50:10,2023-05-26 23:20:09,8606.92,Net 30,Outstanding
CUST093,2023-04-14 14:52:42,5794.91,2023-11-10 14:33:15,,5794.91,Net 30,Paid
CUST005,2023-04-08 22:53:45,2967.12,2023-05-15 01:27:47,2023-07-11 21:02:25,9772.05,Net 60,Outstanding
CUST030,2023-08-30 14:47:39,2545.57,2023-06-13 20:30:47,2023-06-15 08:06:41,3500.15,Net 60,Outstanding
CUST038,2023-02-27 10:53:55,2004.49,2023-07-12 14:23:55,2023-05-14 02:43:14,3925.01,Net 30,Outstanding
CUST023,2023-09-02 18:02:29,2678.4,2023-05-31 09:54:41,2023-03-07 05:39:27,2678.4,Net 60,Paid
CUST095,2023-04-08 10:46:09,2691.09,2023-02-13 16:22:05,,3746.7,Net 60,Outstanding
CUST085,2023-07-16 14:47:57,4598.53,2023-08-02 10:09:45,2023-02-13 18:36:12,4598.53,Net 60,Paid
CUST074,2023-01-22 19:05:15,3070.2,2023-11-23 09:20:00,,1397.61,Net 90,Outstanding
CUST048,2023-06-08 00:37:58,6608.84,2023-09-22 20:51:27,2023-10-10 09:58:48,7090.62,Net 90,Outstanding
CUST007,2023-10-12 09:32:32,4943.73,2023-11-26 00:32:11,2023-03-16 15:10:15,4943.73,Net 90,Paid
CUST060,2023-03-11 23:20:08,5314.09,2023-07-01 18:54:14,2023-04-06 18:16:21,9916.7,Net 30,Outstanding
CUST094,2023-10-05 19:14:32,2831.93,2023-03-13 18:05:14,2023-07-18 04:46:40,2831.93,Net 30,Paid
CUST069,2023-08-31 11:27:36,7590.8,2023-07-26 05:43:46,,9899.74,Net 30,Outstanding
CUST086,2023-11-26 23:00:05,3927.84,2023-02-18 18:57:52,,3927.84,Net 60,Paid
CUST015,2023-06-20 12:19:52,6045.12,2023-06-18 23:13:44,,5292.05,Net 90,Outstanding
CUST096,2023-04-20 18:38:31,8574.37,2023-11-15 12:44:42,2023-04-10 13:16:16,8574.37,Net 90,Paid
CUST060,2023-07-06 09:02:26,1720.37,2023-04-19 15:44:50,2023-11-08 08:02:18,5940.04,Net 90,Outstanding
CUST094,2023-04-19 00:50:30,5581.99,2023-07-09 13:16:09,2023-07-24 17:51:08,5581.99,Net 90,Paid
CUST018,2023-02-28 04:25:29,1530.48,2023-05-14 04:41:46,2023-04-29 23:46:37,2957.57,Net 30,Outstanding
CUST068,2023-08-19 19:05:33,1510.01,2023-05-09 10:56:29,2023-12-10 07:30:05,1510.01,Net 90,Paid
CUST070,2023-08-06 12:41:40,4751.28,2023-12-09 05:20:25,2023-02-21 16:57:14,4751.28,Net 90,Paid
CUST050,2023-08-11 18:19:11,2134.79,2023-06-19 08:00:43,2023-07-01 07:33:41,2134.79,Net 30,Paid
CUST095,2023-06-05 01:56:50,5489.04,2023-07-08 07:22:51,,7283.07,Net 90,Outstanding
CUST099,2023-08-20 11:27:07,5846.31,2023-08-27 00:24:05,2023-08-23 10:47:35,5846.31,Net 90,Paid
CUST002,2023-11-13 10:07:56,9153.56,2023-11-20 12:14:12,2023-04-18 20:32:26,3017.59,Net 60,Outstanding
CUST016,2023-07-14 11:38:34,1962.45,2023-01-16 22:32:15,2023-12-21 08:11:53,1962.45,Net 60,Paid
CUST098,2023-06-30 18:06:15,3414.97,2023-09-26 11:02:54,2023-01-24 05:14:20,3414.97,Net 60,Paid
CUST083,2023-10-11 14:45:47,798.38,2023-08-23 06:44:20,2023-08-28 20:55:47,798.38,Net 30,Paid
CUST061,2023-03-24 16:21:11,3580.33,2023-12-06 00:46:42,2023-12-04 07:56:02,3580.33,Net 30,Paid
CUST099,2023-05-04 19:40:16,6337.0,2023-12-20 01:22:29,,564.95,Net 30,Outstanding
CUST092,2023-01-14 04:01:24,5197.96,2023-06-26 04:40:42,2023-09-18 16:43:49,4091.21,Net 30,Outstanding
CUST066,2023-10-11 03:42:31,939.81,2023-08-01 08:12:11,2023-02-19 13:38:37,9593.73,Net 30,Outstanding
CUST004,2023-07-16 11:45:05,7911.4,2023-02-28 19:10:40,2023-05-13 03:35:11,2358.79,Net 90,Outstanding
CUST090,2023-07-25 19:26:44,8073.62,2023-10-01 20:45:29,2023-03-10 08:11:15,8873.31,Net 90,Outstanding
CUST068,2023-05-19 13:21:15,6882.5,2023-09-17 21:01:28,,927.22,Net 90,Outstanding
CUST059,2023-05-16 23:06:10,8796.99,2023-03-08 16:40:19,,8796.99,Net 90,Paid
CUST078,2023-04-13 00:47:49,3929.12,2023-09-12 04:14:37,2023-12-07 04:58:12,6163.52,Net 90,Outstanding
CUST080,2023-05-02 19:15:01,3547.14,2023-04-22 00:48:40,2023-07-07 20:12:27,3321.48,Net 90,Outstanding
CUST065,2023-07-12 07:48:47,2853.61,2023-08-17 14:10:01,,5668.82,Net 30,Outstanding
CUST066,2023-06-06 13:19:03,876.87,2023-03-24 09:37:51,2023-03-12 09:50:31,8858.79,Net 60,Outstanding
CUST006,2023-06-15 22:22:02,3023.36,2023-07-03 05:15:45,2023-04-27 03:05:35,3023.36,Net 90,Paid
CUST010,2023-09-25 07:05:28,4146.8,2023-04-02 14:30:22,,7775.51,Net 30,Outstanding
CUST007,2023-05-05 23:08:24,5043.43,2023-05-20 11:09:10,,5043.43,Net 60,Paid
CUST043,2023-01-29 12:34:37,3844.09,2023-04-01 01:24:00,,3844.09,Net 90,Paid
CUST091,2023-01-07 22:44:13,7911.35,2023-02-03 06:07:13,2023-07-26 05:57:16,8583.87,Net 60,Outstanding
CUST090,2023-12-14 18:07:47,5434.42,2023-06-03 07:29:32,2023-01-14 23:01:24,4841.22,Net 30,Outstanding
CUST052,2023-04-14 18:12:09,9409.13,2023-07-19 20:04:40,,9409.13,Net 30,Paid
CUST010,2023-09-12 10:09:45,9472.69,2023-06-03 06:59:07,2023-03-26 00:13:57,9472.69,Net 60,Paid
CUST023,2023-09-12 01:17:19,6525.37,2023-08-08 23:58:00,,6525.37,Net 60,Paid
CUST008,2023-08-24 08:59:43,2981.61,2023-03-19 07:13:17,2023-12-06 05:14:09,2981.61,Net 90,Paid
CUST067,2023-01-24 05:27:18,3007.86,2023-10-06 17:32:31,2023-08-19 14:35:33,3596.04,Net 90,Outstanding
CUST036,2023-08-30 22:30:56,1764.96,2023-03-09 09:57:33,2023-06-06 10:56:34,8232.32,Net 90,Outstanding
CUST007,2023-03-03 09:32:10,2467.76,2023-09-27 01:15:09,2023-07-28 19:04:04,2467.76,Net 60,Paid
CUST087,2023-10-15 01:52:16,2560.87,2023-10-18 06:36:29,2023-03-31 20:31:00,9607.36,Net 90,Outstanding
CUST003,2023-10-05 12:41:52,9057.59,2023-09-02 09:56:15,2023-02-26 08:39:15,1954.25,Net 30,Outstanding
CUST084,2023-12-22 23:04:13,3577.35,2023-04-27 09:50:27,,9763.32,Net 30,Outstanding
CUST081,2023-02-11 10:56:12,3453.23,2023-01-17 23:39:39,,9312.31,Net 30,Outstanding
CUST036,2023-09-02 00:01:53,1875.11,2023-08-26 19:41:30,2023-11-06 05:26:58,8669.51,Net 30,Outstanding
CUST050,2023-08-18 20:54:57,6046.54,2023-12-06 20:19:46,,6046.54,Net 60,Paid
CUST018,2023-09-08 22:38:07,3364.78,2023-09-30 01:43:13,2023-04-10 07:38:36,8739.14,Net 90,Outstanding
CUST073,2023-08-31 21:49:17,2106.84,2023-11-03 22:30:30,2023-06-06 15:32:25,6674.38,Net 60,Outstanding
CUST068,2023-09-12 10:50:01,3627.53,2023-10-14 02:49:05,2023-02-25 18:47:17,8096.49,Net 30,Outstanding
CUST017,2023-07-07 22:14:09,8869.05,2023-01-20 08:40:31,2023-06-12 18:11:00,8869.05,Net 60,Paid
CUST073,2023-06-30 01:07:04,1245.33,2023-12-13 16:15:03,2023-07-29 02:01:12,8521.62,Net 60,Outstanding
CUST065,2023-07-29 11:25:01,7973.51,2023-02-12 10:08:40,2023-12-15 20:19:00,7973.51,Net 60,Paid
CUST053,2023-01-17 16:12:33,3878.34,2023-11-08 07:06:29,2023-01-21 14:15:12,3878.34,Net 30,Paid
CUST022,2023-03-25 15:50:35,6462.95,2023-06-25 22:46:16,2023-04-17 09:13:36,6462.95,Net 60,Paid
CUST040,2023-08-10 05:45:55,2221.27,2023-03-18 11:15:34,2023-04-19 23:02:32,5766.56,Net 30,Outstanding
CUST076,2023-08-30 02:37:49,5758.48,2023-12-02 17:53:15,2023-06-11 01:06:03,5166.59,Net 30,Outstanding
CUST016,2023-03-08 05:47:50,5143.66,2023-07-06 06:13:10,2023-07-31 18:47:19,5143.66,Net 60,Paid
CUST055,2023-02-05 21:49:08,6599.04,2023-11-04 10:44:31,2023-06-06 20:24:41,9410.18,Net 60,Outstanding
CUST088,2023-06-09 03:36:14,6829.36,2023-06-06 03:51:23,2023-09-01 16:45:24,8419.73,Net 30,Outstanding
CUST031,2023-08-09 23:55:09,9091.1,2023-09-15 05:15:30,2023-07-02 16:45:21,6541.52,Net 60,Outstanding
CUST061,2023-08-06 01:48:25,1730.02,2023-05-01 03:36:58,2023-07-18 22:07:36,2035.66,Net 90,Outstanding
CUST054,2023-07-18 23:01:24,3916.51,2023-06-01 22:18:40,2023-08-30 11:12:29,9362.15,Net 60,Outstanding
CUST046,2023-10-04 23:23:57,863.77,2023-05-08 04:03:48,2023-01-28 03:03:54,863.77,Net 90,Paid
CUST050,2023-03-11 13:50:18,8253.83,2023-01-24 22:04:48,2023-03-16 07:07:03,8253.83,Net 60,Paid
CUST091,2023-09-22 12:41:04,6831.13,2023-09-08 14:48:36,,6831.13,Net 90,Paid
CUST058,2023-08-08 08:13:04,6576.59,2023-04-13 08:18:59,,6576.59,Net 90,Paid
CUST082,2023-10-16 12:18:42,8918.8,2023-07-06 21:45:14,2023-08-20 07:57:28,3794.6,Net 60,Outstanding
CUST088,2023-08-25 03:36:20,3961.92,2023-08-14 13:35:27,2023-07-08 02:51:45,3961.92,Net 60,Paid
CUST057,2023-03-06 17:59:13,8132.32,2023-09-21 01:19:23,2023-05-26 05:36:18,8132.32,Net 30,Paid
CUST009,2023-08-11 09:22:29,5923.08,2023-11-09 01:10:18,,6526.14,Net 60,Outstanding
CUST002,2023-10-28 01:07:25,7101.6,2023-06-25 05:21:54,,7101.6,Net 60,Paid
CUST068,2023-04-20 01:17:26,5363.19,2023-11-13 10:46:27,2023-03-28 04:41:28,5363.19,Net 90,Paid
CUST058,2023-10-22 14:46:34,7845.18,2023-06-22 21:57:41,2023-11-24 23:51:40,7845.18,Net 60,Paid
CUST077,2023-08-04 00:49:58,9534.74,2023-09-17 10:36:23,2023-03-16 19:42:02,9534.74,Net 90,Paid
CUST029,2023-08-30 22:20:17,3651.42,2023-04-14 02:57:12,2023-12-16 13:14:33,8754.22,Net 60,Outstanding
CUST096,2023-12-22 07:49:17,1145.78,2023-02-10 18:58:55,2023-03-19 08:59:32,1145.78,Net 60,Paid
CUST024,2023-09-21 05:25:10,6979.43,2023-06-28 23:46:00,2023-06-06 13:08:37,6979.43,Net 30,Paid
CUST027,2023-09-08 11:47:10,6885.09,2023-07-10 23:58:15,2023-10-07 13:30:35,5382.49,Net 60,Outstanding
CUST034,2023-12-22 23:40:59,2319.49,2023-09-21 19:40:23,2023-09-09 19:18:44,6635.14,Net 90,Outstanding
CUST068,2023-09-28 11:05:06,5779.29,2023-09-05 18:09:41,2023-03-06 16:06:15,8141.92,Net 30,Outstanding
CUST027,2023-11-25 12:16:46,8888.53,2023-03-07 13:41:58,,3480.62,Net 90,Outstanding
CUST044,2023-06-11 20:26:14,4476.33,2023-02-15 01:45:43,,4476.33,Net 60,Paid
CUST029,2023-06-07 04:46:59,509.0,2023-07-20 18:47:47,,1567.23,Net 30,Outstanding
CUST003,2023-06-22 08:02:52,5149.65,2023-10-18 16:22:53,,5149.65,Net 60,Paid
CUST034,2023-11-09 05:27:28,1493.0,2023-05-15 18:40:21,2023-10-15 00:30:09,2261.82,Net 60,Outstanding
CUST028,2023-06-26 15:26:54,3362.76,2023-07-08 04:25:29,,3362.76,Net 90,Paid
CUST009,2023-08-11 18:44:24,9710.68,2023-01-22 03:06:04,2023-04-14 22:10:36,9710.68,Net 90,Paid
CUST038,2023-08-31 21:25:19,4799.13,2023-09-19 04:28:04,,4799.13,Net 90,Paid
CUST011,2023-12-09 21:29:40,4299.76,2023-06-04 00:59:22,2023-11-01 03:24:43,2058.87,Net 60,Outstanding
CUST009,2023-01-17 06:58:59,2683.33,2023-10-31 00:06:42,2023-08-22 00:04:02,2683.33,Net 60,Paid
CUST042,2023-04-07 01:53:51,6624.28,2023-01-19 16:27:00,2023-08-04 01:22:45,6624.28,Net 30,Paid
CUST095,2023-09-03 18:13:52,2238.02,2023-11-19 00:46:18,2023-12-02 14:03:14,2238.02,Net 60,Paid
CUST001,2023-02-25 21:18:57,3275.53,2023-04-12 15:35:52,2023-03-19 22:03:51,3002.72,Net 30,Outstanding
CUST054,2023-09-22 20:27:38,9005.36,2023-06-13 07:54:56,2023-02-15 18:17:06,9005.36,Net 60,Paid
CUST099,2023-09-22 11:36:05,7495.12,2023-01-19 12:50:34,,1513.71,Net 30,Outstanding
CUST056,2023-02-23 16:10:47,2262.01,2023-11-11 14:39:24,,2262.01,Net 90,Paid
CUST094,2023-11-12 21:48:09,6053.68,2023-08-12 18:34:17,2023-07-19 07:34:38,6053.68,Net 90,Paid
CUST081,2023-01-11 06:38:51,987.45,2023-01-23 02:19:48,2023-07-12 06:52:33,987.45,Net 90,Paid
CUST065,2023-09-26 17:13:32,4601.61,2023-05-11 03:28:10,,1795.64,Net 30,Outstanding
CUST035,2023-07-23 17:06:10,8682.36,2023-01-28 01:25:19,2023-12-18 22:22:56,8682.36,Net 90,Paid
CUST098,2023-05-06 00:53:58,5243.99,2023-09-16 17:35:16,2023-10-29 19:22:47,4971.96,Net 30,Outstanding
CUST076,2023-07-01 16:38:56,3898.07,2023-11-08 06:47:59,2023-02-15 06:49:57,6402.01,Net 30,Outstanding
CUST070,2023-04-07 15:22:03,6191.47,2023-03-18 08:02:59,2023-11-14 05:05:00,6191.47,Net 60,Paid
CUST056,2023-02-06 11:36:24,5739.64,2023-01-30 12:55:29,2023-11-09 06:05:24,6107.67,Net 90,Outstanding
CUST052,2023-11-08 20:57:59,1517.66,2023-10-23 10:15:46,2023-10-12 22:22:56,1517.66,Net 90,Paid
CUST061,2023-10-03 06:48:12,5881.77,2023-11-13 06:49:54,2023-04-02 22:16:23,9919.21,Net 90,Outstanding
CUST081,2023-04-30 08:02:51,5310.45,2023-07-15 01:29:10,2023-04-29 04:36:59,5310.45,Net 90,Paid
CUST068,2023-05-29 09:16:55,5358.27,2023-01-14 15:07:12,,6311.83,Net 60,Outstanding
CUST036,2023-02-13 01:56:37,6948.6,2023-12-13 07:58:46,2023-03-23 09:15:42,8260.41,Net 60,Outstanding
CUST037,2023-02-24 04:44:15,4543.73,2023-07-11 03:08:42,2023-01-31 12:39:56,2149.02,Net 60,Outstanding
CUST010,2023-09-05 19:16:01,2234.87,2023-05-30 22:07:09,,4302.12,Net 60,Outstanding
CUST071,2023-03-01 11:26:52,8190.49,2023-09-19 12:14:36,2023-01-23 07:50:20,8190.49,Net 90,Paid
CUST057,2023-08-14 05:36:11,5033.45,2023-12-11 15:26:41,2023-07-01 22:06:59,1584.99,Net 30,Outstanding
CUST011,2023-08-12 10:08:51,8841.74,2023-11-26 20:02:04,,890.18,Net 90,Outstanding
CUST022,2023-06-28 11:41:55,2490.87,2023-07-06 12:17:02,2023-04-21 07:50:13,3334.91,Net 60,Outstanding
CUST024,2023-12-21 12:17:37,5172.84,2023-02-08 03:59:13,,6380.59,Net 60,Outstanding
CUST059,2023-02-13 04:50:20,3102.65,2023-04-19 07:32:02,2023-12-15 01:31:43,5579.02,Net 30,Outstanding
CUST084,2023-10-29 18:54:15,5476.33,2023-06-14 03:28:38,,5476.33,Net 60,Paid
CUST044,2023-11-15 23:05:08,3639.09,2023-09-21 06:02:19,2023-12-26 10:35:47,8273.27,Net 60,Outstanding
CUST017,2023-04-21 20:44:59,3659.7,2023-01-12 22:52:39,2023-05-28 20:00:53,3659.7,Net 30,Paid
CUST086,2023-07-14 18:29:35,3731.96,2023-03-07 13:54:15,2023-01-04 22:53:21,3731.96,Net 30,Paid
CUST070,2023-07-28 03:54:28,8487.57,2023-06-15 12:43:36,,7333.44,Net 60,Outstanding
CUST056,2023-11-16 12:32:33,9754.35,2023-03-25 04:51:01,2023-03-28 22:10:13,9754.35,Net 30,Paid
CUST034,2023-02-27 05:32:30,9079.51,2023-06-02 19:49:46,2023-03-09 04:30:50,6956.34,Net 60,Outstanding
CUST049,2023-05-15 03:59:02,7065.27,2023-10-23 21:35:47,2023-01-08 14:26:25,7065.27,Net 60,Paid
CUST038,2023-09-18 08:15:42,7235.56,2023-04-28 17:13:48,2023-01-20 13:11:19,7235.56,Net 60,Paid
CUST018,2023-01-16 09:25:32,7639.81,2023-10-04 00:13:22,2023-12-15 22:10:30,7423.29,Net 90,Outstanding
CUST051,2023-04-11 00:42:04,4585.89,2023-04-05 19:08:51,,8093.86,Net 30,Outstanding
CUST020,2023-10-24 18:37:29,9727.12,2023-08-29 06:29:48,,5894.59,Net 60,Outstanding
CUST005,2023-10-21 01:53:07,799.1,2023-12-24 14:26:35,2023-09-23 16:25:10,8558.24,Net 90,Outstanding
CUST042,2023-10-29 06:17:13,7572.52,2023-02-23 20:17:53,2023-02-24 09:43:52,3028.41,Net 60,Outstanding
CUST082,2023-10-23 23:55:42,5242.46,2023-01-04 16:40:34,2023-10-04 01:48:20,3204.93,Net 60,Outstanding
CUST020,2023-07-23 02:59:24,1721.16,2023-02-03 08:25:25,2023-10-21 08:56:06,1721.16,Net 90,Paid
CUST019,2023-11-09 05:01:39,5733.6,2023-01-05 10:44:07,2023-02-12 22:02:03,5733.6,Net 90,Paid
CUST083,2023-11-08 06:14:13,2831.79,2023-07-14 03:34:36,2023-08-02 23:39:57,5819.77,Net 60,Outstanding
CUST045,2023-04-10 06:56:23,4000.27,2023-07-10 17:25:16,2023-04-18 15:26:00,5291.21,Net 30,Outstanding
CUST070,2023-05-30 19:07:33,6345.28,2023-05-04 19:13:21,2023-11-15 08:23:46,529.76,Net 30,Outstanding
CUST088,2023-02-05 23:56:49,5136.56,2023-07-07 01:44:43,2023-08-10 02:51:52,5136.56,Net 60,Paid
CUST091,2023-03-06 04:26:05,4736.32,2023-09-23 04:52:43,2023-08-30 04:26:25,4736.32,Net 60,Paid
CUST017,2023-07-13 03:38:31,774.5,2023-05-07 18:08:50,,5496.03,Net 90,Outstanding
CUST036,2023-07-15 23:58:34,9168.98,2023-07-30 03:05:12,2023-11-10 02:11:14,1957.49,Net 60,Outstanding
CUST090,2023-04-28 15:48:54,6600.36,2023-10-20 07:29:36,2023-12-23 14:59:10,6600.36,Net 30,Paid
CUST060,2023-06-05 03:17:03,9721.4,2023-05-24 18:05:26,,9621.66,Net 30,Outstanding
CUST029,2023-02-23 15:07:10,2657.55,2023-03-17 19:40:15,,1972.92,Net 30,Outstanding
CUST090,2023-06-12 20:26:04,2836.04,2023-01-28 10:30:12,2023-02-24 04:42:59,2836.04,Net 60,Paid
CUST072,2023-03-28 00:16:21,8539.41,2023-10-28 06:39:08,,6159.5,Net 90,Outstanding
CUST036,2023-07-08 04:12:26,6290.22,2023-11-11 23:27:10,,5643.98,Net 60,Outstanding
CUST007,2023-09-30 01:02:31,8016.36,2023-10-24 05:17:00,2023-06-12 13:21:57,8016.36,Net 90,Paid
CUST061,2023-04-10 16:15:13,3092.26,2023-05-09 16:01:02,,6799.04,Net 60,Outstanding
CUST090,2023-07-18 04:10:55,4464.1,2023-03-26 02:18:05,2023-07-17 19:30:48,4464.1,Net 60,Paid
CUST038,2023-02-10 09:14:57,7154.07,2023-11-15 12:01:02,2023-06-24 07:01:06,7154.07,Net 30,Paid
CUST006,2023-02-28 15:40:00,593.52,2023-11-07 22:49:24,2023-02-24 06:54:57,593.52,Net 30,Paid
CUST081,2023-08-10 19:36:39,4720.73,2023-05-11 11:43:41,2023-09-24 13:50:36,8160.95,Net 90,Outstanding
CUST027,2023-04-13 02:28:57,1488.12,2023-10-29 20:00:25,2023-11-28 19:43:38,5577.33,Net 90,Outstanding
CUST041,2023-08-20 10:54:08,4755.25,2023-05-12 20:13:19,2023-02-27 22:13:39,4755.25,Net 60,Paid
CUST053,2023-08-29 10:49:05,7581.26,2023-10-27 21:20:44,2023-09-09 09:13:29,6549.58,Net 60,Outstanding
CUST007,2023-08-31 18:24:14,7157.65,2023-07-18 03:27:22,2023-11-20 01:58:45,7157.65,Net 60,Paid
CUST036,2023-10-10 08:14:10,4065.55,2023-12-06 22:09:07,,4065.55,Net 90,Paid
CUST042,2023-04-01 16:16:05,7765.54,2023-01-23 19:16:25,2023-03-06 18:53:14,2379.7,Net 60,Outstanding
CUST080,2023-08-22 19:27:02,3719.17,2023-11-19 04:16:53,2023-09-11 08:09:04,3719.17,Net 60,Paid
CUST088,2023-05-08 16:15:58,9204.59,2023-02-27 18:04:29,2023-08-14 08:45:07,2601.46,Net 30,Outstanding
CUST082,2023-03-16 19:12:12,8034.17,2023-05-09 21:45:54,,8034.17,Net 30,Paid
CUST033,2023-09-28 14:50:50,2647.55,2023-05-26 10:00:58,2023-09-12 00:07:12,2647.55,Net 90,Paid
CUST072,2023-05-12 14:33:08,8984.52,2023-01-24 20:26:04,2023-08-15 18:46:24,8984.52,Net 60,Paid
CUST023,2023-07-16 07:00:20,7914.59,2023-03-03 09:47:57,2023-07-08 08:21:49,7914.59,Net 90,Paid
CUST030,2023-09-14 13:43:02,2816.58,2023-03-04 16:22:51,2023-09-08 19:40:42,5312.13,Net 30,Outstanding
CUST097,2023-03-01 23:10:01,5185.69,2023-12-25 04:43:29,2023-06-08 02:18:05,6957.66,Net 90,Outstanding
CUST042,2023-08-04 22:43:53,9204.35,2023-02-04 02:17:16,,9204.35,Net 60,Paid
CUST018,2023-01-16 23:09:26,7710.65,2023-01-01 05:52:53,,7710.65,Net 60,Paid
CUST042,2023-03-17 19:01:46,6016.31,2023-03-21 00:46:10,2023-04-24 04:30:40,6016.31,Net 60,Paid
CUST049,2023-05-15 03:05:34,8367.99,2023-08-13 00:17:13,,8367.99,Net 90,Paid
CUST032,2023-12-08 00:22:40,7583.72,2023-01-18 17:03:21,2023-10-16 17:28:52,1541.2,Net 30,Outstanding
CUST053,2023-02-09 20:22:07,4207.67,2023-08-23 20:34:16,2023-06-26 16:34:30,1326.86,Net 90,Outstanding
CUST050,2023-04-03 19:50:10,9562.68,2023-08-28 23:17:10,2023-06-03 00:37:04,9562.68,Net 60,Paid
CUST028,2023-06-15 00:02:18,6625.81,2023-05-24 05:04:42,2023-12-01 09:04:43,896.21,Net 60,Outstanding
CUST086,2023-07-24 09:32:50,3184.0,2023-05-22 19:21:09,2023-12-28 02:33:57,2495.1,Net 30,Outstanding
CUST012,2023-04-30 23:05:51,1242.43,2023-04-05 07:19:52,2023-06-06 20:28:33,1242.43,Net 30,Paid
CUST043,2023-06-01 21:21:21,1386.47,2023-04-30 18:42:03,2023-10-05 01:30:43,5215.53,Net 30,Outstanding
CUST094,2023-10-22 09:13:25,4088.39,2023-05-31 17:22:00,2023-05-10 22:36:35,4088.39,Net 30,Paid
CUST070,2023-01-17 18:10:23,6440.95,2023-01-21 07:19:35,,9705.96,Net 90,Outstanding
CUST021,2023-07-21 15:58:38,3227.08,2023-09-23 16:56:53,2023-04-07 17:48:25,3227.08,Net 30,Paid
CUST093,2023-10-23 09:53:59,6701.87,2023-09-08 10:04:45,2023-10-24 18:40:25,7333.61,Net 30,Outstanding
CUST053,2023-06-17 04:43:59,7455.6,2023-03-16 02:20:16,,979.76,Net 90,Outstanding
CUST088,2023-12-01 06:35:14,8438.25,2023-06-21 00:27:00,2023-06-06 09:09:52,8855.54,Net 30,Outstanding
CUST038,2023-10-03 20:44:34,3565.51,2023-10-05 17:05:42,2023-06-13 15:32:39,3565.51,Net 30,Paid
CUST046,2023-09-05 12:10:08,6079.63,2023-08-01 15:48:06,2023-08-23 21:38:47,734.89,Net 30,Outstanding
CUST048,2023-06-28 09:14:36,6307.75,2023-02-19 21:03:21,,8629.81,Net 30,Outstanding
CUST097,2023-02-09 04:31:32,4707.53,2023-07-12 17:24:41,2023-08-15 13:46:27,2757.66,Net 90,Outstanding
CUST004,2023-10-19 15:37:36,5732.69,2023-03-18 12:50:38,2023-03-12 00:35:15,5732.69,Net 90,Paid
CUST088,2023-09-03 14:21:33,755.88,2023-11-28 02:52:56,2023-07-07 09:26:06,3315.07,Net 60,Outstanding
CUST071,2023-01-03 17:55:28,1619.5,2023-09-15 14:43:54,2023-12-06 21:15:05,6700.01,Net 30,Outstanding
CUST086,2023-02-20 17:54:45,7504.63,2023-06-29 10:58:35,,799.35,Net 60,Outstanding
CUST061,2023-02-20 17:57:44,9607.39,2023-07-07 18:04:04,2023-10-27 08:44:21,5575.49,Net 60,Outstanding
CUST046,2023-09-23 20:28:27,3379.84,2023-02-28 13:47:59,2023-10-30 16:24:40,3379.84,Net 60,Paid
CUST036,2023-10-07 09:33:52,2861.34,2023-10-13 05:36:04,2023-06-20 07:25:38,2861.34,Net 60,Paid
CUST069,2023-08-11 16:40:27,5957.7,2023-09-16 16:03:24,2023-06-21 16:49:41,3198.53,Net 60,Outstanding
CUST022,2023-08-08 15:05:01,7180.41,2023-02-24 18:14:53,2023-07-18 16:14:52,7180.41,Net 60,Paid
CUST021,2023-10-04 22:06:48,3286.55,2023-10-28 03:17:34,2023-03-27 02:03:21,3286.55,Net 60,Paid
CUST022,2023-11-15 18:32:35,5317.61,2023-11-15 01:53:04,2023-02-25 01:37:59,5317.61,Net 30,Paid
CUST011,2023-12-18 06:33:58,3311.44,2023-01-19 11:00:52,,7355.88,Net 60,Outstanding
CUST048,2023-06-17 13:04:22,5052.34,2023-12-11 08:50:29,2023-06-16 01:12:05,6213.08,Net 30,Outstanding
CUST087,2023-08-07 06:21:48,1425.17,2023-05-20 04:03:31,2023-12-27 21:12:08,4671.53,Net 60,Outstanding
CUST019,2023-03-07 05:45:33,9107.57,2023-08-05 13:15:19,2023-02-11 20:16:56,2957.45,Net 90,Outstanding
CUST048,2023-01-11 15:04:57,7996.46,2023-09-28 19:37:41,,7996.46,Net 60,Paid
