ItemID,ItemName,Category,QuantityOnHand,ReorderLevel,ReorderQuantity,UnitPrice,SupplierID,LastOrderDate,LastReceivedDate,ExpirationDate,Location
ITEM00818,Item L,Widgets,157,48,224,71.56,SUP006,2038-08-29,2038-09-06,2040-07-29,L7
ITEM00511,Item Q,Parts,236,52,55,45.56,SUP040,2032-10-10,2032-10-15,2034-09-14,Q0
ITEM00001,Item A,Components,460,16,176,99.06,SUP023,2023-01-01,2023-01-09,2024-11-13,A0
ITEM00840,Item H,Parts,443,95,91,82.77,SUP055,2039-01-30,2039-02-06,2041-01-24,H9
ITEM00457,Item O,Materials,159,86,117,53.89,SUP070,2031-09-28,2031-10-03,2032-12-05,O6
ITEM00448,Item F,Widgets,372,44,69,78.43,SUP079,2031-07-27,2031-08-05,2033-04-11,F7
ITEM00068,Item P,Gadgets,427,45,147,72.34,SUP038,2024-04-14,2024-04-17,2025-09-05,P7
ITEM00550,Item D,Gadgets,187,23,146,45.46,SUP057,2033-07-10,2033-07-13,2034-09-19,D9
ITEM00635,Item K,Widgets,332,48,274,59.43,SUP091,2035-02-25,2035-03-01,2036-10-14,K4
ITEM00612,Item N,Widgets,227,61,207,77.3,SUP048,2034-09-17,2034-09-18,2036-01-25,N1
ITEM00296,Item J,Materials,287,45,82,81.0,SUP044,2028-08-27,2028-08-29,2029-08-31,J5
ITEM00045,Item S,Gadgets,309,72,283,58.74,SUP053,2023-11-05,2023-11-12,2025-08-24,S4
ITEM00548,Item B,Gadgets,452,42,197,18.23,SUP074,2033-06-26,2033-07-05,2035-02-08,B7
ITEM00519,Item Y,Materials,414,91,267,21.24,SUP017,2032-12-05,2032-12-11,2034-05-06,Y8
ITEM00863,Item E,Parts,208,46,190,43.47,SUP098,2039-07-10,2039-07-17,2040-12-01,E2
ITEM00623,Item Y,Components,98,80,271,87.5,SUP094,2034-12-03,2034-12-11,2036-02-22,Y2
ITEM00301,Item O,Materials,268,30,115,25.33,SUP087,2028-10-01,2028-10-09,2030-06-18,O0
ITEM00449,Item G,Widgets,423,96,150,13.31,SUP094,2031-08-03,2031-08-12,2033-07-08,G8
ITEM00179,Item W,Materials,495,89,52,18.99,SUP044,2026-05-31,2026-06-08,2028-03-20,W8
ITEM00479,Item K,Materials,409,39,142,63.17,SUP007,2032-02-29,2032-03-07,2033-12-25,K8
ITEM00896,Item L,Materials,236,92,96,14.13,SUP036,2040-02-26,2040-03-02,2041-10-29,L5
ITEM00853,Item U,Components,445,79,188,15.91,SUP028,2039-05-01,2039-05-07,2041-04-24,U2
ITEM00004,Item D,Materials,496,89,209,9.89,SUP073,2023-01-22,2023-01-29,2024-02-25,D3
ITEM00724,Item V,Components,77,17,299,69.97,SUP016,2036-11-09,2036-11-12,2038-01-21,V3
ITEM00469,Item A,Widgets,183,21,125,68.04,SUP003,2031-12-21,2031-12-23,2033-07-21,A8
ITEM00766,Item L,Components,324,31,233,74.57,SUP010,2037-08-30,2037-09-06,2039-06-08,L5
ITEM00427,Item K,Widgets,407,11,135,13.08,SUP023,2031-03-02,2031-03-08,2032-12-17,K6
ITEM00730,Item B,Widgets,13,34,201,12.31,SUP047,2036-12-21,2036-12-28,2038-11-26,B9
ITEM00562,Item P,Widgets,11,77,282,54.66,SUP034,2033-10-02,2033-10-09,2034-11-12,P1
ITEM00802,Item V,Parts,58,88,171,21.52,SUP036,2038-05-09,2038-05-13,2039-07-20,V1
ITEM00319,Item G,Gadgets,307,58,53,99.25,SUP047,2029-02-04,2029-02-10,2030-10-31,G8
ITEM00962,Item Z,Gadgets,154,63,145,23.85,SUP016,2041-06-02,2041-06-11,2042-07-22,Z1
ITEM00096,Item R,Parts,148,11,292,38.35,SUP098,2024-10-27,2024-11-05,2026-06-28,R5
ITEM00535,Item O,Parts,446,44,286,46.34,SUP060,2033-03-27,2033-03-29,2034-05-12,O4
ITEM00247,Item M,Components,128,74,260,18.85,SUP019,2027-09-19,2027-09-26,2028-12-08,M6
ITEM00097,Item S,Materials,118,79,112,93.7,SUP036,2024-11-03,2024-11-08,2026-11-02,S6
ITEM00094,Item P,Parts,361,98,148,94.36,SUP087,2024-10-13,2024-10-17,2025-11-27,P3
ITEM00951,Item O,Components,242,14,158,95.4,SUP059,2041-03-17,2041-03-21,2042-09-13,O0
ITEM00266,Item F,Widgets,154,18,289,46.44,SUP091,2028-01-30,2028-02-04,2029-12-26,F5
ITEM00207,Item Y,Materials,112,10,168,24.68,SUP007,2026-12-13,2026-12-16,2027-12-30,Y6
ITEM00866,Item H,Materials,60,30,188,73.89,SUP079,2039-07-31,2039-08-02,2041-03-16,H5
ITEM00559,Item M,Widgets,319,22,156,63.12,SUP071,2033-09-11,2033-09-16,2035-04-11,M8
ITEM00294,Item H,Components,27,24,140,80.67,SUP084,2028-08-13,2028-08-18,2029-10-04,H3
ITEM00003,Item C,Parts,356,93,259,99.47,SUP060,2023-01-15,2023-01-23,2024-02-07,C2
ITEM00536,Item P,Materials,293,75,133,10.12,SUP058,2033-04-03,2033-04-08,2034-07-13,P5
ITEM00314,Item B,Widgets,64,25,296,4.23,SUP059,2028-12-31,2029-01-08,2030-02-03,B3
ITEM00944,Item H,Parts,86,73,131,3.47,SUP073,2041-01-27,2041-01-29,2042-10-09,H3
ITEM00500,Item F,Widgets,96,76,285,78.7,SUP059,2032-07-25,2032-07-30,2033-10-02,F9
ITEM00265,Item E,Components,4,55,267,22.69,SUP058,2028-01-23,2028-02-01,2029-03-30,E4
ITEM00249,Item O,Components,209,80,221,56.53,SUP050,2027-10-03,2027-10-04,2029-04-09,O8
ITEM00061,Item I,Gadgets,391,59,135,46.85,SUP098,2024-02-25,2024-02-29,2025-04-26,I0
ITEM00668,Item R,Widgets,318,18,180,27.88,SUP097,2035-10-14,2035-10-20,2036-12-04,R7
ITEM00630,Item F,Components,29,88,288,42.52,SUP053,2035-01-21,2035-01-29,2037-01-06,F9
ITEM00287,Item A,Components,378,79,199,76.59,SUP042,2028-06-25,2028-07-02,2030-04-25,A6
ITEM00447,Item E,Parts,478,90,97,2.59,SUP074,2031-07-20,2031-07-28,2032-08-04,E6
ITEM00796,Item P,Gadgets,134,38,174,55.26,SUP087,2038-03-28,2038-03-29,2039-08-30,P5
ITEM00285,Item Y,Widgets,153,57,225,78.35,SUP065,2028-06-11,2028-06-12,2029-10-12,Y4
ITEM00849,Item Q,Widgets,380,62,176,98.35,SUP024,2039-04-03,2039-04-08,2040-08-14,Q8
ITEM00571,Item Y,Gadgets,72,40,100,74.54,SUP063,2033-12-04,2033-12-11,2035-02-19,Y0
ITEM00375,Item K,Widgets,498,64,132,59.45,SUP020,2030-03-03,2030-03-08,2031-09-24,K4
ITEM00492,Item X,Materials,34,45,141,36.23,SUP009,2032-05-30,2032-06-06,2034-01-10,X1
ITEM00529,Item I,Materials,142,16,290,59.94,SUP043,2033-02-13,2033-02-17,2035-01-22,I8
ITEM00882,Item X,Materials,181,67,77,31.1,SUP039,2039-11-20,2039-11-29,2040-12-17,X1
ITEM00160,Item D,Parts,349,29,121,4.11,SUP077,2026-01-18,2026-01-19,2027-04-01,D9
ITEM00862,Item D,Gadgets,492,35,276,78.59,SUP015,2039-07-03,2039-07-07,2041-03-12,D1
ITEM00157,Item A,Components,288,60,213,83.99,SUP090,2025-12-28,2026-01-05,2027-09-29,A6
ITEM00348,Item J,Widgets,148,30,236,89.0,SUP069,2029-08-26,2029-08-30,2030-10-24,J7
ITEM00238,Item D,Components,364,92,276,30.89,SUP057,2027-07-18,2027-07-21,2029-04-30,D7
ITEM00564,Item R,Components,333,88,137,22.83,SUP072,2033-10-16,2033-10-20,2034-12-25,R3
ITEM00782,Item B,Widgets,192,30,94,37.58,SUP014,2037-12-20,2037-12-28,2039-12-18,B1
ITEM00088,Item J,Widgets,370,78,288,82.84,SUP004,2024-09-01,2024-09-10,2026-04-08,J7
ITEM00505,Item K,Parts,29,77,232,60.51,SUP048,2032-08-29,2032-09-07,2034-06-06,K4
ITEM00723,Item U,Gadgets,206,14,209,94.57,SUP015,2036-11-02,2036-11-10,2038-10-11,U2
ITEM00307,Item U,Widgets,401,77,216,99.02,SUP066,2028-11-12,2028-11-14,2030-04-13,U6
ITEM00125,Item U,Widgets,18,52,75,1.29,SUP091,2025-05-18,2025-05-20,2026-12-14,U4
ITEM00005,Item E,Materials,324,13,297,1.23,SUP032,2023-01-29,2023-02-06,2024-07-27,E4
ITEM00209,Item A,Components,403,40,178,65.44,SUP068,2026-12-27,2027-01-04,2028-02-07,A8
ITEM00797,Item Q,Materials,367,94,192,52.59,SUP093,2038-04-04,2038-04-13,2039-06-04,Q6
ITEM00373,Item I,Gadgets,291,45,225,55.12,SUP083,2030-02-17,2030-02-21,2031-06-05,I2
ITEM00517,Item W,Gadgets,377,51,61,19.79,SUP027,2032-11-21,2032-11-27,2034-10-19,W6
ITEM00833,Item A,Gadgets,440,55,158,43.68,SUP065,2038-12-12,2038-12-18,2040-04-17,A2
ITEM00654,Item D,Materials,402,35,100,1.79,SUP048,2035-07-08,2035-07-15,2037-07-13,D3
ITEM00918,Item H,Widgets,338,13,157,86.24,SUP100,2040-07-29,2040-08-03,2042-01-29,H7
ITEM00821,Item O,Widgets,288,67,194,19.35,SUP053,2038-09-19,2038-09-21,2040-01-17,O0
ITEM00082,Item D,Widgets,285,51,228,58.74,SUP093,2024-07-21,2024-07-23,2025-07-23,D1
ITEM00459,Item Q,Gadgets,483,56,258,43.53,SUP058,2031-10-12,2031-10-18,2033-06-14,Q8
ITEM00245,Item K,Parts,494,94,227,76.32,SUP043,2027-09-05,2027-09-12,2029-01-03,K4
ITEM00981,Item S,Parts,451,19,263,77.82,SUP100,2041-10-13,2041-10-16,2042-10-28,S0
ITEM00600,Item B,Materials,241,30,210,37.85,SUP033,2034-06-25,2034-07-04,2036-01-23,B9
ITEM00148,Item R,Parts,458,29,100,5.26,SUP031,2025-10-26,2025-10-29,2027-05-07,R7
ITEM00656,Item F,Widgets,37,43,250,44.89,SUP019,2035-07-22,2035-07-31,2036-09-09,F5
ITEM00968,Item F,Materials,90,93,236,50.66,SUP012,2041-07-14,2041-07-21,2043-03-28,F7
ITEM00823,Item Q,Gadgets,175,81,273,86.29,SUP058,2038-10-03,2038-10-12,2039-10-25,Q2
ITEM00346,Item H,Gadgets,36,22,268,76.55,SUP024,2029-08-12,2029-08-14,2031-08-05,H5
ITEM00764,Item J,Materials,484,87,225,48.45,SUP094,2037-08-16,2037-08-20,2038-12-27,J3
ITEM00525,Item E,Materials,478,87,242,63.44,SUP052,2033-01-16,2033-01-19,2034-12-10,E4
ITEM00769,Item O,Materials,17,94,114,98.19,SUP036,2037-09-20,2037-09-27,2039-03-28,O8
ITEM00631,Item G,Materials,137,30,205,50.51,SUP045,2035-01-28,2035-02-03,2036-06-01,G0
ITEM00583,Item K,Widgets,313,92,126,67.4,SUP045,2034-02-26,2034-02-27,2035-10-08,K2
ITEM00458,Item P,Parts,152,40,84,54.53,SUP045,2031-10-05,2031-10-10,2033-04-08,P7
ITEM00390,Item Z,Gadgets,17,19,168,76.15,SUP092,2030-06-16,2030-06-19,2031-07-06,Z9
ITEM00690,Item N,Parts,304,96,72,86.43,SUP043,2036-03-16,2036-03-19,2037-12-16,N9
ITEM00748,Item T,Parts,455,22,195,87.54,SUP097,2037-04-26,2037-05-03,2038-07-19,T7
ITEM00915,Item E,Components,274,42,196,47.46,SUP022,2040-07-08,2040-07-15,2042-04-23,E4
ITEM00154,Item X,Widgets,87,68,201,69.12,SUP055,2025-12-07,2025-12-15,2027-10-08,X3
ITEM00770,Item P,Widgets,12,53,80,45.6,SUP084,2037-09-27,2037-10-04,2039-06-28,P9
ITEM00476,Item H,Materials,4,14,196,93.59,SUP093,2032-02-08,2032-02-14,2033-10-17,H5
ITEM00875,Item Q,Widgets,174,26,201,90.41,SUP082,2039-10-02,2039-10-06,2041-06-01,Q4
ITEM00120,Item P,Gadgets,477,85,174,86.72,SUP001,2025-04-13,2025-04-14,2026-09-28,P9
ITEM00686,Item J,Widgets,92,58,98,39.1,SUP031,2036-02-17,2036-02-24,2037-08-22,J5
ITEM00644,Item T,Parts,226,54,78,92.48,SUP059,2035-04-29,2035-05-06,2036-08-29,T3
ITEM00861,Item C,Widgets,271,33,174,85.95,SUP016,2039-06-26,2039-06-28,2040-07-04,C0
ITEM00960,Item X,Widgets,77,79,162,70.56,SUP083,2041-05-19,2041-05-26,2042-08-22,X9
ITEM00019,Item S,Widgets,462,22,106,28.75,SUP028,2023-05-07,2023-05-14,2025-04-20,S8
ITEM00595,Item W,Components,177,88,294,36.13,SUP093,2034-05-21,2034-05-27,2035-08-08,W4
ITEM00582,Item J,Materials,226,32,188,55.14,SUP017,2034-02-19,2034-02-21,2035-08-19,J1
ITEM00568,Item V,Materials,52,21,66,22.25,SUP066,2033-11-13,2033-11-14,2035-05-01,V7
ITEM00165,Item I,Parts,323,59,225,72.76,SUP064,2026-02-22,2026-03-01,2028-01-06,I4
ITEM00170,Item N,Components,328,52,109,46.04,SUP086,2026-03-29,2026-04-04,2028-02-17,N9
ITEM00470,Item B,Components,471,17,231,62.88,SUP086,2031-12-28,2031-12-31,2033-05-04,B9
ITEM00721,Item S,Parts,356,67,124,57.97,SUP072,2036-10-19,2036-10-27,2038-03-09,S0
ITEM00428,Item L,Materials,282,69,218,13.39,SUP048,2031-03-09,2031-03-10,2032-11-13,L7
ITEM00185,Item C,Gadgets,78,38,210,64.54,SUP079,2026-07-12,2026-07-15,2027-12-14,C4
ITEM00124,Item T,Parts,19,17,77,77.31,SUP017,2025-05-11,2025-05-17,2026-10-17,T3
ITEM00487,Item S,Widgets,382,42,206,93.56,SUP006,2032-04-25,2032-05-03,2034-03-06,S6
ITEM00268,Item H,Widgets,29,94,205,18.43,SUP092,2028-02-13,2028-02-22,2029-07-27,H7
ITEM00674,Item X,Components,40,38,218,35.54,SUP039,2035-11-25,2035-12-04,2037-05-06,X3
ITEM00327,Item O,Parts,296,48,276,3.72,SUP039,2029-04-01,2029-04-02,2030-12-13,O6
ITEM00959,Item W,Parts,417,66,130,59.81,SUP041,2041-05-12,2041-05-20,2043-03-11,W8
ITEM00687,Item K,Materials,353,88,176,49.45,SUP028,2036-02-24,2036-03-01,2037-07-09,K6
ITEM00510,Item P,Widgets,245,31,215,2.14,SUP089,2032-10-03,2032-10-05,2034-01-20,P9
ITEM00081,Item C,Materials,177,96,161,89.68,SUP005,2024-07-14,2024-07-20,2026-01-25,C0
ITEM00815,Item I,Gadgets,271,32,78,76.07,SUP025,2038-08-08,2038-08-17,2040-07-09,I4
ITEM00829,Item W,Gadgets,195,73,282,14.23,SUP037,2038-11-14,2038-11-21,2040-07-15,W8
ITEM00726,Item X,Widgets,12,19,167,93.38,SUP016,2036-11-23,2036-12-02,2038-10-31,X5
ITEM00900,Item P,Parts,166,39,295,42.07,SUP001,2040-03-25,2040-03-28,2041-07-25,P9
ITEM00587,Item O,Components,259,43,50,82.02,SUP091,2034-03-26,2034-04-01,2035-06-10,O6
ITEM00735,Item G,Widgets,17,76,214,77.87,SUP021,2037-01-25,2037-01-28,2038-11-24,G4
ITEM00985,Item W,Parts,262,98,187,40.2,SUP062,2041-11-10,2041-11-18,2043-02-15,W4
ITEM00996,Item H,Gadgets,348,77,233,8.41,SUP004,2042-01-26,2042-01-28,2043-06-03,H5
ITEM00193,Item K,Components,182,52,225,83.15,SUP037,2026-09-06,2026-09-12,2028-03-15,K2
ITEM00930,Item T,Materials,392,70,265,64.78,SUP066,2040-10-21,2040-10-29,2042-08-11,T9
ITEM00910,Item Z,Gadgets,64,72,299,86.97,SUP058,2040-06-03,2040-06-07,2042-04-15,Z9
ITEM00696,Item T,Gadgets,181,53,231,42.01,SUP082,2036-04-27,2036-04-28,2038-04-25,T5
ITEM00736,Item H,Gadgets,360,58,56,61.52,SUP066,2037-02-01,2037-02-07,2038-09-06,H5
ITEM00239,Item E,Materials,280,84,238,76.35,SUP062,2027-07-25,2027-08-03,2028-12-05,E8
ITEM00178,Item V,Widgets,92,61,158,37.41,SUP095,2026-05-24,2026-05-27,2027-08-23,V7
ITEM00909,Item Y,Widgets,395,27,95,57.38,SUP080,2040-05-27,2040-05-31,2042-01-05,Y8
ITEM00335,Item W,Components,310,51,253,43.71,SUP004,2029-05-27,2029-06-02,2031-05-01,W4
ITEM00755,Item A,Parts,60,19,175,41.05,SUP064,2037-06-14,2037-06-19,2038-08-23,A4
ITEM00054,Item B,Materials,63,33,110,72.26,SUP069,2024-01-07,2024-01-10,2025-06-05,B3
ITEM00308,Item V,Components,410,61,247,95.53,SUP019,2028-11-19,2028-11-26,2030-10-29,V7
ITEM00122,Item R,Components,144,14,217,11.99,SUP096,2025-04-27,2025-05-04,2026-08-20,R1
ITEM00671,Item U,Parts,186,11,89,90.45,SUP027,2035-11-04,2035-11-08,2037-07-29,U0
ITEM00793,Item M,Components,29,22,99,5.82,SUP092,2038-03-07,2038-03-13,2039-03-31,M2
ITEM00586,Item N,Materials,241,92,94,65.75,SUP023,2034-03-19,2034-03-23,2035-04-01,N5
ITEM00480,Item L,Materials,397,30,199,25.5,SUP013,2032-03-07,2032-03-14,2033-10-06,L9
ITEM00224,Item P,Components,119,98,296,64.64,SUP051,2027-04-11,2027-04-20,2028-07-07,P3
ITEM00749,Item U,Widgets,74,62,269,21.14,SUP071,2037-05-03,2037-05-07,2038-12-08,U8
ITEM00014,Item N,Gadgets,287,84,203,88.56,SUP053,2023-04-02,2023-04-06,2024-06-08,N3
ITEM00894,Item J,Components,273,58,103,70.91,SUP004,2040-02-12,2040-02-19,2041-07-12,J3
ITEM00023,Item W,Components,267,64,131,55.36,SUP100,2023-06-04,2023-06-09,2024-08-23,W2
ITEM00451,Item I,Parts,402,17,221,61.98,SUP068,2031-08-17,2031-08-26,2033-02-24,I0
ITEM00414,Item X,Components,268,41,282,94.97,SUP092,2030-12-01,2030-12-09,2032-02-02,X3
ITEM00681,Item E,Materials,262,43,256,2.31,SUP082,2036-01-13,2036-01-21,2037-06-22,E0
ITEM00349,Item K,Gadgets,467,95,140,54.91,SUP018,2029-09-02,2029-09-08,2030-12-10,K8
ITEM00143,Item M,Components,55,29,172,6.17,SUP087,2025-09-21,2025-09-30,2027-04-06,M2
ITEM00830,Item X,Widgets,337,98,98,44.94,SUP020,2038-11-21,2038-11-28,2039-12-31,X9
ITEM00028,Item B,Gadgets,405,41,214,10.99,SUP011,2023-07-09,2023-07-16,2024-10-25,B7
ITEM00957,Item U,Materials,461,10,222,74.32,SUP084,2041-04-28,2041-05-06,2042-10-13,U6
ITEM00324,Item L,Widgets,29,84,192,90.32,SUP019,2029-03-11,2029-03-14,2031-03-02,L3
ITEM00938,Item B,Widgets,377,28,291,5.19,SUP090,2040-12-16,2040-12-20,2042-08-05,B7
ITEM00961,Item Y,Components,116,50,274,7.59,SUP082,2041-05-26,2041-05-31,2043-04-19,Y0
ITEM00514,Item T,Components,440,69,259,55.23,SUP046,2032-10-31,2032-11-03,2034-05-27,T3
ITEM00145,Item O,Components,131,11,220,47.35,SUP049,2025-10-05,2025-10-14,2027-01-26,O4
ITEM00948,Item L,Components,202,30,288,68.88,SUP002,2041-02-24,2041-03-04,2042-08-22,L7
ITEM00512,Item R,Components,185,24,263,97.73,SUP077,2032-10-17,2032-10-23,2034-04-02,R1
ITEM00089,Item K,Components,469,47,217,13.86,SUP095,2024-09-08,2024-09-14,2025-10-08,K8
ITEM00036,Item J,Materials,319,46,189,71.3,SUP040,2023-09-03,2023-09-05,2024-10-23,J5
ITEM00751,Item W,Components,224,25,220,29.27,SUP021,2037-05-17,2037-05-23,2039-01-13,W0
ITEM00603,Item E,Materials,490,71,152,38.95,SUP018,2034-07-16,2034-07-18,2035-08-27,E2
ITEM00382,Item R,Materials,354,31,77,44.31,SUP059,2030-04-21,2030-04-29,2032-04-04,R1
ITEM00504,Item J,Parts,302,35,140,78.74,SUP040,2032-08-22,2032-08-26,2034-02-12,J3
ITEM00946,Item J,Parts,148,93,228,45.9,SUP078,2041-02-10,2041-02-19,2042-05-01,J5
ITEM00485,Item Q,Widgets,426,81,69,19.95,SUP017,2032-04-11,2032-04-15,2034-01-30,Q4
ITEM00055,Item C,Parts,244,29,147,86.83,SUP054,2024-01-14,2024-01-21,2025-04-30,C4
ITEM00128,Item X,Components,371,66,115,55.65,SUP046,2025-06-08,2025-06-10,2026-09-16,X7
ITEM00355,Item Q,Gadgets,365,97,149,63.97,SUP017,2029-10-14,2029-10-23,2031-08-09,Q4
ITEM00140,Item J,Materials,385,88,229,13.45,SUP073,2025-08-31,2025-09-07,2027-05-24,J9
ITEM00370,Item F,Materials,42,98,151,29.71,SUP035,2030-01-27,2030-01-29,2031-06-25,F9
ITEM00660,Item J,Parts,284,38,52,8.59,SUP054,2035-08-19,2035-08-23,2036-11-11,J9
ITEM00342,Item D,Components,69,10,259,43.58,SUP029,2029-07-15,2029-07-21,2030-08-03,D1
ITEM00184,Item B,Gadgets,88,17,279,23.1,SUP084,2026-07-05,2026-07-13,2027-11-19,B3
ITEM00475,Item G,Parts,497,32,154,31.97,SUP076,2032-02-01,2032-02-08,2033-05-29,G4
ITEM00545,Item Y,Widgets,305,75,239,53.05,SUP053,2033-06-05,2033-06-09,2034-09-25,Y4
ITEM00426,Item J,Gadgets,401,69,159,80.55,SUP031,2031-02-23,2031-02-26,2032-08-25,J5
ITEM00080,Item B,Components,161,17,193,59.76,SUP015,2024-07-07,2024-07-10,2025-08-13,B9
ITEM00765,Item K,Gadgets,242,98,165,18.99,SUP026,2037-08-23,2037-08-24,2038-11-15,K4
ITEM00196,Item N,Parts,223,91,53,21.5,SUP030,2026-09-27,2026-09-30,2027-12-13,N5
ITEM00790,Item J,Widgets,381,98,268,63.57,SUP051,2038-02-14,2038-02-21,2039-04-12,J9
ITEM00991,Item C,Gadgets,370,65,253,42.21,SUP006,2041-12-22,2041-12-25,2043-04-11,C0
ITEM00159,Item C,Widgets,391,21,134,94.94,SUP057,2026-01-11,2026-01-18,2027-04-01,C8
ITEM00180,Item X,Widgets,264,59,76,44.12,SUP031,2026-06-07,2026-06-08,2028-03-09,X9
ITEM00077,Item Y,Widgets,180,30,115,19.71,SUP043,2024-06-16,2024-06-24,2026-02-19,Y6
ITEM00035,Item I,Parts,1,31,177,15.37,SUP091,2023-08-27,2023-09-04,2025-01-15,I4
ITEM00783,Item C,Widgets,175,17,53,5.49,SUP097,2037-12-27,2038-01-05,2039-10-09,C2
ITEM00030,Item D,Components,110,53,98,68.49,SUP061,2023-07-23,2023-07-24,2025-05-19,D9
ITEM00357,Item S,Components,482,81,121,30.23,SUP088,2029-10-28,2029-11-04,2031-09-05,S6
ITEM00574,Item B,Parts,63,27,232,9.35,SUP057,2033-12-25,2033-12-29,2035-01-29,B3
ITEM00602,Item D,Components,379,37,139,88.61,SUP005,2034-07-09,2034-07-18,2036-02-10,D1
ITEM00750,Item V,Parts,233,41,212,13.61,SUP064,2037-05-10,2037-05-19,2038-08-24,V9
ITEM00669,Item S,Gadgets,349,50,193,23.95,SUP058,2035-10-21,2035-10-28,2037-02-10,S8
ITEM00056,Item D,Widgets,25,46,77,45.94,SUP054,2024-01-21,2024-01-30,2025-10-01,D5
ITEM00318,Item F,Gadgets,193,11,116,62.58,SUP027,2029-01-28,2029-02-06,2030-10-10,F7
ITEM00360,Item V,Materials,450,58,196,10.41,SUP023,2029-11-18,2029-11-19,2031-03-11,V9
ITEM00931,Item U,Gadgets,267,19,200,97.45,SUP021,2040-10-28,2040-11-05,2042-01-07,U0
ITEM00164,Item H,Widgets,247,98,192,27.4,SUP080,2026-02-15,2026-02-23,2027-10-26,H3
ITEM00254,Item T,Parts,9,98,157,14.56,SUP062,2027-11-07,2027-11-12,2029-01-03,T3
ITEM00569,Item W,Components,260,41,137,66.83,SUP070,2033-11-20,2033-11-21,2035-05-08,W8
ITEM00011,Item K,Components,106,50,248,93.77,SUP052,2023-03-12,2023-03-16,2024-12-21,K0
ITEM00217,Item I,Components,197,75,211,84.87,SUP041,2027-02-21,2027-02-23,2028-07-15,I6
ITEM00350,Item L,Materials,227,18,147,21.24,SUP042,2029-09-09,2029-09-15,2030-12-16,L9
ITEM00177,Item U,Parts,97,54,180,38.88,SUP068,2026-05-17,2026-05-20,2027-12-28,U6
ITEM00596,Item X,Materials,9,82,158,43.05,SUP072,2034-05-28,2034-06-03,2035-09-25,X5
ITEM00138,Item H,Gadgets,319,65,55,40.08,SUP049,2025-08-17,2025-08-21,2026-11-21,H7
ITEM00434,Item R,Parts,335,17,111,22.13,SUP088,2031-04-20,2031-04-27,2032-12-29,R3
ITEM00997,Item I,Widgets,318,59,79,44.41,SUP082,2042-02-02,2042-02-05,2043-11-13,I6
ITEM00714,Item L,Parts,160,20,205,87.28,SUP074,2036-08-31,2036-09-06,2037-09-30,L3
ITEM00814,Item H,Widgets,39,28,162,54.62,SUP052,2038-08-01,2038-08-03,2040-01-03,H3
ITEM00303,Item Q,Widgets,309,95,217,89.57,SUP077,2028-10-15,2028-10-24,2030-01-26,Q2
ITEM00573,Item A,Parts,349,29,216,89.12,SUP020,2033-12-18,2033-12-26,2035-11-04,A2
ITEM00345,Item G,Gadgets,250,56,183,40.69,SUP051,2029-08-05,2029-08-14,2031-03-10,G4
ITEM00046,Item T,Widgets,137,88,298,84.38,SUP025,2023-11-12,2023-11-13,2024-12-02,T5
ITEM00679,Item C,Materials,237,37,104,46.72,SUP036,2035-12-30,2036-01-04,2037-01-28,C8
ITEM00804,Item X,Materials,26,97,86,39.28,SUP058,2038-05-23,2038-05-24,2039-10-13,X3
ITEM00065,Item M,Gadgets,347,75,247,56.77,SUP078,2024-03-24,2024-03-25,2025-11-28,M4
ITEM00482,Item N,Components,161,79,70,19.5,SUP004,2032-03-21,2032-03-22,2033-12-24,N1
ITEM00650,Item Z,Gadgets,251,72,254,72.34,SUP053,2035-06-10,2035-06-17,2036-11-11,Z9
ITEM00339,Item A,Materials,152,77,148,33.31,SUP076,2029-06-24,2029-06-27,2031-01-04,A8
ITEM00366,Item B,Materials,217,28,217,82.65,SUP015,2029-12-30,2030-01-07,2031-12-22,B5
ITEM00010,Item J,Materials,127,12,225,1.56,SUP074,2023-03-05,2023-03-09,2024-05-31,J9
ITEM00402,Item L,Materials,479,76,258,54.7,SUP036,2030-09-08,2030-09-13,2031-10-14,L1
ITEM00851,Item S,Parts,15,84,70,77.59,SUP035,2039-04-17,2039-04-18,2040-07-06,S0
ITEM00592,Item T,Widgets,54,59,121,2.57,SUP084,2034-04-30,2034-05-09,2035-09-11,T1
ITEM00889,Item E,Gadgets,15,28,113,8.94,SUP048,2040-01-08,2040-01-15,2041-07-21,E8
ITEM00640,Item P,Materials,25,99,90,28.82,SUP007,2035-04-01,2035-04-05,2036-08-18,P9
ITEM00421,Item E,Gadgets,47,79,269,97.27,SUP028,2031-01-19,2031-01-22,2032-07-10,E0
ITEM00113,Item I,Materials,211,20,262,27.63,SUP079,2025-02-23,2025-03-03,2026-12-01,I2
ITEM00464,Item V,Gadgets,131,64,57,71.73,SUP078,2031-11-16,2031-11-25,2033-10-05,V3
ITEM00033,Item G,Components,471,27,138,24.98,SUP093,2023-08-13,2023-08-20,2025-02-02,G2
ITEM00659,Item I,Widgets,461,61,77,74.51,SUP093,2035-08-12,2035-08-17,2036-09-29,I8
ITEM00978,Item P,Gadgets,360,44,273,60.7,SUP009,2041-09-22,2041-09-30,2043-01-19,P7
ITEM00613,Item O,Materials,486,45,286,43.32,SUP044,2034-09-24,2034-09-27,2036-01-31,O2
ITEM00784,Item D,Parts,285,55,203,35.64,SUP073,2038-01-03,2038-01-06,2039-01-23,D3
ITEM00775,Item U,Gadgets,193,41,118,5.24,SUP041,2037-11-01,2037-11-04,2039-08-02,U4
ITEM00110,Item F,Parts,435,32,192,13.83,SUP041,2025-02-02,2025-02-03,2026-02-12,F9
ITEM00368,Item D,Parts,427,48,63,46.87,SUP024,2030-01-13,2030-01-14,2031-12-04,D7
ITEM00792,Item L,Materials,7,38,100,11.26,SUP043,2038-02-28,2038-03-07,2039-04-23,L1
ITEM00292,Item F,Widgets,342,89,143,38.32,SUP025,2028-07-30,2028-08-07,2030-03-03,F1
ITEM00598,Item Z,Materials,20,92,238,60.11,SUP049,2034-06-11,2034-06-15,2035-12-01,Z7
ITEM00771,Item Q,Materials,406,41,181,51.82,SUP037,2037-10-04,2037-10-06,2039-07-28,Q0
ITEM00219,Item K,Widgets,11,79,205,28.35,SUP069,2027-03-07,2027-03-13,2028-10-29,K8
ITEM00873,Item O,Widgets,79,54,263,96.76,SUP010,2039-09-18,2039-09-22,2041-05-31,O2
ITEM00728,Item Z,Gadgets,450,90,173,98.06,SUP003,2036-12-07,2036-12-15,2038-05-17,Z7
ITEM00049,Item W,Gadgets,313,58,296,4.33,SUP090,2023-12-03,2023-12-07,2025-03-27,W8
ITEM00391,Item A,Widgets,330,82,170,61.35,SUP018,2030-06-23,2030-06-30,2032-05-21,A0
ITEM00316,Item D,Gadgets,310,39,177,44.99,SUP073,2029-01-14,2029-01-15,2030-03-05,D5
ITEM00008,Item H,Parts,293,31,265,63.66,SUP005,2023-02-19,2023-02-26,2024-10-18,H7
ITEM00176,Item T,Gadgets,51,32,129,8.56,SUP056,2026-05-10,2026-05-11,2027-11-23,T5
ITEM00777,Item W,Gadgets,474,21,169,7.93,SUP080,2037-11-15,2037-11-19,2039-04-29,W6
ITEM00152,Item V,Widgets,380,44,123,54.84,SUP043,2025-11-23,2025-12-02,2027-08-25,V1
ITEM00361,Item W,Components,73,35,79,82.85,SUP081,2029-11-25,2029-11-28,2031-08-27,W0
ITEM00252,Item R,Components,209,28,243,89.87,SUP078,2027-10-24,2027-10-26,2029-04-18,R1
ITEM00277,Item Q,Materials,341,21,90,95.34,SUP021,2028-04-16,2028-04-22,2029-04-28,Q6
ITEM00648,Item X,Materials,38,69,100,94.31,SUP092,2035-05-27,2035-06-04,2036-12-22,X7
ITEM00620,Item V,Components,68,36,195,4.47,SUP098,2034-11-12,2034-11-17,2036-06-18,V9
ITEM00410,Item T,Components,200,28,191,27.62,SUP035,2030-11-03,2030-11-12,2032-09-24,T9
ITEM00087,Item I,Widgets,156,46,137,93.16,SUP012,2024-08-25,2024-09-02,2026-04-10,I6
ITEM00921,Item K,Parts,95,24,145,50.9,SUP036,2040-08-19,2040-08-26,2042-06-03,K0
ITEM00971,Item I,Components,498,45,224,38.17,SUP081,2041-08-04,2041-08-13,2043-06-29,I0
ITEM00593,Item U,Materials,47,40,249,8.64,SUP089,2034-05-07,2034-05-13,2035-12-07,U2
ITEM00979,Item Q,Parts,459,64,71,62.28,SUP049,2041-09-29,2041-10-08,2042-10-12,Q8
ITEM00544,Item X,Components,399,34,162,58.77,SUP057,2033-05-29,2033-06-05,2034-07-10,X3
ITEM00924,Item N,Materials,11,87,299,36.88,SUP082,2040-09-09,2040-09-18,2042-06-23,N3
ITEM00040,Item N,Gadgets,424,37,210,40.73,SUP094,2023-10-01,2023-10-03,2025-09-13,N9
ITEM00928,Item R,Components,102,25,210,63.53,SUP018,2040-10-07,2040-10-12,2042-05-31,R7
ITEM00257,Item W,Widgets,237,44,262,39.79,SUP049,2027-11-28,2027-11-29,2029-07-07,W6
ITEM00155,Item Y,Parts,55,78,269,24.95,SUP088,2025-12-14,2025-12-22,2027-06-03,Y4
ITEM00378,Item N,Gadgets,172,58,180,72.59,SUP049,2030-03-24,2030-03-28,2032-02-12,N7
ITEM00872,Item N,Components,8,66,153,70.98,SUP013,2039-09-11,2039-09-12,2041-09-07,N1
ITEM00904,Item T,Components,214,28,54,64.19,SUP030,2040-04-22,2040-04-25,2042-03-31,T3
ITEM00298,Item L,Parts,219,60,174,51.95,SUP085,2028-09-10,2028-09-18,2029-12-25,L7
ITEM00477,Item I,Components,349,93,75,85.22,SUP048,2032-02-15,2032-02-17,2033-06-17,I6
ITEM00111,Item G,Widgets,379,56,169,67.93,SUP045,2025-02-09,2025-02-10,2026-03-11,G0
ITEM00892,Item H,Materials,206,69,147,2.7,SUP071,2040-01-29,2040-02-04,2041-03-18,H1
ITEM00916,Item F,Materials,478,26,203,44.86,SUP088,2040-07-15,2040-07-18,2041-09-29,F5
ITEM00183,Item A,Widgets,96,10,89,74.16,SUP053,2026-06-28,2026-06-30,2028-01-24,A2
ITEM00970,Item H,Materials,122,98,62,68.66,SUP005,2041-07-28,2041-07-30,2043-02-22,H9
ITEM00365,Item A,Components,129,33,74,35.91,SUP009,2029-12-23,2029-12-26,2031-03-20,A4
ITEM00489,Item U,Components,311,85,181,87.92,SUP069,2032-05-09,2032-05-13,2033-11-26,U8
ITEM00225,Item Q,Widgets,396,57,177,81.18,SUP021,2027-04-18,2027-04-20,2028-07-10,Q4
ITEM00336,Item X,Gadgets,98,65,194,72.2,SUP025,2029-06-03,2029-06-04,2031-05-18,X5
ITEM00201,Item S,Gadgets,330,85,68,60.73,SUP036,2026-11-01,2026-11-05,2028-09-14,S0
ITEM00312,Item Z,Parts,122,44,50,63.91,SUP042,2028-12-17,2028-12-24,2030-03-12,Z1
ITEM00803,Item W,Components,471,32,174,71.61,SUP027,2038-05-16,2038-05-17,2039-05-27,W2
ITEM00221,Item M,Gadgets,386,82,299,53.2,SUP010,2027-03-21,2027-03-29,2028-06-07,M0
ITEM00778,Item X,Materials,120,56,137,73.19,SUP028,2037-11-22,2037-11-25,2039-01-07,X7
ITEM00107,Item C,Parts,141,65,159,87.68,SUP078,2025-01-12,2025-01-18,2026-03-06,C6
ITEM00417,Item A,Gadgets,410,45,271,56.45,SUP039,2030-12-22,2030-12-26,2032-01-12,A6
ITEM00310,Item X,Materials,476,38,197,51.76,SUP007,2028-12-03,2028-12-12,2030-07-05,X9
ITEM00956,Item T,Widgets,233,44,165,8.78,SUP051,2041-04-21,2041-04-24,2042-10-04,T5
ITEM00431,Item O,Gadgets,250,36,232,4.05,SUP055,2031-03-30,2031-04-06,2032-10-17,O0
ITEM00105,Item A,Widgets,257,49,176,14.77,SUP063,2024-12-29,2025-01-02,2026-12-19,A4
ITEM00965,Item C,Parts,194,69,112,25.38,SUP029,2041-06-23,2041-06-25,2043-06-09,C4
ITEM00022,Item V,Materials,214,28,70,31.31,SUP015,2023-05-28,2023-06-04,2024-11-07,V1
ITEM00607,Item I,Components,62,13,57,40.35,SUP095,2034-08-13,2034-08-22,2036-01-23,I6
ITEM00807,Item A,Parts,226,31,150,39.68,SUP025,2038-06-13,2038-06-17,2039-07-09,A6
ITEM00826,Item T,Materials,22,12,117,74.83,SUP002,2038-10-24,2038-10-28,2040-08-16,T5
ITEM00499,Item E,Widgets,416,84,135,98.22,SUP024,2032-07-18,2032-07-21,2034-06-21,E8
ITEM00213,Item E,Parts,82,57,294,21.29,SUP055,2027-01-24,2027-02-01,2028-05-10,E2
ITEM00694,Item R,Widgets,45,78,77,54.6,SUP051,2036-04-13,2036-04-18,2038-03-02,R3
ITEM00657,Item G,Widgets,316,61,170,55.78,SUP009,2035-07-29,2035-08-04,2037-03-02,G6
ITEM00147,Item Q,Components,266,46,246,9.45,SUP095,2025-10-19,2025-10-20,2026-12-25,Q6
ITEM00890,Item F,Components,153,40,140,31.91,SUP079,2040-01-15,2040-01-16,2041-02-27,F9
ITEM00074,Item V,Gadgets,152,12,71,27.88,SUP072,2024-05-26,2024-06-04,2025-11-02,V3
ITEM00634,Item J,Parts,226,67,162,20.91,SUP061,2035-02-18,2035-02-24,2036-09-26,J3
ITEM00854,Item V,Gadgets,163,65,152,22.51,SUP100,2039-05-08,2039-05-15,2041-01-30,V3
ITEM00119,Item O,Widgets,429,19,204,39.13,SUP098,2025-04-06,2025-04-11,2026-10-18,O8
ITEM00039,Item M,Widgets,371,12,218,86.48,SUP016,2023-09-24,2023-10-03,2025-02-12,M8
ITEM00939,Item C,Widgets,46,51,258,58.39,SUP085,2040-12-23,2041-01-01,2042-08-14,C8
ITEM00108,Item D,Components,478,45,165,19.1,SUP004,2025-01-19,2025-01-23,2026-03-02,D7
ITEM00478,Item J,Widgets,470,74,101,98.21,SUP017,2032-02-22,2032-03-01,2033-11-28,J7
ITEM00473,Item E,Gadgets,15,25,96,50.65,SUP051,2032-01-18,2032-01-27,2033-02-25,E2
ITEM00392,Item B,Materials,57,87,68,89.71,SUP039,2030-06-30,2030-07-09,2031-10-13,B1
ITEM00739,Item K,Components,188,87,105,41.4,SUP038,2037-02-22,2037-02-23,2038-11-02,K8
ITEM00340,Item B,Components,246,16,126,84.13,SUP068,2029-07-01,2029-07-07,2031-03-16,B9
ITEM00041,Item O,Components,399,83,227,29.96,SUP061,2023-10-08,2023-10-11,2025-02-23,O0
ITEM00385,Item U,Materials,101,24,120,19.92,SUP086,2030-05-12,2030-05-19,2032-02-20,U4
ITEM00677,Item A,Materials,347,69,284,88.55,SUP066,2035-12-16,2035-12-22,2037-01-08,A6
ITEM00711,Item I,Materials,23,30,81,98.64,SUP070,2036-08-10,2036-08-13,2038-06-26,I0
ITEM00787,Item G,Gadgets,251,84,295,83.31,SUP077,2038-01-24,2038-01-30,2039-06-01,G6
ITEM00661,Item K,Materials,453,47,133,87.39,SUP051,2035-08-26,2035-09-02,2036-09-17,K0
ITEM00409,Item S,Materials,198,55,138,52.24,SUP051,2030-10-27,2030-11-04,2032-01-12,S8
ITEM00189,Item G,Widgets,491,43,57,55.29,SUP037,2026-08-09,2026-08-12,2028-03-18,G8
ITEM00263,Item C,Materials,235,83,269,95.35,SUP001,2028-01-09,2028-01-15,2029-08-25,C2
ITEM00857,Item Y,Parts,281,13,178,42.11,SUP059,2039-05-29,2039-06-03,2041-02-23,Y6
ITEM00240,Item F,Materials,81,10,269,36.07,SUP095,2027-08-01,2027-08-06,2029-07-07,F9
ITEM00852,Item T,Materials,162,25,93,75.04,SUP024,2039-04-24,2039-04-29,2041-03-23,T1
ITEM00250,Item P,Parts,370,24,170,86.53,SUP033,2027-10-10,2027-10-16,2028-12-31,P9
ITEM00223,Item O,Parts,471,50,108,17.22,SUP060,2027-04-04,2027-04-11,2028-11-15,O2
ITEM00481,Item M,Widgets,210,93,281,17.12,SUP066,2032-03-14,2032-03-22,2033-07-09,M0
ITEM00197,Item O,Parts,311,26,271,16.08,SUP045,2026-10-04,2026-10-08,2028-09-11,O6
ITEM00436,Item T,Components,7,59,225,16.58,SUP001,2031-05-04,2031-05-06,2032-08-18,T5
ITEM00230,Item V,Components,256,84,146,7.0,SUP085,2027-05-23,2027-05-27,2028-06-01,V9
ITEM00486,Item R,Parts,108,41,298,41.75,SUP052,2032-04-18,2032-04-23,2033-08-14,R5
ITEM00983,Item U,Components,390,25,116,35.4,SUP018,2041-10-27,2041-11-02,2043-08-13,U2
ITEM00132,Item B,Materials,476,46,249,87.11,SUP049,2025-07-06,2025-07-13,2027-03-30,B1
ITEM00242,Item H,Widgets,158,63,58,96.27,SUP061,2027-08-15,2027-08-22,2029-01-19,H1
ITEM00566,Item T,Components,153,54,98,62.11,SUP075,2033-10-30,2033-11-01,2034-12-04,T5
ITEM00618,Item T,Gadgets,89,71,133,91.61,SUP054,2034-10-29,2034-11-07,2036-08-03,T7
ITEM00190,Item H,Parts,400,74,150,88.05,SUP021,2026-08-16,2026-08-24,2027-12-07,H9
ITEM00976,Item N,Components,428,95,257,22.41,SUP069,2041-09-08,2041-09-13,2042-09-30,N5
ITEM00127,Item W,Materials,78,10,240,19.42,SUP035,2025-06-01,2025-06-08,2026-10-28,W6
ITEM00984,Item V,Gadgets,9,63,103,44.1,SUP009,2041-11-03,2041-11-10,2043-07-26,V3
ITEM00441,Item Y,Widgets,498,95,113,55.38,SUP005,2031-06-08,2031-06-11,2032-08-16,Y0
ITEM00740,Item L,Materials,448,50,114,88.68,SUP090,2037-03-01,2037-03-02,2038-03-03,L9
ITEM00832,Item Z,Parts,236,30,211,95.89,SUP084,2038-12-05,2038-12-09,2039-12-18,Z1
ITEM00175,Item S,Components,67,93,56,57.96,SUP085,2026-05-03,2026-05-12,2027-11-06,S4
ITEM00063,Item K,Materials,475,60,66,31.02,SUP077,2024-03-10,2024-03-18,2025-07-29,K2
ITEM00877,Item S,Widgets,199,13,68,80.33,SUP041,2039-10-16,2039-10-18,2041-09-23,S6
ITEM00859,Item A,Widgets,12,29,240,82.61,SUP054,2039-06-12,2039-06-13,2041-05-06,A8
ITEM00911,Item A,Components,205,56,61,38.53,SUP083,2040-06-10,2040-06-13,2042-02-11,A0
ITEM00907,Item W,Materials,344,64,69,14.71,SUP055,2040-05-13,2040-05-21,2042-03-05,W6
ITEM00844,Item L,Widgets,441,21,100,82.55,SUP064,2039-02-27,2039-03-07,2040-07-04,L3
ITEM00641,Item Q,Components,261,94,216,71.58,SUP042,2035-04-08,2035-04-10,2037-02-26,Q0
ITEM00435,Item S,Components,117,81,162,66.85,SUP089,2031-04-27,2031-04-28,2032-09-19,S4
ITEM00309,Item W,Materials,469,36,250,49.97,SUP083,2028-11-26,2028-11-30,2030-01-18,W8
ITEM00522,Item B,Widgets,340,39,260,60.94,SUP081,2032-12-26,2032-12-30,2034-05-03,B1
ITEM00490,Item V,Gadgets,227,47,104,60.94,SUP096,2032-05-16,2032-05-22,2034-04-07,V9
ITEM00806,Item Z,Gadgets,430,86,173,35.35,SUP066,2038-06-06,2038-06-08,2039-08-15,Z5
ITEM00621,Item W,Materials,398,95,243,78.95,SUP028,2034-11-19,2034-11-23,2036-08-26,W0
ITEM00411,Item U,Gadgets,25,77,252,63.21,SUP082,2030-11-10,2030-11-15,2032-08-30,U0
ITEM00745,Item Q,Parts,326,45,206,70.03,SUP011,2037-04-05,2037-04-11,2038-11-14,Q4
ITEM00438,Item V,Parts,371,53,61,76.71,SUP057,2031-05-18,2031-05-27,2033-03-17,V7
ITEM00760,Item F,Gadgets,278,64,113,2.54,SUP031,2037-07-19,2037-07-25,2039-04-29,F9
ITEM00878,Item T,Gadgets,387,23,214,67.75,SUP050,2039-10-23,2039-10-31,2041-03-27,T7
ITEM00284,Item X,Components,165,52,72,46.37,SUP097,2028-06-04,2028-06-08,2029-07-18,X3
ITEM00042,Item P,Widgets,149,44,166,16.08,SUP068,2023-10-15,2023-10-23,2025-06-23,P1
ITEM00093,Item O,Parts,84,23,187,90.81,SUP025,2024-10-06,2024-10-11,2026-02-16,O2
ITEM00116,Item L,Materials,158,23,165,99.95,SUP080,2025-03-16,2025-03-24,2027-02-15,L5
ITEM00163,Item G,Materials,313,52,96,90.7,SUP068,2026-02-08,2026-02-13,2027-06-22,G2
ITEM00963,Item A,Gadgets,406,55,121,91.65,SUP004,2041-06-09,2041-06-13,2043-01-08,A2
ITEM00912,Item B,Parts,209,84,119,37.78,SUP065,2040-06-17,2040-06-22,2042-06-08,B1
ITEM00199,Item Q,Materials,466,17,159,71.3,SUP078,2026-10-18,2026-10-24,2028-09-12,Q8
ITEM00380,Item P,Materials,478,30,68,21.15,SUP010,2030-04-07,2030-04-10,2032-04-06,P9
ITEM00906,Item V,Gadgets,386,54,233,67.94,SUP036,2040-05-06,2040-05-14,2041-06-21,V5
ITEM00363,Item Y,Components,296,77,133,72.95,SUP079,2029-12-09,2029-12-13,2031-04-21,Y2
ITEM00969,Item G,Components,174,33,118,97.64,SUP099,2041-07-21,2041-07-23,2043-05-28,G8
ITEM00876,Item R,Components,50,80,299,93.42,SUP098,2039-10-09,2039-10-10,2041-06-07,R5
ITEM00044,Item R,Gadgets,457,63,176,3.18,SUP031,2023-10-29,2023-11-05,2025-09-12,R3
ITEM00494,Item Z,Widgets,251,75,53,34.01,SUP077,2032-06-13,2032-06-17,2033-07-02,Z3
ITEM00321,Item I,Gadgets,292,13,202,57.81,SUP063,2029-02-18,2029-02-19,2030-08-27,I0
ITEM00665,Item O,Parts,40,22,51,78.85,SUP064,2035-09-23,2035-09-26,2037-05-05,O4
ITEM00795,Item O,Components,33,11,108,43.18,SUP072,2038-03-21,2038-03-23,2039-06-14,O4
ITEM00493,Item Y,Components,414,32,77,9.31,SUP091,2032-06-06,2032-06-13,2034-03-16,Y2
ITEM00203,Item U,Widgets,161,98,186,6.91,SUP084,2026-11-15,2026-11-16,2028-04-07,U2
ITEM00926,Item P,Parts,217,18,151,11.9,SUP080,2040-09-23,2040-10-01,2041-11-26,P5
ITEM00168,Item L,Parts,443,48,259,40.37,SUP036,2026-03-15,2026-03-21,2027-07-01,L7
ITEM00290,Item D,Components,117,30,157,83.71,SUP040,2028-07-16,2028-07-23,2030-01-03,D9
ITEM00358,Item T,Materials,201,33,239,88.07,SUP075,2029-11-04,2029-11-07,2031-03-08,T7
ITEM00870,Item L,Components,93,13,148,75.05,SUP069,2039-08-28,2039-09-03,2040-09-09,L9
ITEM00376,Item L,Parts,229,78,159,7.07,SUP065,2030-03-10,2030-03-14,2031-09-26,L5
ITEM00495,Item A,Materials,247,94,199,68.08,SUP083,2032-06-20,2032-06-25,2033-08-24,A4
ITEM00418,Item B,Gadgets,489,12,90,78.29,SUP084,2030-12-29,2031-01-02,2032-07-01,B7
ITEM00662,Item L,Gadgets,461,51,247,82.98,SUP039,2035-09-02,2035-09-10,2036-11-20,L1
ITEM00561,Item O,Widgets,344,30,175,93.69,SUP010,2033-09-25,2033-09-26,2035-02-26,O0
ITEM00262,Item B,Parts,278,87,125,41.26,SUP057,2028-01-02,2028-01-06,2029-04-26,B1
ITEM00577,Item E,Gadgets,243,15,190,81.91,SUP080,2034-01-15,2034-01-17,2035-02-28,E6
ITEM00605,Item G,Parts,178,89,299,29.05,SUP037,2034-07-30,2034-08-08,2035-08-22,G4
ITEM00943,Item G,Parts,310,78,268,68.85,SUP031,2041-01-20,2041-01-29,2042-05-18,G2
ITEM00416,Item Z,Materials,59,45,127,13.86,SUP004,2030-12-15,2030-12-16,2031-12-28,Z5
ITEM00590,Item R,Widgets,5,11,68,3.92,SUP002,2034-04-16,2034-04-17,2035-09-21,R9
ITEM00142,Item L,Materials,413,70,138,97.48,SUP071,2025-09-14,2025-09-15,2027-08-10,L1
ITEM00156,Item Z,Widgets,476,42,90,91.2,SUP049,2025-12-21,2025-12-22,2027-05-11,Z5
ITEM00572,Item Z,Gadgets,148,87,108,33.38,SUP032,2033-12-11,2033-12-13,2034-12-15,Z1
ITEM00135,Item E,Parts,222,46,91,79.83,SUP023,2025-07-27,2025-07-30,2026-12-22,E4
ITEM00444,Item B,Parts,477,96,262,51.16,SUP012,2031-06-29,2031-07-06,2033-07-02,B3
ITEM00763,Item I,Materials,352,68,211,5.16,SUP015,2037-08-09,2037-08-15,2039-06-14,I2
ITEM00407,Item Q,Widgets,374,33,169,3.05,SUP073,2030-10-13,2030-10-19,2032-06-02,Q6
ITEM00399,Item I,Components,216,16,110,41.17,SUP095,2030-08-18,2030-08-25,2032-06-02,I8
ITEM00258,Item X,Materials,281,53,265,66.25,SUP036,2027-12-05,2027-12-09,2029-10-18,X7
ITEM00322,Item J,Gadgets,371,99,96,42.14,SUP062,2029-02-25,2029-03-03,2030-04-18,J1
ITEM00625,Item A,Gadgets,105,14,176,83.53,SUP041,2034-12-17,2034-12-22,2036-03-31,A4
ITEM00012,Item L,Parts,497,69,198,82.37,SUP077,2023-03-19,2023-03-24,2024-11-09,L1
ITEM00973,Item K,Materials,482,39,238,88.57,SUP074,2041-08-18,2041-08-21,2043-05-27,K2
ITEM00518,Item X,Materials,266,47,55,58.64,SUP006,2032-11-28,2032-12-02,2034-03-07,X7
ITEM00067,Item O,Gadgets,128,43,247,91.76,SUP042,2024-04-07,2024-04-13,2025-06-26,O6
ITEM00206,Item X,Parts,147,42,95,99.03,SUP044,2026-12-06,2026-12-13,2028-10-31,X5
ITEM00509,Item O,Materials,318,44,136,91.56,SUP056,2032-09-26,2032-10-02,2034-08-24,O8
ITEM00006,Item F,Gadgets,133,15,252,5.37,SUP015,2023-02-05,2023-02-13,2024-03-29,F5
ITEM00553,Item G,Gadgets,485,63,134,93.97,SUP045,2033-07-31,2033-08-04,2034-09-27,G2
ITEM00095,Item Q,Widgets,177,93,241,42.82,SUP076,2024-10-20,2024-10-29,2026-09-29,Q4
ITEM00043,Item Q,Components,431,70,245,27.35,SUP080,2023-10-22,2023-10-23,2025-02-07,Q2
ITEM00337,Item Y,Widgets,55,45,88,56.77,SUP069,2029-06-10,2029-06-15,2030-09-20,Y6
ITEM00241,Item G,Parts,202,97,270,94.96,SUP052,2027-08-08,2027-08-10,2029-01-29,G0
ITEM00243,Item I,Widgets,120,80,165,62.47,SUP040,2027-08-22,2027-08-24,2029-07-19,I2
ITEM00353,Item O,Widgets,337,24,87,59.79,SUP012,2029-09-30,2029-10-04,2031-06-05,O2
ITEM00608,Item J,Widgets,145,13,202,51.85,SUP064,2034-08-20,2034-08-22,2036-05-31,J7
ITEM00706,Item D,Components,45,33,171,25.13,SUP010,2036-07-06,2036-07-10,2037-08-24,D5
ITEM00465,Item W,Gadgets,293,25,94,95.29,SUP070,2031-11-23,2031-11-25,2033-03-02,W4
ITEM00555,Item I,Materials,380,12,226,77.46,SUP003,2033-08-14,2033-08-16,2035-07-17,I4
ITEM00419,Item C,Materials,365,82,245,71.14,SUP064,2031-01-05,2031-01-06,2032-04-27,C8
ITEM00834,Item B,Widgets,92,36,135,55.38,SUP065,2038-12-19,2038-12-21,2040-05-13,B3
ITEM00549,Item C,Widgets,140,45,173,12.59,SUP097,2033-07-03,2033-07-08,2035-01-08,C8
ITEM00009,Item I,Parts,328,35,192,7.83,SUP075,2023-02-26,2023-02-27,2024-09-27,I8
ITEM00456,Item N,Gadgets,14,78,186,70.91,SUP034,2031-09-21,2031-09-24,2033-08-16,N5
ITEM00712,Item J,Materials,426,67,244,42.06,SUP049,2036-08-17,2036-08-23,2037-12-29,J1
ITEM00260,Item Z,Gadgets,201,20,263,64.02,SUP095,2027-12-19,2027-12-24,2029-06-19,Z9
ITEM00636,Item L,Widgets,170,14,125,41.36,SUP094,2035-03-04,2035-03-12,2037-01-17,L5
ITEM00940,Item D,Widgets,160,44,228,45.84,SUP017,2040-12-30,2041-01-06,2042-03-30,D9
ITEM00151,Item U,Widgets,162,10,61,78.42,SUP051,2025-11-16,2025-11-17,2027-03-13,U0
ITEM00584,Item L,Widgets,218,40,176,70.39,SUP011,2034-03-05,2034-03-07,2035-03-12,L3
ITEM00757,Item C,Materials,222,26,98,2.32,SUP008,2037-06-28,2037-07-07,2038-10-01,C6
ITEM00895,Item K,Widgets,382,72,222,31.59,SUP020,2040-02-19,2040-02-24,2041-04-14,K4
ITEM00705,Item C,Widgets,235,60,279,17.53,SUP031,2036-06-29,2036-07-04,2038-03-23,C4
ITEM00526,Item F,Components,177,15,234,55.41,SUP066,2033-01-23,2033-01-26,2034-06-24,F5
ITEM00048,Item V,Materials,436,85,135,22.71,SUP012,2023-11-26,2023-12-04,2025-09-24,V7
ITEM00858,Item Z,Components,280,13,141,88.96,SUP081,2039-06-05,2039-06-12,2040-10-28,Z7
ITEM00015,Item O,Components,378,91,285,70.3,SUP050,2023-04-09,2023-04-11,2024-08-21,O4
ITEM00171,Item O,Widgets,54,59,261,27.46,SUP086,2026-04-05,2026-04-10,2028-03-15,O0
ITEM00781,Item A,Gadgets,270,22,124,38.07,SUP031,2037-12-13,2037-12-17,2039-06-26,A0
ITEM00898,Item N,Widgets,228,33,295,1.53,SUP028,2040-03-11,2040-03-18,2041-05-07,N7
ITEM00864,Item F,Gadgets,27,94,160,20.91,SUP011,2039-07-17,2039-07-22,2040-11-21,F3
ITEM00295,Item I,Components,313,34,212,5.56,SUP052,2028-08-20,2028-08-29,2030-04-09,I4
ITEM00998,Item J,Widgets,84,42,106,53.46,SUP057,2042-02-09,2042-02-17,2043-05-15,J7
ITEM00780,Item Z,Widgets,306,30,116,70.96,SUP038,2037-12-06,2037-12-09,2039-04-21,Z9
ITEM00588,Item P,Widgets,376,19,217,5.95,SUP070,2034-04-02,2034-04-11,2035-07-09,P7
ITEM00078,Item Z,Components,198,24,123,78.52,SUP015,2024-06-23,2024-06-28,2026-06-06,Z7
ITEM00676,Item Z,Materials,40,67,212,79.65,SUP046,2035-12-09,2035-12-18,2037-08-20,Z5
ITEM00181,Item Y,Widgets,418,17,163,33.88,SUP058,2026-06-14,2026-06-19,2028-02-09,Y0
ITEM00964,Item B,Materials,103,69,196,62.02,SUP012,2041-06-16,2041-06-22,2043-02-05,B3
ITEM00756,Item B,Parts,335,24,188,48.95,SUP020,2037-06-21,2037-06-29,2039-02-17,B5
ITEM00903,Item S,Materials,319,73,269,7.86,SUP035,2040-04-15,2040-04-21,2041-06-29,S2
ITEM00191,Item I,Gadgets,452,64,209,67.88,SUP079,2026-08-23,2026-08-29,2027-11-06,I0
ITEM00395,Item E,Materials,303,34,191,27.87,SUP082,2030-07-21,2030-07-23,2031-12-01,E4
ITEM00585,Item M,Parts,425,14,95,21.2,SUP070,2034-03-12,2034-03-18,2035-06-28,M4
ITEM00914,Item D,Widgets,277,54,164,63.67,SUP051,2040-07-01,2040-07-09,2042-05-02,D3
ITEM00483,Item O,Gadgets,16,31,100,2.96,SUP010,2032-03-28,2032-03-29,2033-05-23,O2
ITEM00578,Item F,Components,493,41,241,51.76,SUP025,2034-01-22,2034-01-25,2035-05-09,F7
ITEM00118,Item N,Parts,305,83,63,50.36,SUP069,2025-03-30,2025-04-06,2026-04-09,N7
ITEM00591,Item S,Widgets,261,20,125,36.24,SUP086,2034-04-23,2034-05-01,2035-12-14,S0
ITEM00808,Item B,Parts,285,52,84,16.71,SUP073,2038-06-20,2038-06-21,2039-12-18,B7
ITEM00439,Item W,Components,176,67,84,67.43,SUP095,2031-05-25,2031-06-03,2032-08-10,W8
ITEM00274,Item N,Components,326,37,212,36.15,SUP025,2028-03-26,2028-03-28,2029-11-28,N3
ITEM00923,Item M,Materials,32,56,232,83.45,SUP053,2040-09-02,2040-09-04,2042-07-31,M2
ITEM00733,Item E,Components,113,88,233,77.53,SUP080,2037-01-11,2037-01-17,2038-02-11,E2
ITEM00850,Item R,Parts,422,29,285,78.88,SUP074,2039-04-10,2039-04-19,2040-04-29,R9
ITEM00136,Item F,Parts,166,58,293,75.65,SUP022,2025-08-03,2025-08-07,2026-11-25,F5
ITEM00123,Item S,Materials,424,29,107,63.81,SUP090,2025-05-04,2025-05-06,2026-09-19,S2
ITEM00194,Item L,Gadgets,469,83,156,61.01,SUP077,2026-09-13,2026-09-20,2027-12-27,L3
ITEM00828,Item V,Components,27,13,214,58.88,SUP022,2038-11-07,2038-11-08,2040-03-05,V7
ITEM00331,Item S,Parts,187,72,95,95.68,SUP039,2029-04-29,2029-04-30,2030-04-30,S0
ITEM00836,Item D,Components,21,50,172,64.04,SUP001,2039-01-02,2039-01-04,2040-09-16,D5
ITEM00933,Item W,Gadgets,179,12,204,55.91,SUP044,2040-11-11,2040-11-20,2042-09-04,W2
ITEM00059,Item G,Components,294,69,218,64.07,SUP099,2024-02-11,2024-02-18,2025-03-16,G8
ITEM00594,Item V,Gadgets,215,65,238,91.21,SUP079,2034-05-14,2034-05-19,2035-08-23,V3
ITEM00718,Item P,Gadgets,39,16,112,21.16,SUP085,2036-09-28,2036-10-03,2038-04-20,P7
ITEM00306,Item T,Components,173,87,96,16.23,SUP081,2028-11-05,2028-11-13,2030-03-08,T5
ITEM00614,Item P,Parts,269,47,224,21.42,SUP082,2034-10-01,2034-10-05,2036-07-22,P3
ITEM00388,Item X,Gadgets,305,41,122,64.42,SUP032,2030-06-02,2030-06-09,2032-02-14,X7
ITEM00244,Item J,Parts,59,98,279,92.94,SUP038,2027-08-29,2027-09-02,2028-09-26,J3
ITEM00271,Item K,Parts,215,57,239,2.4,SUP087,2028-03-05,2028-03-06,2030-01-11,K0
ITEM00084,Item F,Materials,491,23,216,34.7,SUP054,2024-08-04,2024-08-10,2025-12-13,F3
ITEM00667,Item Q,Materials,224,26,215,37.98,SUP011,2035-10-07,2035-10-10,2037-09-11,Q6
ITEM00364,Item Z,Materials,17,59,162,77.62,SUP032,2029-12-16,2029-12-20,2031-04-30,Z3
ITEM00856,Item X,Components,497,67,292,27.14,SUP016,2039-05-22,2039-05-28,2041-03-29,X5
ITEM00637,Item M,Widgets,9,74,171,47.48,SUP058,2035-03-11,2035-03-20,2036-07-26,M6
ITEM00396,Item F,Materials,12,11,169,13.41,SUP044,2030-07-28,2030-07-30,2032-04-14,F5
ITEM00762,Item H,Parts,404,34,185,21.59,SUP009,2037-08-02,2037-08-06,2039-04-16,H1
ITEM00883,Item Y,Parts,24,64,54,32.49,SUP003,2039-11-27,2039-12-04,2041-07-06,Y2
ITEM00952,Item P,Parts,353,79,212,88.28,SUP097,2041-03-24,2041-03-25,2042-08-10,P1
ITEM00884,Item Z,Parts,316,13,194,96.15,SUP076,2039-12-04,2039-12-13,2041-11-19,Z3
ITEM00235,Item A,Widgets,428,91,203,23.79,SUP017,2027-06-27,2027-07-02,2028-07-06,A4
ITEM00053,Item A,Components,291,70,110,19.6,SUP012,2023-12-31,2024-01-06,2025-12-13,A2
ITEM00467,Item Y,Gadgets,424,26,224,88.05,SUP032,2031-12-07,2031-12-08,2033-09-18,Y6
ITEM00086,Item H,Widgets,154,11,125,9.19,SUP010,2024-08-18,2024-08-25,2026-04-07,H5
ITEM00547,Item A,Materials,344,63,92,1.2,SUP013,2033-06-19,2033-06-22,2034-12-30,A6
ITEM00992,Item D,Parts,204,93,243,17.64,SUP042,2041-12-29,2042-01-02,2043-06-06,D1
ITEM00624,Item Z,Components,267,95,210,64.16,SUP013,2034-12-10,2034-12-15,2036-01-08,Z3
ITEM00629,Item E,Components,476,30,196,78.61,SUP092,2035-01-14,2035-01-20,2036-02-29,E8
ITEM00137,Item G,Components,435,53,276,4.56,SUP004,2025-08-10,2025-08-19,2027-05-03,G6
ITEM00037,Item K,Parts,438,65,298,67.02,SUP077,2023-09-10,2023-09-19,2025-08-23,K6
ITEM00338,Item Z,Components,111,93,186,43.32,SUP030,2029-06-17,2029-06-25,2030-09-14,Z7
ITEM00789,Item I,Widgets,436,31,241,37.95,SUP029,2038-02-07,2038-02-13,2039-09-22,I8
ITEM00187,Item E,Materials,120,95,178,57.24,SUP028,2026-07-26,2026-07-27,2027-11-25,E6
ITEM00025,Item Y,Widgets,257,17,180,58.13,SUP070,2023-06-18,2023-06-26,2025-06-02,Y4
ITEM00980,Item R,Parts,317,23,142,94.14,SUP033,2041-10-06,2041-10-07,2043-04-06,R9
ITEM00109,Item E,Parts,215,54,263,28.57,SUP093,2025-01-26,2025-01-27,2026-11-09,E8
ITEM00737,Item I,Widgets,223,45,245,85.87,SUP054,2037-02-08,2037-02-12,2038-04-15,I6
ITEM00729,Item A,Parts,224,17,210,51.72,SUP052,2036-12-14,2036-12-17,2038-03-16,A8
ITEM00442,Item Z,Materials,315,79,287,31.89,SUP050,2031-06-15,2031-06-20,2033-04-19,Z1
ITEM00420,Item D,Components,26,17,117,18.04,SUP025,2031-01-12,2031-01-21,2032-09-05,D9
ITEM00891,Item G,Gadgets,222,69,166,2.56,SUP002,2040-01-22,2040-01-31,2041-04-25,G0
ITEM00273,Item M,Widgets,75,79,262,73.48,SUP054,2028-03-19,2028-03-23,2029-04-26,M2
ITEM00315,Item C,Gadgets,130,45,136,6.71,SUP020,2029-01-07,2029-01-12,2030-10-09,C4
ITEM00893,Item I,Gadgets,455,28,60,91.74,SUP032,2040-02-05,2040-02-10,2042-01-04,I2
ITEM00182,Item Z,Parts,291,94,156,34.84,SUP087,2026-06-21,2026-06-24,2027-12-23,Z1
ITEM00941,Item E,Gadgets,463,55,230,94.93,SUP080,2041-01-06,2041-01-12,2042-10-29,E0
ITEM00813,Item G,Widgets,489,72,250,85.41,SUP042,2038-07-25,2038-08-01,2039-08-17,G2
ITEM00822,Item P,Components,130,25,158,60.38,SUP066,2038-09-26,2038-09-30,2039-10-13,P1
ITEM00237,Item C,Widgets,342,32,182,42.15,SUP058,2027-07-11,2027-07-12,2028-11-21,C6
ITEM00463,Item U,Materials,98,39,114,96.19,SUP015,2031-11-09,2031-11-11,2033-05-13,U2
ITEM00819,Item M,Materials,75,34,175,39.23,SUP058,2038-09-05,2038-09-08,2039-12-22,M8
ITEM00848,Item P,Parts,58,43,223,46.69,SUP065,2039-03-27,2039-03-29,2040-04-15,P7
ITEM00788,Item H,Components,227,95,156,84.39,SUP090,2038-01-31,2038-02-04,2039-10-07,H7
ITEM00103,Item Y,Components,49,14,69,84.58,SUP043,2024-12-15,2024-12-16,2026-04-16,Y2
ITEM00259,Item Y,Gadgets,359,99,275,11.78,SUP010,2027-12-12,2027-12-18,2029-11-09,Y8
ITEM00710,Item H,Widgets,31,29,147,57.62,SUP049,2036-08-03,2036-08-07,2038-06-12,H9
ITEM00066,Item N,Components,17,88,287,12.88,SUP075,2024-03-31,2024-04-05,2025-05-12,N5
ITEM00404,Item N,Materials,81,48,58,38.69,SUP038,2030-09-22,2030-09-30,2032-07-09,N3
ITEM00703,Item A,Gadgets,7,52,122,21.98,SUP060,2036-06-15,2036-06-18,2038-06-08,A2
ITEM00134,Item D,Materials,114,85,146,65.12,SUP038,2025-07-20,2025-07-28,2026-10-14,D3
ITEM00288,Item B,Materials,76,55,66,85.67,SUP021,2028-07-02,2028-07-07,2029-12-31,B7
ITEM00228,Item T,Gadgets,293,86,74,72.77,SUP092,2027-05-09,2027-05-15,2028-11-20,T7
ITEM00021,Item U,Gadgets,297,54,107,3.43,SUP099,2023-05-21,2023-05-23,2025-05-08,U0
ITEM00744,Item P,Materials,496,30,68,73.4,SUP089,2037-03-29,2037-04-02,2038-08-19,P3
ITEM00424,Item H,Gadgets,16,22,154,18.84,SUP078,2031-02-09,2031-02-17,2032-05-05,H3
ITEM00628,Item D,Gadgets,123,71,278,15.29,SUP069,2035-01-07,2035-01-09,2036-06-22,D7
ITEM00272,Item L,Widgets,293,75,210,83.11,SUP020,2028-03-12,2028-03-19,2029-09-30,L1
ITEM00007,Item G,Parts,376,67,197,34.84,SUP013,2023-02-12,2023-02-20,2025-01-12,G6
ITEM00913,Item C,Parts,72,66,66,62.23,SUP069,2040-06-24,2040-06-27,2042-04-26,C2
ITEM00222,Item N,Widgets,195,42,272,90.74,SUP091,2027-03-28,2027-04-05,2028-10-30,N1
ITEM00932,Item V,Widgets,214,59,192,7.91,SUP100,2040-11-04,2040-11-05,2042-06-24,V1
ITEM00218,Item J,Components,404,73,53,32.2,SUP077,2027-02-28,2027-03-04,2028-06-21,J7
ITEM00400,Item J,Gadgets,339,94,213,22.83,SUP034,2030-08-25,2030-08-27,2032-02-13,J9
ITEM00670,Item T,Widgets,115,10,143,32.54,SUP075,2035-10-28,2035-11-05,2037-02-19,T9
ITEM00344,Item F,Components,289,54,274,84.74,SUP068,2029-07-29,2029-08-05,2031-06-10,F3
ITEM00202,Item T,Parts,263,81,81,47.87,SUP100,2026-11-08,2026-11-12,2028-09-24,T1
ITEM00546,Item Z,Materials,377,34,185,25.7,SUP012,2033-06-12,2033-06-15,2034-08-08,Z5
ITEM00326,Item N,Widgets,267,83,70,97.46,SUP069,2029-03-25,2029-03-26,2030-09-30,N5
ITEM00531,Item K,Gadgets,158,23,217,92.63,SUP022,2033-02-27,2033-03-03,2034-10-27,K0
ITEM00779,Item Y,Parts,210,27,236,61.23,SUP048,2037-11-29,2037-11-30,2039-07-25,Y8
ITEM00073,Item U,Materials,182,21,51,72.45,SUP056,2024-05-19,2024-05-27,2026-01-06,U2
ITEM00530,Item J,Materials,376,61,148,18.04,SUP090,2033-02-20,2033-03-01,2034-07-07,J9
ITEM00977,Item O,Materials,305,16,163,69.43,SUP045,2041-09-15,2041-09-21,2042-11-16,O6
ITEM00799,Item S,Parts,416,61,79,68.07,SUP042,2038-04-18,2038-04-25,2040-04-15,S8
ITEM00466,Item X,Gadgets,171,21,136,23.45,SUP050,2031-11-30,2031-12-06,2033-02-04,X5
ITEM00440,Item X,Widgets,328,12,60,44.1,SUP012,2031-06-01,2031-06-08,2032-12-16,X9
ITEM00359,Item U,Widgets,154,89,84,46.54,SUP099,2029-11-11,2029-11-14,2031-03-21,U8
ITEM00685,Item I,Parts,168,81,111,72.47,SUP035,2036-02-10,2036-02-17,2038-01-19,I4
ITEM00398,Item H,Parts,80,44,230,99.95,SUP054,2030-08-11,2030-08-16,2031-11-05,H7
ITEM00772,Item R,Widgets,401,60,162,98.93,SUP086,2037-10-11,2037-10-20,2039-09-06,R1
ITEM00057,Item E,Components,90,13,235,82.32,SUP028,2024-01-28,2024-01-31,2025-05-26,E6
ITEM00279,Item S,Parts,356,57,224,39.89,SUP047,2028-04-30,2028-05-07,2029-05-07,S8
ITEM00401,Item K,Parts,264,27,217,76.49,SUP071,2030-09-01,2030-09-08,2031-11-05,K0
ITEM00153,Item W,Widgets,481,79,57,10.89,SUP098,2025-11-30,2025-12-09,2027-03-17,W2
ITEM00433,Item Q,Components,270,30,270,15.07,SUP079,2031-04-13,2031-04-22,2032-06-30,Q2
ITEM00776,Item V,Widgets,22,48,207,45.19,SUP093,2037-11-08,2037-11-09,2039-10-13,V5
ITEM00715,Item M,Parts,363,61,221,68.22,SUP005,2036-09-07,2036-09-16,2038-06-08,M4
ITEM00953,Item Q,Components,2,99,97,58.87,SUP099,2041-03-31,2041-04-04,2042-10-14,Q2
ITEM00227,Item S,Gadgets,261,82,118,34.4,SUP065,2027-05-02,2027-05-10,2029-02-05,S6
ITEM00842,Item J,Materials,262,67,209,28.57,SUP088,2039-02-13,2039-02-19,2040-05-13,J1
ITEM00936,Item Z,Widgets,401,90,298,41.97,SUP029,2040-12-02,2040-12-03,2041-12-20,Z5
ITEM00060,Item H,Gadgets,386,33,216,53.1,SUP069,2024-02-18,2024-02-25,2025-03-20,H9
ITEM00453,Item K,Materials,490,53,294,10.65,SUP062,2031-08-31,2031-09-03,2033-03-18,K2
ITEM00090,Item L,Parts,49,50,87,56.93,SUP018,2024-09-15,2024-09-18,2025-10-03,L9
ITEM00516,Item V,Parts,239,58,110,55.99,SUP013,2032-11-14,2032-11-16,2033-12-01,V5
ITEM00146,Item P,Components,288,82,196,58.34,SUP088,2025-10-12,2025-10-18,2026-10-25,P5
ITEM00305,Item S,Parts,394,43,205,90.24,SUP073,2028-10-29,2028-11-03,2029-11-26,S4
ITEM00280,Item T,Parts,41,46,131,85.57,SUP070,2028-05-07,2028-05-10,2029-12-14,T9
ITEM00917,Item G,Parts,320,79,97,49.92,SUP053,2040-07-22,2040-07-31,2041-11-17,G6
ITEM00847,Item O,Components,257,23,134,82.34,SUP077,2039-03-20,2039-03-25,2040-10-06,O6
ITEM00208,Item Z,Parts,381,28,65,53.54,SUP044,2026-12-20,2026-12-23,2028-07-26,Z7
ITEM00214,Item F,Gadgets,2,78,70,72.84,SUP010,2027-01-31,2027-02-01,2028-02-07,F3
ITEM00325,Item M,Widgets,149,16,240,87.86,SUP017,2029-03-18,2029-03-26,2031-03-12,M4
ITEM00527,Item G,Materials,3,76,142,69.29,SUP052,2033-01-30,2033-02-05,2034-11-19,G6
ITEM00507,Item M,Components,497,64,50,33.2,SUP035,2032-09-12,2032-09-16,2033-10-08,M6
ITEM00589,Item Q,Components,262,98,157,91.24,SUP038,2034-04-09,2034-04-17,2035-11-28,Q8
ITEM00384,Item T,Components,275,46,222,6.14,SUP062,2030-05-05,2030-05-14,2031-12-13,T3
ITEM00935,Item Y,Materials,41,79,241,81.22,SUP039,2040-11-25,2040-12-04,2042-08-18,Y4
ITEM00627,Item C,Components,323,11,131,53.97,SUP059,2034-12-31,2035-01-08,2036-05-03,C6
ITEM00929,Item S,Widgets,425,78,239,6.38,SUP022,2040-10-14,2040-10-15,2042-09-22,S8
ITEM00256,Item V,Parts,450,58,250,53.2,SUP043,2027-11-21,2027-11-25,2029-11-17,V5
ITEM00846,Item N,Materials,387,87,290,77.9,SUP026,2039-03-13,2039-03-16,2041-02-15,N5
ITEM00816,Item J,Components,375,38,126,31.38,SUP054,2038-08-15,2038-08-18,2040-01-13,J5
ITEM00987,Item Y,Materials,359,79,113,89.3,SUP029,2041-11-24,2041-11-27,2043-05-31,Y6
ITEM00498,Item D,Widgets,274,74,116,38.76,SUP004,2032-07-11,2032-07-15,2033-08-09,D7
ITEM00016,Item P,Gadgets,393,21,169,11.34,SUP015,2023-04-16,2023-04-22,2024-09-18,P5
ITEM00508,Item N,Components,477,15,121,94.19,SUP095,2032-09-19,2032-09-21,2034-03-20,N7
ITEM00212,Item D,Components,188,62,168,77.92,SUP069,2027-01-17,2027-01-19,2029-01-10,D1
ITEM00974,Item L,Materials,106,33,80,13.4,SUP043,2041-08-25,2041-08-28,2042-09-30,L3
ITEM00200,Item R,Components,7,56,295,93.8,SUP062,2026-10-25,2026-10-26,2028-05-26,R9
ITEM00161,Item E,Parts,8,62,104,73.88,SUP015,2026-01-25,2026-01-26,2027-11-29,E0
ITEM00786,Item F,Widgets,164,32,223,38.54,SUP088,2038-01-17,2038-01-22,2039-07-20,F5
ITEM00472,Item D,Materials,39,12,223,81.82,SUP074,2032-01-11,2032-01-17,2033-04-23,D1
ITEM00692,Item P,Materials,269,54,298,79.15,SUP067,2036-03-30,2036-04-02,2037-09-25,P1
ITEM00415,Item Y,Widgets,143,48,236,63.58,SUP030,2030-12-08,2030-12-11,2032-04-01,Y4
ITEM00468,Item Z,Parts,474,25,217,81.07,SUP067,2031-12-14,2031-12-17,2033-01-06,Z7
ITEM00387,Item W,Gadgets,443,80,112,73.44,SUP046,2030-05-26,2030-06-03,2031-11-06,W6
ITEM00205,Item W,Components,85,77,188,58.64,SUP019,2026-11-29,2026-12-03,2028-11-27,W4
ITEM00261,Item A,Gadgets,246,81,180,50.33,SUP006,2027-12-26,2027-12-27,2029-09-27,A0
ITEM00937,Item A,Widgets,76,60,292,21.21,SUP054,2040-12-09,2040-12-18,2042-06-10,A6
ITEM00332,Item T,Gadgets,295,65,293,15.67,SUP036,2029-05-06,2029-05-12,2030-06-14,T1
ITEM00291,Item E,Parts,362,32,188,78.66,SUP067,2028-07-23,2028-07-28,2030-01-30,E0
ITEM00371,Item G,Gadgets,25,27,264,93.17,SUP086,2030-02-03,2030-02-04,2031-02-19,G0
ITEM00560,Item N,Components,302,17,103,39.18,SUP056,2033-09-18,2033-09-26,2035-08-25,N9
ITEM00013,Item M,Materials,92,23,219,81.11,SUP041,2023-03-26,2023-04-01,2024-06-23,M2
ITEM00513,Item S,Widgets,272,95,202,11.21,SUP068,2032-10-24,2032-10-28,2034-08-25,S2
ITEM00709,Item G,Widgets,499,14,157,75.19,SUP085,2036-07-27,2036-08-03,2038-02-07,G8
ITEM00908,Item X,Parts,72,64,218,58.31,SUP089,2040-05-20,2040-05-27,2041-06-13,X7
ITEM00855,Item W,Components,320,92,117,46.94,SUP080,2039-05-15,2039-05-24,2040-09-24,W4
ITEM00633,Item I,Components,409,96,133,60.29,SUP024,2035-02-11,2035-02-15,2036-07-08,I2
ITEM00947,Item K,Gadgets,161,58,224,46.03,SUP049,2041-02-17,2041-02-20,2042-03-21,K6
ITEM00942,Item F,Materials,80,35,255,7.0,SUP060,2041-01-13,2041-01-18,2042-09-20,F1
ITEM00038,Item L,Materials,55,68,238,21.9,SUP023,2023-09-17,2023-09-23,2025-09-03,L7
ITEM00317,Item E,Parts,363,27,240,28.28,SUP017,2029-01-21,2029-01-22,2030-11-09,E6
ITEM00989,Item A,Parts,416,82,70,55.64,SUP025,2041-12-08,2041-12-15,2043-08-26,A8
ITEM00020,Item T,Components,296,34,214,69.05,SUP032,2023-05-14,2023-05-20,2025-05-16,T9
ITEM00341,Item C,Widgets,406,63,256,15.24,SUP088,2029-07-08,2029-07-13,2030-08-19,C0
ITEM00389,Item Y,Widgets,445,20,173,42.18,SUP027,2030-06-09,2030-06-17,2031-09-21,Y8
ITEM00920,Item J,Components,495,56,101,94.05,SUP068,2040-08-12,2040-08-19,2042-04-09,J9
ITEM00533,Item M,Gadgets,324,24,84,43.61,SUP067,2033-03-13,2033-03-17,2034-09-30,M2
ITEM00101,Item W,Components,189,75,184,56.9,SUP053,2024-12-01,2024-12-05,2026-04-17,W0
ITEM00002,Item B,Materials,492,84,192,20.86,SUP040,2023-01-08,2023-01-16,2024-06-13,B1
ITEM00539,Item S,Gadgets,193,91,190,70.68,SUP069,2033-04-24,2033-04-29,2035-03-29,S8
ITEM00617,Item S,Components,495,72,224,86.65,SUP016,2034-10-22,2034-10-24,2035-11-05,S6
ITEM00741,Item M,Gadgets,344,98,242,22.97,SUP058,2037-03-08,2037-03-11,2038-06-26,M0
ITEM00377,Item M,Components,108,56,228,36.86,SUP085,2030-03-17,2030-03-25,2031-09-25,M6
ITEM00343,Item E,Parts,312,53,164,90.47,SUP073,2029-07-22,2029-07-23,2031-07-04,E2
ITEM00888,Item D,Materials,46,91,196,2.36,SUP033,2040-01-01,2040-01-04,2041-09-05,D7
ITEM00966,Item D,Gadgets,166,66,87,69.38,SUP007,2041-06-30,2041-07-02,2043-04-02,D5
ITEM00220,Item L,Widgets,234,72,151,98.18,SUP010,2027-03-14,2027-03-23,2028-09-16,L9
ITEM00867,Item I,Components,430,83,277,44.21,SUP090,2039-08-07,2039-08-10,2040-08-18,I6
ITEM00731,Item C,Materials,46,82,216,76.72,SUP095,2036-12-28,2036-12-31,2038-07-17,C0
ITEM00752,Item X,Components,482,41,288,53.63,SUP072,2037-05-24,2037-05-27,2039-03-04,X1
ITEM00423,Item G,Gadgets,266,77,51,16.74,SUP066,2031-02-02,2031-02-08,2032-08-14,G2
ITEM00827,Item U,Gadgets,459,74,118,56.23,SUP076,2038-10-31,2038-11-05,2040-11-02,U6
ITEM00347,Item I,Parts,239,31,200,82.49,SUP014,2029-08-19,2029-08-24,2030-11-20,I6
ITEM00611,Item M,Widgets,160,61,136,29.86,SUP042,2034-09-10,2034-09-12,2036-03-16,M0
ITEM00684,Item H,Gadgets,336,95,262,41.7,SUP099,2036-02-03,2036-02-07,2037-05-08,H3
ITEM00267,Item G,Components,442,12,70,92.02,SUP021,2028-02-06,2028-02-14,2029-06-01,G6
ITEM00085,Item G,Widgets,150,87,135,94.1,SUP051,2024-08-11,2024-08-19,2026-07-29,G4
ITEM00707,Item E,Materials,314,33,79,27.49,SUP076,2036-07-13,2036-07-17,2038-05-14,E6
ITEM00069,Item Q,Components,443,15,114,40.74,SUP068,2024-04-21,2024-04-30,2026-03-17,Q8
ITEM00158,Item B,Materials,178,87,278,71.23,SUP080,2026-01-04,2026-01-07,2027-02-12,B7
ITEM00860,Item B,Parts,274,19,73,63.37,SUP079,2039-06-19,2039-06-24,2040-06-24,B9
ITEM00302,Item P,Materials,237,22,276,40.87,SUP070,2028-10-08,2028-10-14,2030-08-26,P1
ITEM00248,Item N,Widgets,224,85,109,46.4,SUP100,2027-09-26,2027-10-03,2029-03-16,N7
ITEM01000,Item L,Parts,111,79,96,17.44,SUP044,2042-02-23,2042-03-02,2043-03-17,L9
ITEM00076,Item X,Gadgets,455,49,106,11.17,SUP074,2024-06-09,2024-06-15,2025-11-07,X5
ITEM00713,Item K,Gadgets,394,40,244,75.63,SUP003,2036-08-24,2036-08-27,2037-10-14,K2
ITEM00680,Item D,Materials,289,84,94,42.04,SUP075,2036-01-06,2036-01-15,2037-08-18,D9
ITEM00701,Item Y,Parts,422,81,222,58.63,SUP002,2036-06-01,2036-06-04,2037-12-20,Y0
ITEM00639,Item O,Components,40,94,192,21.79,SUP026,2035-03-25,2035-03-29,2037-02-08,O8
ITEM00017,Item Q,Components,51,96,177,40.51,SUP007,2023-04-23,2023-05-01,2024-08-22,Q6
ITEM00990,Item B,Gadgets,41,54,257,79.15,SUP015,2041-12-15,2041-12-16,2043-03-01,B9
ITEM00540,Item T,Components,437,87,238,37.95,SUP084,2033-05-01,2033-05-07,2034-06-19,T9
ITEM00734,Item F,Gadgets,233,59,205,95.19,SUP055,2037-01-18,2037-01-20,2038-05-20,F3
ITEM00880,Item V,Parts,448,97,134,47.12,SUP071,2039-11-06,2039-11-08,2041-09-08,V9
ITEM00897,Item M,Widgets,340,31,189,51.65,SUP032,2040-03-04,2040-03-11,2041-12-29,M6
ITEM00379,Item O,Gadgets,435,42,219,20.86,SUP001,2030-03-31,2030-04-02,2031-12-22,O8
ITEM00362,Item X,Components,201,46,127,5.72,SUP001,2029-12-02,2029-12-05,2031-11-05,X1
ITEM00283,Item W,Widgets,17,24,234,23.97,SUP019,2028-05-28,2028-06-06,2029-08-31,W2
ITEM00405,Item O,Components,215,50,113,42.03,SUP059,2030-09-29,2030-10-03,2032-01-16,O4
ITEM00149,Item S,Gadgets,467,35,60,67.02,SUP040,2025-11-02,2025-11-04,2027-07-17,S8
ITEM00599,Item A,Materials,378,18,289,59.89,SUP052,2034-06-18,2034-06-20,2036-04-21,A8
ITEM00934,Item X,Parts,88,86,252,75.03,SUP047,2040-11-18,2040-11-20,2042-06-20,X3
ITEM00502,Item H,Widgets,379,71,265,12.5,SUP003,2032-08-08,2032-08-15,2033-10-27,H1
ITEM00761,Item G,Parts,196,82,118,28.81,SUP093,2037-07-26,2037-08-04,2039-07-06,G0
ITEM00437,Item U,Gadgets,137,76,207,12.77,SUP007,2031-05-11,2031-05-12,2033-01-28,U6
ITEM00304,Item R,Materials,455,28,297,1.04,SUP087,2028-10-22,2028-10-29,2030-07-28,R3
ITEM00334,Item V,Materials,227,70,277,23.26,SUP045,2029-05-20,2029-05-28,2031-01-18,V3
ITEM00506,Item L,Widgets,446,91,154,99.05,SUP054,2032-09-05,2032-09-11,2034-03-16,L5
ITEM00195,Item M,Components,398,39,150,29.82,SUP019,2026-09-20,2026-09-25,2027-12-15,M4
ITEM00541,Item U,Widgets,494,29,279,56.8,SUP039,2033-05-08,2033-05-12,2034-06-07,U0
ITEM00232,Item X,Widgets,393,13,74,69.32,SUP085,2027-06-06,2027-06-09,2028-06-17,X1
ITEM00543,Item W,Gadgets,73,19,95,67.53,SUP041,2033-05-22,2033-05-31,2034-09-04,W2
ITEM00166,Item J,Gadgets,472,38,287,87.89,SUP094,2026-03-01,2026-03-09,2027-05-07,J5
ITEM00215,Item G,Parts,385,99,207,62.35,SUP096,2027-02-07,2027-02-15,2028-03-15,G4
ITEM00664,Item N,Parts,114,51,166,81.12,SUP003,2035-09-16,2035-09-21,2037-02-23,N3
ITEM00064,Item L,Gadgets,418,45,147,29.71,SUP058,2024-03-17,2024-03-18,2026-02-11,L3
ITEM00672,Item V,Widgets,323,69,51,8.69,SUP097,2035-11-11,2035-11-14,2037-06-05,V1
ITEM00192,Item J,Materials,165,99,173,55.15,SUP017,2026-08-30,2026-09-01,2028-03-13,J1
ITEM00738,Item J,Components,354,77,214,67.65,SUP027,2037-02-15,2037-02-21,2038-04-29,J7
ITEM00299,Item M,Components,168,24,65,81.02,SUP056,2028-09-17,2028-09-20,2030-01-13,M8
ITEM00554,Item H,Materials,427,61,294,1.66,SUP035,2033-08-07,2033-08-09,2034-11-13,H3
ITEM00351,Item M,Gadgets,244,35,169,26.28,SUP057,2029-09-16,2029-09-18,2031-08-23,M0
ITEM00655,Item E,Materials,454,77,167,92.53,SUP095,2035-07-15,2035-07-16,2037-04-14,E4
ITEM00496,Item B,Widgets,269,11,125,8.14,SUP021,2032-06-27,2032-06-30,2033-08-22,B5
ITEM00746,Item R,Parts,467,21,251,75.51,SUP072,2037-04-12,2037-04-20,2038-06-02,R5
ITEM00174,Item R,Components,229,47,179,85.86,SUP055,2026-04-26,2026-05-04,2027-11-25,R3
ITEM00503,Item I,Materials,39,32,211,78.32,SUP068,2032-08-15,2032-08-19,2034-02-26,I2
ITEM00139,Item I,Gadgets,132,37,216,93.15,SUP059,2025-08-24,2025-08-29,2026-09-10,I8
ITEM00356,Item R,Parts,491,51,294,37.07,SUP030,2029-10-21,2029-10-28,2031-07-26,R5
ITEM00406,Item P,Materials,485,84,210,75.63,SUP009,2030-10-06,2030-10-13,2032-01-25,P5
ITEM00869,Item K,Gadgets,145,55,66,10.34,SUP043,2039-08-21,2039-08-23,2040-12-11,K8
ITEM00024,Item X,Widgets,407,54,118,63.58,SUP085,2023-06-11,2023-06-17,2024-11-08,X3
ITEM00999,Item K,Components,318,16,271,98.55,SUP049,2042-02-16,2042-02-22,2043-09-13,K8
ITEM00173,Item Q,Gadgets,239,53,61,14.02,SUP076,2026-04-19,2026-04-25,2027-09-28,Q2
ITEM00293,Item G,Widgets,469,56,64,55.65,SUP055,2028-08-06,2028-08-12,2030-03-26,G2
ITEM00925,Item O,Parts,301,84,277,86.5,SUP050,2040-09-16,2040-09-22,2042-05-05,O4
ITEM00297,Item K,Materials,134,84,261,18.61,SUP098,2028-09-03,2028-09-04,2030-02-25,K6
ITEM00333,Item U,Widgets,232,51,191,68.28,SUP040,2029-05-13,2029-05-16,2030-08-02,U2
ITEM00838,Item F,Gadgets,464,18,228,23.28,SUP003,2039-01-16,2039-01-23,2041-01-15,F7
ITEM00988,Item Z,Components,223,53,175,31.3,SUP078,2041-12-01,2041-12-03,2043-08-09,Z7
ITEM00955,Item S,Widgets,289,48,121,64.62,SUP058,2041-04-14,2041-04-16,2042-11-19,S4
ITEM00575,Item C,Materials,310,69,90,80.91,SUP098,2034-01-01,2034-01-04,2035-10-17,C4
ITEM00604,Item F,Components,419,16,269,49.86,SUP038,2034-07-23,2034-07-31,2035-08-31,F3
ITEM00091,Item M,Parts,455,71,237,86.79,SUP080,2024-09-22,2024-09-25,2026-03-25,M0
ITEM00129,Item Y,Materials,175,73,202,42.16,SUP042,2025-06-15,2025-06-17,2027-04-20,Y8
ITEM00452,Item J,Components,443,31,210,84.48,SUP071,2031-08-24,2031-09-02,2033-02-26,J1
ITEM00606,Item H,Parts,338,25,246,78.89,SUP094,2034-08-06,2034-08-15,2035-10-15,H5
ITEM00121,Item Q,Gadgets,286,10,282,48.12,SUP039,2025-04-20,2025-04-29,2026-05-07,Q0
ITEM00651,Item A,Gadgets,389,30,59,82.82,SUP015,2035-06-17,2035-06-23,2036-12-21,A0
ITEM00831,Item Y,Components,382,19,190,45.63,SUP024,2038-11-28,2038-12-07,2040-05-23,Y0
ITEM00460,Item R,Parts,108,64,275,31.57,SUP051,2031-10-19,2031-10-26,2032-11-17,R9
ITEM00372,Item H,Components,39,28,199,39.79,SUP027,2030-02-10,2030-02-13,2031-12-16,H1
ITEM00868,Item J,Materials,473,47,228,67.01,SUP068,2039-08-14,2039-08-21,2041-03-19,J7
ITEM00615,Item Q,Widgets,120,59,264,80.17,SUP087,2034-10-08,2034-10-16,2036-02-06,Q4
ITEM00210,Item B,Components,36,89,112,64.81,SUP034,2027-01-03,2027-01-11,2028-07-11,B9
ITEM00323,Item K,Gadgets,282,98,87,84.88,SUP100,2029-03-04,2029-03-10,2031-03-05,K2
ITEM00403,Item M,Widgets,149,51,79,15.81,SUP018,2030-09-15,2030-09-21,2032-02-28,M2
ITEM00497,Item C,Parts,141,82,222,21.33,SUP024,2032-07-04,2032-07-08,2033-12-22,C6
ITEM00704,Item B,Components,133,10,230,31.79,SUP061,2036-06-22,2036-06-25,2037-10-20,B3
ITEM00432,Item P,Widgets,391,41,65,6.14,SUP068,2031-04-06,2031-04-09,2033-02-24,P1
ITEM00800,Item T,Parts,435,36,219,76.09,SUP007,2038-04-25,2038-04-27,2040-02-24,T9
ITEM00443,Item A,Parts,215,11,99,48.77,SUP042,2031-06-22,2031-06-26,2032-08-15,A2
ITEM00632,Item H,Widgets,195,19,217,78.72,SUP020,2035-02-04,2035-02-08,2036-05-14,H1
ITEM00131,Item A,Parts,194,37,180,37.74,SUP090,2025-06-29,2025-07-04,2027-03-07,A0
ITEM00742,Item N,Materials,365,71,96,71.75,SUP062,2037-03-15,2037-03-23,2039-01-02,N1
ITEM00034,Item H,Widgets,313,92,134,48.35,SUP085,2023-08-20,2023-08-25,2025-02-09,H3
ITEM00820,Item N,Components,372,17,293,59.26,SUP070,2038-09-12,2038-09-16,2039-10-20,N9
ITEM00051,Item Y,Components,154,40,130,42.2,SUP092,2023-12-17,2023-12-19,2025-03-04,Y0
ITEM00226,Item R,Widgets,20,22,76,94.79,SUP008,2027-04-25,2027-04-28,2028-06-07,R5
ITEM00975,Item M,Components,375,39,296,20.85,SUP081,2041-09-01,2041-09-08,2043-07-13,M4
ITEM00079,Item A,Components,344,35,147,71.79,SUP038,2024-06-30,2024-07-03,2026-02-24,A8
ITEM00521,Item A,Components,359,44,185,8.33,SUP099,2032-12-19,2032-12-23,2034-01-01,A0
ITEM00251,Item Q,Widgets,115,30,188,48.65,SUP013,2027-10-17,2027-10-26,2029-01-22,Q0
ITEM00695,Item S,Widgets,345,41,70,35.18,SUP002,2036-04-20,2036-04-21,2037-08-29,S4
ITEM00501,Item G,Components,227,61,243,73.62,SUP099,2032-08-01,2032-08-06,2033-11-13,G0
ITEM00394,Item D,Widgets,497,66,293,26.03,SUP093,2030-07-14,2030-07-20,2032-02-20,D3
ITEM00233,Item Y,Components,226,28,197,93.13,SUP049,2027-06-13,2027-06-16,2028-07-18,Y2
ITEM00725,Item W,Widgets,477,73,106,50.07,SUP001,2036-11-16,2036-11-23,2038-07-13,W4
ITEM00653,Item C,Parts,90,64,259,80.78,SUP026,2035-07-01,2035-07-08,2036-09-18,C2
ITEM00601,Item C,Parts,61,82,94,33.97,SUP022,2034-07-02,2034-07-04,2035-08-28,C0
ITEM00104,Item Z,Gadgets,327,74,203,67.91,SUP035,2024-12-22,2024-12-26,2026-03-05,Z3
ITEM00455,Item M,Components,273,45,238,50.61,SUP095,2031-09-14,2031-09-16,2032-10-04,M4
ITEM00663,Item M,Widgets,81,30,204,22.39,SUP004,2035-09-09,2035-09-10,2036-09-22,M2
ITEM00563,Item Q,Materials,62,34,58,94.03,SUP067,2033-10-09,2033-10-14,2034-12-31,Q2
ITEM00879,Item U,Materials,349,12,280,1.57,SUP087,2039-10-30,2039-11-05,2041-06-27,U8
ITEM00099,Item U,Gadgets,476,98,241,12.49,SUP009,2024-11-17,2024-11-24,2026-11-03,U8
ITEM00652,Item B,Gadgets,176,61,191,45.17,SUP096,2035-06-24,2035-06-25,2036-11-22,B1
ITEM00839,Item G,Parts,357,45,180,53.34,SUP046,2039-01-23,2039-01-24,2040-01-27,G8
ITEM00774,Item T,Gadgets,374,30,227,94.31,SUP023,2037-10-25,2037-10-31,2039-01-16,T3
ITEM00246,Item L,Parts,215,24,183,55.14,SUP063,2027-09-12,2027-09-16,2029-06-25,L5
ITEM00150,Item T,Components,366,38,297,82.51,SUP048,2025-11-09,2025-11-18,2026-11-26,T9
ITEM00070,Item R,Components,364,48,123,16.7,SUP053,2024-04-28,2024-05-04,2025-10-18,R9
ITEM00186,Item D,Components,288,14,269,57.49,SUP023,2026-07-19,2026-07-26,2027-08-07,D5
ITEM00446,Item D,Components,223,11,118,90.75,SUP066,2031-07-13,2031-07-15,2033-06-12,D5
ITEM00759,Item E,Materials,477,27,87,65.13,SUP046,2037-07-12,2037-07-18,2039-02-07,E8
ITEM00785,Item E,Materials,204,16,204,93.0,SUP091,2038-01-10,2038-01-16,2039-01-27,E4
ITEM00837,Item E,Gadgets,303,22,136,75.08,SUP094,2039-01-09,2039-01-14,2040-10-07,E6
ITEM00425,Item I,Parts,199,58,174,10.73,SUP022,2031-02-16,2031-02-22,2032-07-16,I4
ITEM00885,Item A,Widgets,378,33,150,89.28,SUP007,2039-12-11,2039-12-16,2041-04-28,A4
ITEM00216,Item H,Parts,303,71,62,89.71,SUP042,2027-02-14,2027-02-22,2028-12-22,H5
ITEM00949,Item M,Materials,424,83,53,91.11,SUP048,2041-03-03,2041-03-12,2043-01-14,M8
ITEM00678,Item B,Parts,461,30,114,35.13,SUP091,2035-12-23,2035-12-25,2037-12-04,B7
ITEM00050,Item X,Components,117,94,82,22.25,SUP097,2023-12-10,2023-12-15,2025-10-10,X9
ITEM00881,Item W,Components,428,89,57,57.55,SUP059,2039-11-13,2039-11-19,2041-05-03,W0
ITEM00646,Item V,Gadgets,124,45,251,52.13,SUP069,2035-05-13,2035-05-17,2036-08-17,V5
ITEM00369,Item E,Components,104,83,203,5.49,SUP060,2030-01-20,2030-01-27,2031-04-05,E8
ITEM00422,Item F,Components,288,50,57,45.43,SUP076,2031-01-26,2031-01-31,2032-11-20,F1
ITEM00753,Item Y,Widgets,319,41,272,51.55,SUP063,2037-05-31,2037-06-05,2038-10-31,Y2
ITEM00688,Item L,Widgets,59,26,272,43.53,SUP001,2036-03-02,2036-03-10,2038-01-01,L7
ITEM00666,Item P,Widgets,301,73,142,63.59,SUP029,2035-09-30,2035-10-01,2037-02-08,P5
ITEM00551,Item E,Parts,293,74,139,61.61,SUP040,2033-07-17,2033-07-22,2035-06-03,E0
ITEM00717,Item O,Gadgets,158,92,90,75.61,SUP061,2036-09-21,2036-09-25,2038-02-15,O6
ITEM00144,Item N,Components,359,87,227,68.54,SUP002,2025-09-28,2025-10-02,2027-01-04,N3
ITEM00794,Item N,Gadgets,395,91,55,58.52,SUP092,2038-03-14,2038-03-15,2039-12-01,N3
ITEM00950,Item N,Widgets,416,73,184,64.26,SUP014,2041-03-10,2041-03-18,2043-02-23,N9
ITEM00117,Item M,Gadgets,285,89,141,11.38,SUP076,2025-03-23,2025-03-31,2026-04-14,M6
ITEM00754,Item Z,Parts,412,20,268,82.24,SUP085,2037-06-07,2037-06-12,2039-04-11,Z3
ITEM00018,Item R,Materials,29,21,191,72.59,SUP040,2023-04-30,2023-05-08,2024-07-09,R7
ITEM00747,Item S,Parts,414,11,237,47.04,SUP008,2037-04-19,2037-04-26,2039-01-19,S6
ITEM00841,Item I,Materials,84,99,147,46.85,SUP075,2039-02-06,2039-02-12,2040-05-27,I0
ITEM00619,Item U,Components,329,16,131,86.12,SUP035,2034-11-05,2034-11-07,2036-02-03,U8
ITEM00673,Item W,Materials,56,57,130,83.06,SUP021,2035-11-18,2035-11-23,2037-02-08,W2
ITEM00412,Item V,Gadgets,466,99,102,48.7,SUP005,2030-11-17,2030-11-21,2032-02-15,V1
ITEM00269,Item I,Materials,109,35,297,22.18,SUP080,2028-02-20,2028-02-25,2029-09-02,I8
ITEM00534,Item N,Materials,146,30,225,69.88,SUP099,2033-03-20,2033-03-22,2034-10-18,N3
ITEM00133,Item C,Components,113,56,93,73.32,SUP062,2025-07-13,2025-07-14,2027-04-15,C2
ITEM00282,Item V,Materials,34,53,124,31.69,SUP093,2028-05-21,2028-05-23,2029-11-10,V1
ITEM00689,Item M,Widgets,59,69,202,74.32,SUP025,2036-03-09,2036-03-15,2037-12-14,M8
ITEM00732,Item D,Materials,155,75,83,68.21,SUP013,2037-01-04,2037-01-11,2038-06-20,D1
ITEM00919,Item I,Materials,366,29,285,46.66,SUP036,2040-08-05,2040-08-14,2041-09-14,I8
ITEM00645,Item U,Materials,472,41,154,12.08,SUP038,2035-05-06,2035-05-11,2037-03-11,U4
ITEM00072,Item T,Materials,179,67,54,82.55,SUP071,2024-05-12,2024-05-19,2026-05-08,T1
ITEM00524,Item D,Parts,65,39,155,74.28,SUP077,2033-01-09,2033-01-16,2034-06-04,D3
ITEM00538,Item R,Parts,432,44,226,64.52,SUP088,2033-04-17,2033-04-24,2034-05-16,R7
ITEM00647,Item W,Parts,463,90,243,78.87,SUP087,2035-05-20,2035-05-25,2036-11-07,W6
ITEM00791,Item K,Parts,460,31,283,10.44,SUP049,2038-02-21,2038-03-02,2039-05-11,K0
ITEM00528,Item H,Widgets,429,89,158,15.25,SUP092,2033-02-06,2033-02-12,2035-02-07,H7
ITEM00367,Item C,Components,61,69,137,52.05,SUP028,2030-01-06,2030-01-14,2031-04-04,C6
ITEM00609,Item K,Gadgets,216,49,140,26.08,SUP010,2034-08-27,2034-08-31,2036-03-26,K8
ITEM00229,Item U,Parts,422,40,180,54.34,SUP078,2027-05-16,2027-05-25,2028-11-12,U8
ITEM00801,Item U,Parts,459,59,278,2.45,SUP042,2038-05-02,2038-05-08,2039-09-19,U0
ITEM00169,Item M,Widgets,255,65,91,76.47,SUP067,2026-03-22,2026-03-24,2028-01-13,M8
ITEM00700,Item X,Gadgets,155,86,148,63.83,SUP009,2036-05-25,2036-06-02,2038-05-22,X9
ITEM00167,Item K,Components,471,66,153,5.12,SUP030,2026-03-08,2026-03-14,2027-12-17,K6
ITEM00413,Item W,Materials,89,51,276,36.81,SUP014,2030-11-24,2030-11-30,2032-11-25,W2
ITEM00682,Item F,Materials,216,17,267,30.3,SUP065,2036-01-20,2036-01-27,2037-06-28,F1
ITEM00083,Item E,Materials,63,53,174,47.23,SUP083,2024-07-28,2024-08-03,2026-01-02,E2
ITEM00702,Item Z,Parts,188,96,168,12.72,SUP034,2036-06-08,2036-06-09,2038-04-12,Z1
ITEM00027,Item A,Parts,101,64,267,1.6,SUP004,2023-07-02,2023-07-05,2025-05-12,A6
ITEM00902,Item R,Widgets,444,40,280,39.67,SUP056,2040-04-08,2040-04-14,2041-12-17,R1
ITEM00552,Item F,Gadgets,61,89,88,22.1,SUP080,2033-07-24,2033-07-26,2034-12-02,F1
ITEM00727,Item Y,Components,295,47,149,44.47,SUP037,2036-11-30,2036-12-04,2038-09-28,Y6
ITEM00211,Item C,Parts,285,23,158,56.57,SUP066,2027-01-10,2027-01-11,2028-10-06,C0
ITEM00328,Item P,Materials,11,22,106,84.14,SUP082,2029-04-08,2029-04-14,2030-11-21,P7
ITEM00719,Item Q,Gadgets,415,37,72,33.43,SUP090,2036-10-05,2036-10-11,2038-03-16,Q8
ITEM00843,Item K,Widgets,147,63,158,65.82,SUP086,2039-02-20,2039-02-28,2040-09-28,K2
ITEM00773,Item S,Components,394,55,158,23.92,SUP071,2037-10-18,2037-10-27,2039-02-03,S2
ITEM00275,Item O,Parts,146,35,229,70.13,SUP028,2028-04-02,2028-04-07,2029-11-29,O4
ITEM00281,Item U,Gadgets,422,88,107,77.54,SUP057,2028-05-14,2028-05-22,2030-01-06,U0
ITEM00488,Item T,Parts,450,25,228,43.62,SUP083,2032-05-02,2032-05-07,2034-04-12,T7
ITEM00276,Item P,Parts,128,34,83,40.13,SUP005,2028-04-09,2028-04-12,2029-07-24,P5
ITEM00115,Item K,Widgets,32,76,263,63.8,SUP042,2025-03-09,2025-03-16,2026-11-14,K4
ITEM00329,Item Q,Gadgets,164,40,166,75.43,SUP071,2029-04-15,2029-04-16,2030-12-12,Q8
ITEM00825,Item S,Widgets,84,14,71,72.71,SUP087,2038-10-17,2038-10-20,2040-03-07,S4
ITEM00610,Item L,Widgets,3,26,223,98.78,SUP079,2034-09-03,2034-09-10,2036-07-25,L9
ITEM00264,Item D,Widgets,494,75,79,52.73,SUP071,2028-01-16,2028-01-20,2029-08-20,D3
ITEM00958,Item V,Materials,414,33,130,10.4,SUP002,2041-05-05,2041-05-11,2042-05-23,V7
ITEM00381,Item Q,Gadgets,102,90,250,2.0,SUP047,2030-04-14,2030-04-20,2031-07-28,Q0
ITEM00986,Item X,Parts,73,86,91,67.26,SUP057,2041-11-17,2041-11-23,2043-03-06,X5
ITEM00491,Item W,Widgets,170,23,248,25.47,SUP074,2032-05-23,2032-05-28,2033-11-22,W0
ITEM00995,Item G,Materials,178,30,84,94.3,SUP093,2042-01-19,2042-01-22,2043-10-06,G4
ITEM00699,Item W,Gadgets,191,17,213,13.03,SUP069,2036-05-18,2036-05-24,2037-10-24,W8
ITEM00693,Item Q,Components,363,92,87,30.38,SUP063,2036-04-06,2036-04-07,2037-10-07,Q2
ITEM00278,Item R,Parts,42,14,100,96.74,SUP018,2028-04-23,2028-05-01,2030-02-07,R7
ITEM00556,Item J,Materials,198,50,241,62.9,SUP005,2033-08-21,2033-08-29,2034-11-23,J5
ITEM00558,Item L,Materials,440,34,155,6.0,SUP011,2033-09-04,2033-09-11,2035-01-07,L7
ITEM00616,Item R,Parts,381,72,226,34.03,SUP097,2034-10-15,2034-10-21,2036-05-06,R5
ITEM00100,Item V,Widgets,63,37,81,5.19,SUP061,2024-11-24,2024-11-30,2026-01-13,V9
ITEM00597,Item Y,Materials,99,96,61,22.32,SUP037,2034-06-04,2034-06-13,2035-12-20,Y6
ITEM00658,Item H,Gadgets,176,91,88,26.23,SUP064,2035-08-05,2035-08-07,2036-11-14,H7
ITEM00354,Item P,Components,446,19,191,4.25,SUP082,2029-10-07,2029-10-08,2030-10-29,P3
ITEM00871,Item M,Parts,309,69,131,81.46,SUP099,2039-09-04,2039-09-09,2041-06-26,M0
ITEM00523,Item C,Components,389,97,173,52.16,SUP002,2033-01-02,2033-01-11,2034-04-01,C2
ITEM00450,Item H,Gadgets,483,39,244,79.96,SUP017,2031-08-10,2031-08-17,2033-06-09,H9
ITEM00484,Item P,Materials,493,91,87,39.68,SUP088,2032-04-04,2032-04-12,2033-06-07,P3
ITEM00716,Item N,Components,437,24,128,41.77,SUP090,2036-09-14,2036-09-20,2038-01-15,N5
ITEM00810,Item D,Materials,465,70,183,60.94,SUP001,2038-07-04,2038-07-10,2039-07-18,D9
ITEM00817,Item K,Widgets,285,39,108,42.08,SUP067,2038-08-22,2038-08-30,2040-05-22,K6
ITEM00698,Item V,Gadgets,356,96,195,88.28,SUP074,2036-05-11,2036-05-15,2037-07-08,V7
ITEM00188,Item F,Widgets,302,56,296,66.64,SUP016,2026-08-02,2026-08-08,2028-07-31,F7
ITEM00811,Item E,Components,99,65,245,43.88,SUP087,2038-07-11,2038-07-15,2040-04-10,E0
ITEM00198,Item P,Widgets,432,35,247,90.05,SUP018,2026-10-11,2026-10-15,2028-04-23,P7
ITEM00565,Item S,Components,226,77,86,72.85,SUP031,2033-10-23,2033-10-30,2035-10-07,S4
ITEM00408,Item R,Components,464,69,101,27.63,SUP072,2030-10-20,2030-10-22,2032-04-26,R7
ITEM00126,Item V,Components,257,85,162,86.04,SUP088,2025-05-25,2025-05-26,2027-02-21,V5
ITEM00982,Item T,Components,123,89,220,13.67,SUP100,2041-10-20,2041-10-27,2043-09-30,T1
ITEM00026,Item Z,Parts,302,62,136,70.08,SUP065,2023-06-25,2023-07-03,2025-02-11,Z5
ITEM00945,Item I,Parts,92,46,141,17.97,SUP095,2041-02-03,2041-02-05,2042-05-03,I4
ITEM00397,Item G,Materials,318,73,215,34.36,SUP072,2030-08-04,2030-08-09,2031-12-11,G6
ITEM00835,Item C,Materials,477,75,102,53.79,SUP081,2038-12-26,2038-12-30,2040-08-08,C4
ITEM00567,Item U,Parts,199,69,90,74.2,SUP071,2033-11-06,2033-11-07,2035-02-11,U6
ITEM00886,Item B,Gadgets,387,43,213,85.07,SUP049,2039-12-18,2039-12-25,2041-05-01,B5
ITEM00454,Item L,Materials,103,67,250,56.34,SUP041,2031-09-07,2031-09-11,2033-01-15,L3
ITEM00767,Item M,Gadgets,219,39,253,84.94,SUP029,2037-09-06,2037-09-12,2039-03-17,M6
ITEM00071,Item S,Widgets,251,51,134,88.32,SUP033,2024-05-05,2024-05-09,2026-01-22,S0
ITEM00286,Item Z,Materials,486,96,177,96.06,SUP003,2028-06-18,2028-06-26,2030-05-22,Z5
ITEM00162,Item F,Widgets,321,97,186,33.69,SUP027,2026-02-01,2026-02-06,2027-08-23,F1
ITEM00383,Item S,Widgets,12,57,261,88.39,SUP096,2030-04-28,2030-05-06,2032-03-20,S2
ITEM00683,Item G,Gadgets,147,68,150,46.46,SUP063,2036-01-27,2036-01-28,2037-07-19,G2
ITEM00824,Item R,Parts,462,10,289,87.0,SUP082,2038-10-10,2038-10-12,2040-07-03,R3
ITEM00768,Item N,Materials,192,93,279,55.01,SUP080,2037-09-13,2037-09-22,2038-11-06,N7
ITEM00330,Item R,Gadgets,113,80,230,23.64,SUP081,2029-04-22,2029-04-28,2031-01-21,R9
ITEM00972,Item J,Materials,143,94,287,80.21,SUP032,2041-08-11,2041-08-18,2043-01-04,J1
ITEM00106,Item B,Materials,224,85,117,26.17,SUP098,2025-01-05,2025-01-06,2027-01-01,B5
ITEM00058,Item F,Gadgets,75,29,92,55.91,SUP056,2024-02-04,2024-02-06,2025-05-07,F7
ITEM00967,Item E,Widgets,359,40,116,60.08,SUP014,2041-07-07,2041-07-09,2043-04-13,E6
ITEM00622,Item X,Gadgets,357,23,117,41.72,SUP002,2034-11-26,2034-12-03,2036-06-22,X1
ITEM00845,Item M,Materials,453,90,299,7.25,SUP045,2039-03-06,2039-03-12,2040-07-20,M4
ITEM00352,Item N,Gadgets,491,18,95,30.27,SUP083,2029-09-23,2029-09-25,2030-12-18,N1
ITEM00130,Item Z,Materials,498,93,297,72.25,SUP039,2025-06-22,2025-06-27,2026-09-03,Z9
ITEM00047,Item U,Gadgets,202,16,120,55.35,SUP044,2023-11-19,2023-11-28,2025-02-24,U6
ITEM00031,Item E,Parts,420,91,196,12.18,SUP037,2023-07-30,2023-08-06,2024-10-31,E0
ITEM00576,Item D,Materials,373,72,88,86.27,SUP050,2034-01-08,2034-01-16,2035-04-07,D5
ITEM00172,Item P,Widgets,249,32,247,22.76,SUP049,2026-04-12,2026-04-15,2027-09-12,P1
ITEM00809,Item C,Widgets,4,46,136,26.56,SUP027,2038-06-27,2038-07-01,2040-04-18,C8
ITEM00758,Item D,Gadgets,37,49,162,41.56,SUP058,2037-07-05,2037-07-14,2038-09-30,D7
ITEM00445,Item C,Materials,82,53,198,39.34,SUP018,2031-07-06,2031-07-15,2033-04-24,C4
ITEM00642,Item R,Materials,395,62,51,2.14,SUP047,2035-04-15,2035-04-21,2037-03-22,R1
ITEM00393,Item C,Materials,311,86,224,81.98,SUP049,2030-07-07,2030-07-10,2031-07-10,C2
ITEM00471,Item C,Gadgets,364,93,125,32.34,SUP086,2032-01-04,2032-01-09,2033-02-18,C0
ITEM00311,Item Y,Widgets,190,37,173,48.67,SUP063,2028-12-10,2028-12-11,2030-11-10,Y0
ITEM00675,Item Y,Widgets,354,19,61,52.64,SUP095,2035-12-02,2035-12-08,2037-09-03,Y4
ITEM00300,Item N,Widgets,98,77,211,26.13,SUP055,2028-09-24,2028-10-01,2030-06-27,N9
ITEM00743,Item O,Gadgets,163,19,197,88.27,SUP046,2037-03-22,2037-03-30,2038-05-17,O2
ITEM00141,Item K,Widgets,264,15,72,73.97,SUP068,2025-09-07,2025-09-11,2026-12-28,K0
ITEM00691,Item O,Materials,169,97,201,53.66,SUP084,2036-03-23,2036-03-27,2037-06-10,O0
ITEM00537,Item Q,Parts,153,11,105,55.78,SUP012,2033-04-10,2033-04-14,2035-01-17,Q6
ITEM00580,Item H,Components,330,11,287,99.63,SUP071,2034-02-05,2034-02-06,2035-04-07,H9
ITEM00430,Item N,Components,86,53,176,35.12,SUP038,2031-03-23,2031-03-29,2033-02-04,N9
ITEM00515,Item U,Components,236,21,194,97.92,SUP078,2032-11-07,2032-11-14,2034-01-30,U4
ITEM00994,Item F,Gadgets,328,66,201,6.47,SUP079,2042-01-12,2042-01-17,2043-04-03,F3
ITEM00386,Item V,Widgets,44,44,255,31.7,SUP018,2030-05-19,2030-05-21,2031-10-29,V5
ITEM00922,Item L,Materials,166,79,119,94.97,SUP052,2040-08-26,2040-09-01,2041-09-25,L1
ITEM00905,Item U,Components,117,57,258,73.57,SUP054,2040-04-29,2040-05-02,2041-06-27,U4
ITEM00798,Item R,Gadgets,79,88,294,35.67,SUP005,2038-04-11,2038-04-20,2039-08-04,R7
ITEM00253,Item S,Components,14,69,224,67.76,SUP097,2027-10-31,2027-11-03,2028-11-22,S2
ITEM00697,Item U,Components,170,74,156,73.51,SUP064,2036-05-04,2036-05-06,2037-06-23,U6
ITEM00474,Item F,Materials,376,39,64,8.02,SUP067,2032-01-25,2032-01-29,2033-07-04,F3
ITEM00643,Item S,Materials,443,91,240,41.47,SUP053,2035-04-22,2035-04-25,2037-01-21,S2
ITEM00029,Item C,Components,346,60,265,87.03,SUP026,2023-07-16,2023-07-17,2025-06-27,C8
ITEM00204,Item V,Widgets,151,55,61,67.49,SUP052,2026-11-22,2026-12-01,2028-07-03,V3
ITEM00114,Item J,Parts,318,19,128,48.07,SUP028,2025-03-02,2025-03-04,2026-05-30,J3
ITEM00542,Item V,Gadgets,463,91,98,45.62,SUP013,2033-05-15,2033-05-17,2035-02-22,V1
ITEM00579,Item G,Gadgets,366,52,60,44.4,SUP012,2034-01-29,2034-02-01,2035-02-01,G8
ITEM00638,Item N,Materials,463,22,292,3.8,SUP027,2035-03-18,2035-03-19,2037-03-04,N7
ITEM00289,Item C,Parts,87,52,118,60.7,SUP099,2028-07-09,2028-07-14,2029-09-14,C8
ITEM00032,Item F,Components,182,79,164,84.37,SUP023,2023-08-06,2023-08-15,2025-06-12,F1
ITEM00234,Item Z,Components,53,79,211,50.23,SUP009,2027-06-20,2027-06-28,2028-08-01,Z3
ITEM00649,Item Y,Widgets,328,20,124,74.93,SUP098,2035-06-03,2035-06-06,2037-05-11,Y8
ITEM00557,Item K,Parts,295,15,111,37.98,SUP090,2033-08-28,2033-08-29,2035-06-18,K6
ITEM00927,Item Q,Gadgets,289,99,124,92.58,SUP041,2040-09-30,2040-10-01,2042-03-29,Q6
ITEM00581,Item I,Components,107,69,196,23.69,SUP039,2034-02-12,2034-02-18,2035-11-14,I0
ITEM00374,Item J,Parts,131,83,298,53.67,SUP076,2030-02-24,2030-03-02,2031-08-13,J3
ITEM00901,Item Q,Parts,432,67,188,40.83,SUP060,2040-04-01,2040-04-04,2041-10-20,Q0
ITEM00236,Item B,Gadgets,355,22,175,5.41,SUP069,2027-07-04,2027-07-07,2029-02-05,B5
ITEM00098,Item T,Gadgets,342,26,98,67.84,SUP067,2024-11-10,2024-11-14,2025-12-17,T7
ITEM00812,Item F,Gadgets,397,12,67,77.66,SUP074,2038-07-18,2038-07-19,2039-10-19,F1
ITEM00520,Item Z,Parts,409,54,76,52.45,SUP036,2032-12-12,2032-12-16,2033-12-17,Z9
ITEM00805,Item Y,Gadgets,482,53,219,66.59,SUP046,2038-05-30,2038-06-04,2039-12-12,Y4
ITEM00052,Item Z,Components,425,67,201,76.2,SUP009,2023-12-24,2024-01-02,2025-06-26,Z1
ITEM00092,Item N,Widgets,337,69,108,57.61,SUP036,2024-09-29,2024-09-30,2026-08-24,N1
ITEM00865,Item G,Parts,72,63,147,51.91,SUP065,2039-07-24,2039-07-30,2041-06-02,G4
ITEM00462,Item T,Gadgets,301,71,273,12.73,SUP044,2031-11-02,2031-11-03,2033-09-16,T1
ITEM00887,Item C,Gadgets,404,39,167,41.2,SUP026,2039-12-25,2040-01-01,2041-10-20,C6
ITEM00708,Item F,Parts,249,26,237,34.23,SUP036,2036-07-20,2036-07-29,2038-07-19,F7
ITEM00461,Item S,Widgets,188,89,265,48.74,SUP034,2031-10-26,2031-11-02,2033-01-22,S0
ITEM00313,Item A,Gadgets,46,17,249,9.98,SUP042,2028-12-24,2028-12-30,2030-03-09,A2
ITEM00112,Item H,Parts,440,40,281,94.45,SUP050,2025-02-16,2025-02-24,2026-10-25,H1
ITEM00570,Item X,Parts,59,22,70,50.31,SUP041,2033-11-27,2033-12-02,2035-05-01,X9
ITEM00532,Item L,Gadgets,498,82,191,7.77,SUP055,2033-03-06,2033-03-15,2034-05-11,L1
ITEM00255,Item U,Widgets,40,42,157,99.5,SUP093,2027-11-14,2027-11-23,2029-05-24,U4
ITEM00954,Item R,Materials,225,13,122,83.55,SUP058,2041-04-07,2041-04-16,2042-10-18,R3
ITEM00722,Item T,Parts,258,14,97,3.19,SUP005,2036-10-26,2036-10-30,2038-03-26,T1
ITEM00993,Item E,Components,264,91,218,48.02,SUP029,2042-01-05,2042-01-06,2043-03-28,E2
ITEM00429,Item M,Materials,469,14,169,85.2,SUP020,2031-03-16,2031-03-20,2033-03-07,M8
ITEM00102,Item X,Widgets,360,44,70,93.09,SUP018,2024-12-08,2024-12-10,2025-12-30,X1
ITEM00320,Item H,Parts,181,86,235,39.25,SUP002,2029-02-11,2029-02-16,2030-05-05,H9
ITEM00874,Item P,Components,27,29,298,82.84,SUP075,2039-09-25,2039-09-27,2040-10-09,P3
ITEM00062,Item J,Components,210,58,226,24.23,SUP098,2024-03-03,2024-03-12,2026-01-02,J1
ITEM00626,Item B,Gadgets,440,64,213,50.44,SUP080,2034-12-24,2034-12-26,2036-06-18,B5
ITEM00899,Item O,Widgets,9,85,198,93.9,SUP077,2040-03-18,2040-03-21,2041-12-11,O8
ITEM00270,Item J,Components,98,81,267,2.29,SUP056,2028-02-27,2028-03-04,2029-09-19,J9
ITEM00075,Item W,Materials,25,27,161,40.84,SUP051,2024-06-02,2024-06-08,2025-06-26,W4
ITEM00720,Item R,Gadgets,82,60,153,55.12,SUP026,2036-10-12,2036-10-15,2038-09-27,R9
ITEM00231,Item W,Gadgets,222,77,245,69.31,SUP030,2027-05-30,2027-06-07,2028-11-07,W0
