SaleID,CustomerID,SaleDate,SaleAmount,ProductID,QuantitySold,UnitPrice,TotalValue,PaymentMethod,SaleStatus
SALE00240,CUST056,2023-08-28,13036,PROD0356,49,245.15,12012.35,Credit Card,Pending
SALE00821,CUST028,2025-03-31,12011,PROD0249,4,220.15,880.6,Cash,Completed
SALE00476,CUST013,2024-04-20,10357,PROD0007,22,437.93,9634.460000000001,Cash,Pending
SALE00981,CUST076,2025-09-07,4100,PROD0450,34,134.45,4571.299999999999,Credit Card,Pending
SALE00277,CUST010,2023-10-04,7492,PROD0015,49,292.82,14348.18,Cash,Pending
SALE00635,CUST048,2024-09-26,6584,PROD0012,27,337.0,9099.0,Bank Transfer,Pending
SALE00249,CUST084,2023-09-06,12035,PROD0294,36,270.8,9748.800000000001,Cash,Completed
SALE00979,CUST093,2025-09-05,4884,PROD0028,40,405.04,16201.6,Credit Card,Completed
SALE00680,CUST005,2024-11-10,5636,PROD0022,26,141.97,3691.22,Credit Card,Pending
SALE00414,CUST038,2024-02-18,4655,PROD0207,28,326.19,9133.32,Cash,Pending
SALE00504,CUST001,2024-05-18,5901,PROD0451,30,450.15,13504.5,Cash,Completed
SALE00243,CUST053,2023-08-31,13645,PROD0096,1,168.33,168.33,Cash,Pending
SALE00469,CUST089,2024-04-13,1080,PROD0441,49,196.65,9635.85,Bank Transfer,Completed
SALE00694,CUST030,2024-11-24,11066,PROD0167,3,61.91,185.73,Bank Transfer,Completed
SALE00901,CUST083,2025-06-19,9688,PROD0126,25,401.19,10029.75,Bank Transfer,Pending
SALE00210,CUST013,2023-07-29,9889,PROD0015,37,338.0,12506.0,Credit Card,Pending
SALE00850,CUST069,2025-04-29,4949,PROD0461,29,484.0,14036.0,Credit Card,Completed
SALE00558,CUST028,2024-07-11,5415,PROD0178,21,482.27,10127.67,Cash,Completed
SALE00280,CUST015,2023-10-07,14049,PROD0169,14,306.43,4290.02,Bank Transfer,Completed
SALE00940,CUST018,2025-07-28,7991,PROD0313,48,69.99,3359.5199999999995,Bank Transfer,Pending
SALE00673,CUST010,2024-11-03,4100,PROD0379,35,489.41,17129.350000000002,Credit Card,Pending
SALE00891,CUST009,2025-06-09,14070,PROD0037,29,135.19,3920.5099999999998,Cash,Pending
SALE00091,CUST095,2023-04-01,9792,PROD0472,32,81.5,2608.0,Credit Card,Pending
SALE00666,CUST092,2024-10-27,951,PROD0417,22,339.01,7458.219999999999,Bank Transfer,Completed
SALE00356,CUST032,2023-12-22,4648,PROD0326,33,154.69,5104.7699999999995,Bank Transfer,Pending
SALE00138,CUST024,2023-05-18,491,PROD0012,45,311.71,14026.949999999999,Cash,Completed
SALE00809,CUST037,2025-03-19,1291,PROD0056,30,205.43,6162.900000000001,Cash,Completed
SALE00754,CUST013,2025-01-23,14612,PROD0316,39,321.88,12553.32,Cash,Pending
SALE00783,CUST015,2025-02-21,2256,PROD0494,33,490.03,16170.99,Cash,Pending
SALE00309,CUST064,2023-11-05,4382,PROD0397,18,297.66,5357.88,Credit Card,Completed
SALE00406,CUST094,2024-02-10,6115,PROD0137,36,17.75,639.0,Bank Transfer,Pending
SALE00393,CUST095,2024-01-28,11526,PROD0211,43,122.82,5281.259999999999,Bank Transfer,Completed
SALE00417,CUST062,2024-02-21,12857,PROD0462,29,189.81,5504.49,Credit Card,Completed
SALE00881,CUST086,2025-05-30,5010,PROD0444,25,253.66,6341.5,Cash,Completed
SALE00323,CUST010,2023-11-19,3011,PROD0219,33,243.58,8038.14,Bank Transfer,Pending
SALE00196,CUST033,2023-07-15,6992,PROD0060,21,329.54,6920.34,Bank Transfer,Pending
SALE00244,CUST087,2023-09-01,13071,PROD0417,26,486.82,12657.32,Bank Transfer,Pending
SALE00133,CUST025,2023-05-13,2795,PROD0306,28,224.92,6297.759999999999,Credit Card,Pending
SALE00245,CUST088,2023-09-02,763,PROD0429,14,294.25,4119.5,Bank Transfer,Completed
SALE00311,CUST088,2023-11-07,2611,PROD0212,8,324.86,2598.88,Cash,Pending
SALE00397,CUST072,2024-02-01,12359,PROD0298,40,319.69,12787.6,Credit Card,Pending
SALE00533,CUST085,2024-06-16,10274,PROD0330,33,155.7,5138.099999999999,Credit Card,Completed
SALE00303,CUST036,2023-10-30,2030,PROD0110,26,196.41,5106.66,Bank Transfer,Completed
SALE00077,CUST048,2023-03-18,8326,PROD0341,16,222.29,3556.64,Credit Card,Pending
SALE00632,CUST087,2024-09-23,10557,PROD0033,27,393.42,10622.34,Credit Card,Completed
SALE00201,CUST040,2023-07-20,6768,PROD0164,30,298.32,8949.6,Credit Card,Completed
SALE00877,CUST041,2025-05-26,3727,PROD0076,35,64.85,2269.75,Credit Card,Pending
SALE00849,CUST023,2025-04-28,4848,PROD0495,20,474.05,9481.0,Credit Card,Completed
SALE00060,CUST046,2023-03-01,8892,PROD0477,10,18.75,187.5,Credit Card,Pending
SALE00437,CUST085,2024-03-12,11359,PROD0232,9,294.43,2649.87,Bank Transfer,Pending
SALE00674,CUST089,2024-11-04,5152,PROD0210,43,376.61,16194.230000000001,Bank Transfer,Completed
SALE00281,CUST084,2023-10-08,5349,PROD0310,11,165.87,1824.5700000000002,Credit Card,Completed
SALE00483,CUST085,2024-04-27,2833,PROD0215,13,204.62,2660.06,Bank Transfer,Pending
SALE00785,CUST063,2025-02-23,5261,PROD0334,45,353.12,15890.4,Cash,Pending
SALE00028,CUST021,2023-01-28,1284,PROD0221,30,268.24,8047.200000000001,Credit Card,Completed
SALE00441,CUST013,2024-03-16,7783,PROD0374,41,379.87,15574.67,Cash,Completed
SALE00514,CUST097,2024-05-28,3050,PROD0435,10,49.18,491.8,Cash,Completed
SALE00816,CUST016,2025-03-26,1640,PROD0468,49,145.1,7109.9,Cash,Completed
SALE00289,CUST011,2023-10-16,5031,PROD0343,22,384.94,8468.68,Bank Transfer,Completed
SALE00465,CUST059,2024-04-09,5188,PROD0089,22,40.92,900.24,Bank Transfer,Pending
SALE00578,CUST099,2024-07-31,11967,PROD0016,37,83.13,3075.81,Bank Transfer,Completed
SALE00631,CUST012,2024-09-22,11251,PROD0426,21,450.46,9459.66,Credit Card,Completed
SALE00424,CUST003,2024-02-28,3536,PROD0098,1,323.68,323.68,Bank Transfer,Completed
SALE00147,CUST051,2023-05-27,3199,PROD0386,47,330.1,15514.7,Cash,Completed
SALE00659,CUST070,2024-10-20,8627,PROD0135,49,90.21,4420.29,Cash,Completed
SALE00029,CUST013,2023-01-29,4655,PROD0356,30,414.7,12441.0,Credit Card,Pending
SALE00394,CUST054,2024-01-29,12083,PROD0456,12,111.03,1332.3600000000001,Bank Transfer,Completed
SALE00194,CUST020,2023-07-13,7674,PROD0276,33,334.68,11044.44,Bank Transfer,Completed
SALE00156,CUST014,2023-06-05,11937,PROD0381,10,421.82,4218.2,Credit Card,Completed
SALE00326,CUST099,2023-11-22,8780,PROD0247,14,375.97,5263.58,Bank Transfer,Completed
SALE00005,CUST080,2023-01-05,5291,PROD0285,14,387.78,5428.92,Credit Card,Completed
SALE00186,CUST022,2023-07-05,2890,PROD0073,41,261.18,10708.380000000001,Bank Transfer,Pending
SALE00258,CUST020,2023-09-15,12951,PROD0452,10,86.52,865.1999999999999,Credit Card,Pending
SALE00175,CUST054,2023-06-24,9162,PROD0363,36,149.09,5367.24,Cash,Pending
SALE00102,CUST048,2023-04-12,11634,PROD0129,5,442.44,2212.2,Credit Card,Completed
SALE00815,CUST092,2025-03-25,9509,PROD0480,30,27.78,833.4000000000001,Cash,Completed
SALE00724,CUST063,2024-12-24,2886,PROD0266,18,380.57,6850.26,Bank Transfer,Completed
SALE00213,CUST037,2023-08-01,13183,PROD0156,31,298.06,9239.86,Cash,Pending
SALE00567,CUST036,2024-07-20,6899,PROD0434,47,168.52,7920.4400000000005,Cash,Pending
SALE00080,CUST012,2023-03-21,10247,PROD0339,16,237.65,3802.4,Bank Transfer,Pending
SALE00545,CUST099,2024-06-28,10007,PROD0236,16,118.19,1891.04,Credit Card,Pending
SALE00163,CUST055,2023-06-12,8254,PROD0361,25,386.18,9654.5,Credit Card,Pending
SALE00725,CUST054,2024-12-25,1222,PROD0348,25,422.57,10564.25,Credit Card,Pending
SALE00159,CUST011,2023-06-08,14534,PROD0298,39,213.79,8337.81,Credit Card,Pending
SALE00719,CUST055,2024-12-19,11757,PROD0413,37,418.01,15466.369999999999,Bank Transfer,Completed
SALE00583,CUST082,2024-08-05,8408,PROD0031,44,407.24,17918.56,Bank Transfer,Completed
SALE00958,CUST027,2025-08-15,9089,PROD0134,32,382.2,12230.4,Bank Transfer,Completed
SALE00652,CUST052,2024-10-13,9923,PROD0180,26,31.43,817.18,Credit Card,Completed
SALE00040,CUST023,2023-02-09,2847,PROD0070,39,430.11,16774.29,Cash,Pending
SALE00642,CUST021,2024-10-03,10362,PROD0405,45,448.95,20202.75,Cash,Pending
SALE00428,CUST059,2024-03-03,3454,PROD0390,26,123.11,3200.86,Credit Card,Pending
SALE00614,CUST005,2024-09-05,1779,PROD0087,11,61.63,677.9300000000001,Credit Card,Pending
SALE00682,CUST055,2024-11-12,4013,PROD0172,9,366.69,3300.21,Bank Transfer,Pending
SALE00333,CUST095,2023-11-29,4836,PROD0423,7,477.78,3344.46,Cash,Pending
SALE00520,CUST062,2024-06-03,12139,PROD0246,28,146.1,4090.7999999999997,Bank Transfer,Pending
SALE00949,CUST042,2025-08-06,5813,PROD0303,38,24.39,926.82,Credit Card,Pending
SALE00767,CUST047,2025-02-05,11869,PROD0428,3,40.65,121.94999999999999,Bank Transfer,Pending
SALE00823,CUST066,2025-04-02,9680,PROD0496,37,141.39,5231.429999999999,Bank Transfer,Pending
SALE00586,CUST097,2024-08-08,1250,PROD0017,44,202.27,8899.880000000001,Bank Transfer,Pending
SALE00689,CUST059,2024-11-19,3473,PROD0055,40,177.77,7110.8,Credit Card,Pending
SALE00863,CUST073,2025-05-12,10288,PROD0374,47,278.93,13109.710000000001,Credit Card,Completed
SALE00178,CUST083,2023-06-27,306,PROD0336,34,238.25,8100.5,Credit Card,Pending
SALE00455,CUST024,2024-03-30,14156,PROD0427,44,386.61,17010.84,Cash,Completed
SALE00030,CUST027,2023-01-30,3485,PROD0022,17,156.2,2655.3999999999996,Cash,Pending
SALE00923,CUST075,2025-07-11,12477,PROD0134,32,449.62,14387.84,Credit Card,Pending
SALE00088,CUST067,2023-03-29,13517,PROD0130,3,454.83,1364.49,Cash,Completed
SALE00803,CUST032,2025-03-13,7156,PROD0315,29,455.6,13212.400000000001,Credit Card,Completed
SALE00913,CUST058,2025-07-01,5163,PROD0236,6,163.05,978.3000000000001,Cash,Pending
SALE00454,CUST017,2024-03-29,14534,PROD0140,43,371.22,15962.460000000001,Bank Transfer,Completed
SALE00920,CUST098,2025-07-08,9437,PROD0409,17,91.36,1553.12,Cash,Completed
SALE00847,CUST043,2025-04-26,11814,PROD0319,4,175.75,703.0,Bank Transfer,Pending
SALE00382,CUST089,2024-01-17,2657,PROD0397,20,406.67,8133.400000000001,Credit Card,Pending
SALE00779,CUST078,2025-02-17,11514,PROD0345,22,372.59,8196.98,Credit Card,Completed
SALE00776,CUST004,2025-02-14,5688,PROD0473,49,346.1,16958.9,Cash,Completed
SALE00290,CUST064,2023-10-17,3610,PROD0104,29,463.58,13443.82,Credit Card,Pending
SALE00607,CUST026,2024-08-29,9762,PROD0255,4,494.25,1977.0,Cash,Completed
SALE00603,CUST034,2024-08-25,3443,PROD0292,9,445.8,4012.2000000000003,Credit Card,Pending
SALE00142,CUST028,2023-05-22,12766,PROD0369,3,437.2,1311.6,Credit Card,Pending
SALE00511,CUST032,2024-05-25,8816,PROD0079,3,244.33,732.99,Cash,Completed
SALE00681,CUST053,2024-11-11,13579,PROD0450,2,274.38,548.76,Credit Card,Completed
SALE00064,CUST089,2023-03-05,10333,PROD0298,20,484.08,9681.6,Credit Card,Pending
SALE00031,CUST100,2023-01-31,12409,PROD0180,48,421.57,20235.36,Cash,Completed
SALE00242,CUST027,2023-08-30,3848,PROD0217,47,18.52,870.4399999999999,Cash,Pending
SALE00948,CUST048,2025-08-05,12777,PROD0371,27,55.58,1500.6599999999999,Credit Card,Completed
SALE00104,CUST086,2023-04-14,7729,PROD0375,12,414.01,4968.12,Credit Card,Pending
SALE00813,CUST059,2025-03-23,7038,PROD0137,5,148.55,742.75,Credit Card,Pending
SALE00797,CUST061,2025-03-07,6901,PROD0190,32,223.24,7143.68,Bank Transfer,Completed
SALE00252,CUST095,2023-09-09,3404,PROD0480,3,80.34,241.02,Credit Card,Pending
SALE00604,CUST067,2024-08-26,13600,PROD0018,22,230.8,5077.6,Bank Transfer,Pending
SALE00789,CUST019,2025-02-27,11586,PROD0279,35,465.51,16292.85,Credit Card,Pending
SALE00910,CUST025,2025-06-28,1453,PROD0173,48,184.77,8868.960000000001,Bank Transfer,Completed
SALE00315,CUST031,2023-11-11,7198,PROD0285,32,476.22,15239.04,Credit Card,Completed
SALE00668,CUST086,2024-10-29,10223,PROD0443,33,440.84,14547.72,Credit Card,Completed
SALE00557,CUST056,2024-07-10,5322,PROD0478,23,199.67,4592.41,Credit Card,Completed
SALE00917,CUST078,2025-07-05,767,PROD0282,28,264.89,7416.92,Cash,Completed
SALE00895,CUST014,2025-06-13,1356,PROD0127,34,283.41,9635.94,Bank Transfer,Pending
SALE00580,CUST028,2024-08-02,14362,PROD0047,30,433.68,13010.4,Cash,Pending
SALE00264,CUST042,2023-09-21,1736,PROD0479,20,193.41,3868.2,Cash,Completed
SALE00096,CUST075,2023-04-06,261,PROD0302,28,113.07,3165.96,Credit Card,Pending
SALE00989,CUST037,2025-09-15,12905,PROD0038,7,331.09,2317.6299999999997,Cash,Pending
SALE00644,CUST084,2024-10-05,6765,PROD0247,26,71.36,1855.36,Bank Transfer,Completed
SALE00033,CUST022,2023-02-02,13135,PROD0367,23,122.73,2822.79,Bank Transfer,Completed
SALE00039,CUST096,2023-02-08,2147,PROD0038,11,455.67,5012.37,Bank Transfer,Pending
SALE00540,CUST037,2024-06-23,1248,PROD0230,24,348.89,8373.36,Credit Card,Pending
SALE00057,CUST079,2023-02-26,14602,PROD0278,5,85.29,426.45000000000005,Credit Card,Pending
SALE00202,CUST020,2023-07-21,13571,PROD0408,11,303.37,3337.07,Credit Card,Completed
SALE00953,CUST004,2025-08-10,1938,PROD0135,45,486.99,21914.55,Bank Transfer,Completed
SALE00585,CUST040,2024-08-07,2938,PROD0421,22,431.19,9486.18,Credit Card,Pending
SALE00348,CUST017,2023-12-14,8915,PROD0058,27,205.95,5560.65,Cash,Pending
SALE00929,CUST007,2025-07-17,5064,PROD0363,27,368.99,9962.73,Bank Transfer,Completed
SALE00316,CUST011,2023-11-12,14343,PROD0326,38,425.11,16154.18,Credit Card,Completed
SALE00188,CUST047,2023-07-07,8855,PROD0346,6,43.88,263.28000000000003,Credit Card,Completed
SALE00214,CUST049,2023-08-02,13439,PROD0340,6,474.81,2848.86,Bank Transfer,Completed
SALE00385,CUST013,2024-01-20,2300,PROD0086,40,217.73,8709.199999999999,Credit Card,Pending
SALE00755,CUST031,2025-01-24,14023,PROD0334,35,83.01,2905.3500000000004,Cash,Pending
SALE00220,CUST072,2023-08-08,1763,PROD0110,15,271.42,4071.3,Bank Transfer,Pending
SALE00598,CUST076,2024-08-20,659,PROD0203,40,414.31,16572.4,Bank Transfer,Completed
SALE00160,CUST061,2023-06-09,2831,PROD0296,22,424.66,9342.52,Cash,Completed
SALE00825,CUST003,2025-04-04,1465,PROD0410,48,428.01,20544.48,Cash,Completed
SALE00800,CUST050,2025-03-10,7341,PROD0334,46,319.27,14686.419999999998,Bank Transfer,Completed
SALE00898,CUST073,2025-06-16,13554,PROD0080,9,178.39,1605.5099999999998,Bank Transfer,Pending
SALE00239,CUST059,2023-08-27,5630,PROD0445,20,204.72,4094.4,Bank Transfer,Pending
SALE00332,CUST065,2023-11-28,11211,PROD0075,3,44.93,134.79,Credit Card,Pending
SALE00401,CUST059,2024-02-05,4593,PROD0026,47,302.55,14219.85,Credit Card,Pending
SALE00257,CUST094,2023-09-14,6685,PROD0453,23,368.11,8466.53,Bank Transfer,Completed
SALE00988,CUST052,2025-09-14,8275,PROD0249,30,91.89,2756.7,Cash,Pending
SALE00020,CUST067,2023-01-20,869,PROD0045,39,411.2,16036.8,Credit Card,Completed
SALE00167,CUST075,2023-06-16,13873,PROD0421,25,298.15,7453.749999999999,Cash,Pending
SALE00721,CUST040,2024-12-21,2604,PROD0367,6,377.28,2263.68,Cash,Pending
SALE00297,CUST039,2023-10-24,2427,PROD0245,35,155.47,5441.45,Cash,Completed
SALE00086,CUST061,2023-03-27,11753,PROD0372,3,380.96,1142.8799999999999,Bank Transfer,Completed
SALE00225,CUST008,2023-08-13,10529,PROD0398,2,283.49,566.98,Credit Card,Completed
SALE00868,CUST067,2025-05-17,1631,PROD0193,20,79.07,1581.3999999999999,Cash,Pending
SALE00505,CUST044,2024-05-19,2906,PROD0208,38,416.37,15822.06,Credit Card,Pending
SALE00364,CUST077,2023-12-30,9974,PROD0163,15,267.98,4019.7000000000003,Credit Card,Completed
SALE00565,CUST049,2024-07-18,7179,PROD0467,2,102.95,205.9,Credit Card,Completed
SALE00360,CUST090,2023-12-26,7258,PROD0435,47,218.02,10246.94,Cash,Pending
SALE00259,CUST053,2023-09-16,1391,PROD0149,44,124.94,5497.36,Cash,Pending
SALE00124,CUST068,2023-05-04,5376,PROD0386,1,310.01,310.01,Bank Transfer,Pending
SALE00139,CUST011,2023-05-19,14086,PROD0195,26,171.22,4451.72,Credit Card,Pending
SALE00906,CUST030,2025-06-24,8762,PROD0028,15,226.13,3391.95,Bank Transfer,Pending
SALE00524,CUST062,2024-06-07,10993,PROD0087,8,305.25,2442.0,Cash,Completed
SALE00495,CUST053,2024-05-09,12349,PROD0467,40,119.57,4782.799999999999,Bank Transfer,Pending
SALE00874,CUST063,2025-05-23,13528,PROD0440,24,377.15,9051.599999999999,Cash,Pending
SALE00430,CUST093,2024-03-05,325,PROD0372,36,103.26,3717.36,Credit Card,Completed
SALE00814,CUST080,2025-03-24,2781,PROD0232,1,31.85,31.85,Credit Card,Completed
SALE00293,CUST094,2023-10-20,4318,PROD0206,41,440.17,18046.97,Credit Card,Pending
SALE00939,CUST016,2025-07-27,6232,PROD0405,33,247.83,8178.39,Credit Card,Pending
SALE00407,CUST067,2024-02-11,13803,PROD0020,48,177.13,8502.24,Bank Transfer,Pending
SALE00136,CUST083,2023-05-16,5718,PROD0493,24,328.64,7887.36,Cash,Pending
SALE00638,CUST089,2024-09-29,13700,PROD0155,12,137.75,1653.0,Credit Card,Completed
SALE00443,CUST042,2024-03-18,13603,PROD0376,25,210.64,5266.0,Cash,Completed
SALE00709,CUST095,2024-12-09,9808,PROD0042,47,162.36,7630.920000000001,Credit Card,Pending
SALE00527,CUST095,2024-06-10,6714,PROD0007,24,286.58,6877.92,Cash,Completed
SALE00529,CUST097,2024-06-12,13503,PROD0337,8,113.76,910.08,Bank Transfer,Pending
SALE00851,CUST094,2025-04-30,9535,PROD0114,45,99.68,4485.6,Bank Transfer,Pending
SALE00355,CUST081,2023-12-21,12015,PROD0340,10,100.45,1004.5,Cash,Completed
SALE00869,CUST011,2025-05-18,11732,PROD0051,49,335.45,16437.05,Cash,Completed
SALE00380,CUST068,2024-01-15,8545,PROD0171,27,427.08,11531.16,Credit Card,Completed
SALE00374,CUST099,2024-01-09,12974,PROD0260,27,453.89,12255.029999999999,Credit Card,Completed
SALE00235,CUST062,2023-08-23,9574,PROD0022,4,53.39,213.56,Bank Transfer,Completed
SALE00085,CUST096,2023-03-26,1121,PROD0187,25,331.92,8298.0,Bank Transfer,Pending
SALE00231,CUST084,2023-08-19,6876,PROD0454,44,35.33,1554.52,Credit Card,Completed
SALE00404,CUST092,2024-02-08,4087,PROD0077,12,228.44,2741.2799999999997,Credit Card,Pending
SALE00141,CUST055,2023-05-21,14724,PROD0283,7,374.7,2622.9,Credit Card,Completed
SALE00675,CUST052,2024-11-05,2838,PROD0196,17,283.33,4816.61,Credit Card,Completed
SALE00004,CUST079,2023-01-04,13518,PROD0500,21,91.53,1922.13,Bank Transfer,Pending
SALE00460,CUST046,2024-04-04,401,PROD0309,24,396.07,9505.68,Cash,Completed
SALE00684,CUST056,2024-11-14,7823,PROD0134,40,345.8,13832.0,Credit Card,Pending
SALE00466,CUST013,2024-04-10,9431,PROD0381,26,67.65,1758.9,Bank Transfer,Completed
SALE00730,CUST022,2024-12-30,2243,PROD0396,45,325.25,14636.25,Cash,Pending
SALE00190,CUST093,2023-07-09,12483,PROD0010,34,57.72,1962.48,Credit Card,Completed
SALE00195,CUST050,2023-07-14,6474,PROD0039,22,56.68,1246.96,Credit Card,Completed
SALE00423,CUST010,2024-02-27,14665,PROD0294,23,44.27,1018.21,Cash,Completed
SALE00409,CUST003,2024-02-13,1318,PROD0211,5,305.58,1527.8999999999999,Bank Transfer,Completed
SALE00250,CUST037,2023-09-07,14019,PROD0195,13,71.61,930.93,Bank Transfer,Pending
SALE00462,CUST008,2024-04-06,706,PROD0208,49,308.16,15099.840000000002,Credit Card,Pending
SALE00552,CUST083,2024-07-05,14699,PROD0427,18,330.5,5949.0,Bank Transfer,Pending
SALE00480,CUST082,2024-04-24,669,PROD0348,7,287.62,2013.3400000000001,Bank Transfer,Pending
SALE00227,CUST040,2023-08-15,13796,PROD0128,11,26.75,294.25,Cash,Completed
SALE00451,CUST001,2024-03-26,1169,PROD0154,34,68.72,2336.48,Cash,Completed
SALE00038,CUST004,2023-02-07,7949,PROD0403,2,368.32,736.64,Bank Transfer,Completed
SALE00304,CUST026,2023-10-31,11874,PROD0438,4,278.76,1115.04,Bank Transfer,Completed
SALE00577,CUST058,2024-07-30,14198,PROD0413,5,140.35,701.75,Bank Transfer,Completed
SALE00456,CUST058,2024-03-31,1160,PROD0051,24,129.39,3105.3599999999997,Cash,Pending
SALE00403,CUST038,2024-02-07,5011,PROD0299,43,226.93,9757.99,Bank Transfer,Pending
SALE00490,CUST015,2024-05-04,3109,PROD0313,49,113.87,5579.63,Credit Card,Completed
SALE00526,CUST043,2024-06-09,6102,PROD0490,3,199.37,598.11,Bank Transfer,Completed
SALE00804,CUST036,2025-03-14,11616,PROD0444,44,392.3,17261.2,Bank Transfer,Completed
SALE00433,CUST052,2024-03-08,7122,PROD0426,40,187.84,7513.6,Bank Transfer,Completed
SALE00627,CUST087,2024-09-18,13345,PROD0254,12,43.67,524.04,Cash,Pending
SALE00762,CUST049,2025-01-31,2602,PROD0425,24,193.0,4632.0,Bank Transfer,Completed
SALE00775,CUST018,2025-02-13,11230,PROD0369,15,97.34,1460.1000000000001,Credit Card,Completed
SALE00288,CUST023,2023-10-15,14682,PROD0372,40,328.75,13150.0,Cash,Pending
SALE00473,CUST082,2024-04-17,3427,PROD0075,41,414.39,16989.989999999998,Credit Card,Completed
SALE00351,CUST079,2023-12-17,13268,PROD0129,22,266.02,5852.44,Bank Transfer,Pending
SALE00072,CUST008,2023-03-13,7199,PROD0478,43,120.51,5181.93,Cash,Pending
SALE00733,CUST080,2025-01-02,7457,PROD0077,32,77.53,2480.96,Credit Card,Completed
SALE00362,CUST085,2023-12-28,7500,PROD0131,45,409.72,18437.4,Credit Card,Pending
SALE00765,CUST034,2025-02-03,2882,PROD0113,45,125.57,5650.65,Cash,Completed
SALE00760,CUST086,2025-01-29,4271,PROD0102,14,414.31,5800.34,Credit Card,Pending
SALE00678,CUST061,2024-11-08,5487,PROD0093,34,166.83,5672.22,Bank Transfer,Pending
SALE00643,CUST089,2024-10-04,5981,PROD0332,17,167.89,2854.1299999999997,Credit Card,Completed
SALE00806,CUST070,2025-03-16,1642,PROD0441,44,38.07,1675.08,Bank Transfer,Pending
SALE00009,CUST050,2023-01-09,6365,PROD0319,45,46.6,2097.0,Credit Card,Completed
SALE00037,CUST079,2023-02-06,2658,PROD0499,14,25.34,354.76,Cash,Completed
SALE00354,CUST013,2023-12-20,14689,PROD0413,5,401.89,2009.4499999999998,Cash,Completed
SALE00023,CUST001,2023-01-23,7049,PROD0034,3,87.88,263.64,Bank Transfer,Pending
SALE00255,CUST079,2023-09-12,1953,PROD0400,10,89.57,895.6999999999999,Bank Transfer,Pending
SALE00563,CUST086,2024-07-16,4242,PROD0253,29,295.25,8562.25,Cash,Pending
SALE00959,CUST079,2025-08-16,7509,PROD0347,43,494.15,21248.45,Bank Transfer,Completed
SALE00350,CUST015,2023-12-16,11935,PROD0111,4,413.36,1653.44,Bank Transfer,Completed
SALE00926,CUST021,2025-07-14,7583,PROD0064,40,303.08,12123.199999999999,Cash,Pending
SALE00011,CUST090,2023-01-11,13626,PROD0386,4,495.17,1980.68,Bank Transfer,Completed
SALE00570,CUST052,2024-07-23,735,PROD0299,11,107.44,1181.84,Cash,Pending
SALE00589,CUST072,2024-08-11,9304,PROD0430,10,60.05,600.5,Credit Card,Completed
SALE00135,CUST048,2023-05-15,5358,PROD0331,14,300.71,4209.94,Bank Transfer,Pending
SALE00371,CUST083,2024-01-06,9988,PROD0276,12,326.84,3922.08,Cash,Pending
SALE00053,CUST070,2023-02-22,3990,PROD0343,15,276.18,4142.7,Cash,Pending
SALE00412,CUST022,2024-02-16,11396,PROD0435,42,388.59,16320.779999999999,Credit Card,Completed
SALE00396,CUST039,2024-01-31,14092,PROD0200,13,135.87,1766.31,Cash,Pending
SALE00262,CUST017,2023-09-19,7654,PROD0462,40,334.2,13368.0,Bank Transfer,Completed
SALE00965,CUST012,2025-08-22,12761,PROD0021,2,441.11,882.22,Bank Transfer,Pending
SALE00950,CUST076,2025-08-07,7126,PROD0168,7,413.25,2892.75,Cash,Pending
SALE00322,CUST064,2023-11-18,11511,PROD0325,17,130.57,2219.69,Bank Transfer,Completed
SALE00051,CUST063,2023-02-20,11494,PROD0005,33,285.75,9429.75,Bank Transfer,Completed
SALE00810,CUST079,2025-03-20,6413,PROD0155,25,462.09,11552.25,Bank Transfer,Completed
SALE00246,CUST073,2023-09-03,2098,PROD0164,38,134.57,5113.66,Credit Card,Completed
SALE00751,CUST015,2025-01-20,4592,PROD0195,18,305.05,5490.900000000001,Credit Card,Completed
SALE00620,CUST035,2024-09-11,12337,PROD0200,41,485.67,19912.47,Bank Transfer,Pending
SALE00012,CUST023,2023-01-12,4526,PROD0406,1,341.27,341.27,Bank Transfer,Pending
SALE00878,CUST083,2025-05-27,13072,PROD0439,38,184.43,7008.34,Cash,Pending
SALE00819,CUST045,2025-03-29,5641,PROD0068,14,487.67,6827.38,Bank Transfer,Completed
SALE00400,CUST032,2024-02-04,7044,PROD0115,33,144.52,4769.160000000001,Credit Card,Pending
SALE00238,CUST045,2023-08-26,5675,PROD0336,33,347.22,11458.26,Cash,Completed
SALE00860,CUST015,2025-05-09,10250,PROD0026,6,207.95,1247.6999999999998,Cash,Pending
SALE00581,CUST001,2024-08-03,9661,PROD0251,9,129.3,1163.7,Cash,Completed
SALE00927,CUST086,2025-07-15,639,PROD0343,34,26.36,896.24,Credit Card,Pending
SALE00300,CUST036,2023-10-27,7877,PROD0273,5,318.8,1594.0,Bank Transfer,Completed
SALE00100,CUST075,2023-04-10,14705,PROD0107,6,45.48,272.88,Credit Card,Completed
SALE00890,CUST003,2025-06-08,9542,PROD0177,28,89.19,2497.3199999999997,Bank Transfer,Completed
SALE00740,CUST013,2025-01-09,14652,PROD0340,21,199.96,4199.16,Credit Card,Completed
SALE00399,CUST077,2024-02-03,5799,PROD0240,25,79.47,1986.75,Cash,Completed
SALE00741,CUST017,2025-01-10,3014,PROD0175,22,207.14,4557.08,Credit Card,Pending
SALE00276,CUST088,2023-10-03,5955,PROD0288,31,336.82,10441.42,Credit Card,Completed
SALE00084,CUST091,2023-03-25,3173,PROD0322,4,363.72,1454.88,Cash,Completed
SALE00453,CUST077,2024-03-28,10857,PROD0366,17,19.81,336.77,Bank Transfer,Completed
SALE00254,CUST008,2023-09-11,5332,PROD0123,6,369.12,2214.7200000000003,Bank Transfer,Pending
SALE00515,CUST078,2024-05-29,8092,PROD0358,19,390.59,7421.209999999999,Credit Card,Completed
SALE00395,CUST004,2024-01-30,1056,PROD0500,26,322.6,8387.6,Cash,Completed
SALE00971,CUST036,2025-08-28,14190,PROD0177,2,215.86,431.72,Bank Transfer,Completed
SALE00831,CUST073,2025-04-10,1424,PROD0487,49,388.21,19022.289999999997,Bank Transfer,Completed
SALE00234,CUST046,2023-08-22,5964,PROD0420,26,98.21,2553.46,Bank Transfer,Completed
SALE00066,CUST059,2023-03-07,7613,PROD0106,5,236.43,1182.15,Credit Card,Completed
SALE00660,CUST047,2024-10-21,5978,PROD0171,39,144.16,5622.24,Bank Transfer,Pending
SALE00887,CUST022,2025-06-05,11103,PROD0180,11,18.79,206.69,Credit Card,Pending
SALE00696,CUST092,2024-11-26,12477,PROD0224,44,55.94,2461.3599999999997,Cash,Completed
SALE00693,CUST051,2024-11-23,2182,PROD0398,35,309.85,10844.75,Bank Transfer,Completed
SALE00408,CUST028,2024-02-12,13546,PROD0440,4,411.17,1644.68,Credit Card,Completed
SALE00786,CUST035,2025-02-24,5405,PROD0425,42,297.05,12476.1,Credit Card,Completed
SALE00269,CUST098,2023-09-26,10452,PROD0337,9,386.57,3479.13,Bank Transfer,Completed
SALE00510,CUST009,2024-05-24,10747,PROD0173,39,69.66,2716.74,Cash,Pending
SALE00218,CUST026,2023-08-06,10273,PROD0405,11,306.71,3373.81,Bank Transfer,Completed
SALE00140,CUST098,2023-05-20,12806,PROD0490,14,240.39,3365.46,Cash,Completed
SALE00795,CUST044,2025-03-05,4430,PROD0025,18,236.25,4252.5,Credit Card,Completed
SALE00576,CUST083,2024-07-29,930,PROD0156,20,254.67,5093.4,Cash,Pending
SALE00370,CUST038,2024-01-05,11483,PROD0109,4,398.93,1595.72,Cash,Completed
SALE01000,CUST064,2025-09-26,4909,PROD0152,4,382.03,1528.12,Cash,Pending
SALE00728,CUST079,2024-12-28,5173,PROD0035,26,71.11,1848.86,Credit Card,Completed
SALE00662,CUST068,2024-10-23,12884,PROD0236,35,341.23,11943.050000000001,Credit Card,Pending
SALE00063,CUST006,2023-03-04,8533,PROD0077,17,456.8,7765.6,Bank Transfer,Completed
SALE00744,CUST078,2025-01-13,13684,PROD0085,15,364.47,5467.05,Cash,Completed
SALE00301,CUST013,2023-10-28,297,PROD0476,19,308.82,5867.58,Credit Card,Pending
SALE00121,CUST010,2023-05-01,8671,PROD0181,17,474.2,8061.4,Credit Card,Pending
SALE00706,CUST092,2024-12-06,925,PROD0453,17,105.04,1785.68,Bank Transfer,Completed
SALE00629,CUST050,2024-09-20,12840,PROD0030,42,50.48,2120.16,Bank Transfer,Pending
SALE00427,CUST049,2024-03-02,5995,PROD0448,21,343.26,7208.46,Credit Card,Completed
SALE00457,CUST072,2024-04-01,2427,PROD0117,25,339.06,8476.5,Bank Transfer,Completed
SALE00648,CUST062,2024-10-09,7490,PROD0190,2,460.95,921.9,Credit Card,Completed
SALE00299,CUST049,2023-10-26,3031,PROD0355,37,170.91,6323.67,Bank Transfer,Pending
SALE00233,CUST016,2023-08-21,13360,PROD0173,6,120.1,720.5999999999999,Cash,Pending
SALE00458,CUST091,2024-04-02,3520,PROD0421,7,55.54,388.78,Bank Transfer,Pending
SALE00148,CUST021,2023-05-28,6378,PROD0316,45,172.83,7777.35,Credit Card,Pending
SALE00801,CUST065,2025-03-11,1053,PROD0284,29,34.42,998.1800000000001,Bank Transfer,Completed
SALE00892,CUST060,2025-06-10,13943,PROD0410,9,473.85,4264.650000000001,Cash,Pending
SALE00468,CUST028,2024-04-12,10592,PROD0054,21,177.42,3725.8199999999997,Credit Card,Pending
SALE00822,CUST096,2025-04-01,13907,PROD0482,18,423.95,7631.099999999999,Credit Card,Completed
SALE00339,CUST098,2023-12-05,14586,PROD0054,33,91.5,3019.5,Cash,Completed
SALE00266,CUST029,2023-09-23,11291,PROD0198,37,129.63,4796.3099999999995,Credit Card,Completed
SALE00419,CUST006,2024-02-23,1145,PROD0154,40,312.41,12496.400000000001,Bank Transfer,Pending
SALE00967,CUST043,2025-08-24,2293,PROD0296,13,129.73,1686.4899999999998,Credit Card,Pending
SALE00523,CUST042,2024-06-06,4595,PROD0320,29,18.67,541.4300000000001,Cash,Completed
SALE00564,CUST090,2024-07-17,7066,PROD0408,18,343.68,6186.24,Cash,Pending
SALE00685,CUST059,2024-11-15,4480,PROD0426,17,55.02,935.34,Credit Card,Completed
SALE00610,CUST010,2024-09-01,10586,PROD0257,45,28.63,1288.35,Cash,Pending
SALE00302,CUST096,2023-10-29,7225,PROD0083,14,286.09,4005.2599999999998,Bank Transfer,Pending
SALE00046,CUST033,2023-02-15,4758,PROD0009,30,364.97,10949.1,Bank Transfer,Pending
SALE00263,CUST064,2023-09-20,7380,PROD0231,2,489.53,979.06,Cash,Pending
SALE00118,CUST080,2023-04-28,14652,PROD0321,30,310.34,9310.199999999999,Bank Transfer,Completed
SALE00885,CUST065,2025-06-03,11576,PROD0028,37,381.63,14120.31,Cash,Completed
SALE00769,CUST090,2025-02-07,8435,PROD0266,43,385.63,16582.09,Cash,Pending
SALE00358,CUST040,2023-12-24,13571,PROD0029,13,100.76,1309.88,Bank Transfer,Completed
SALE00904,CUST047,2025-06-22,3430,PROD0150,34,204.72,6960.48,Credit Card,Completed
SALE00049,CUST001,2023-02-18,1367,PROD0050,34,435.38,14802.92,Bank Transfer,Pending
SALE00353,CUST039,2023-12-19,5523,PROD0194,10,431.11,4311.1,Bank Transfer,Completed
SALE00319,CUST096,2023-11-15,2086,PROD0278,15,63.37,950.55,Credit Card,Completed
SALE00781,CUST007,2025-02-19,10908,PROD0188,13,109.44,1422.72,Bank Transfer,Completed
SALE00177,CUST022,2023-06-26,4588,PROD0041,22,198.09,4357.9800000000005,Credit Card,Completed
SALE00076,CUST038,2023-03-17,12306,PROD0441,23,299.23,6882.290000000001,Cash,Completed
SALE00742,CUST038,2025-01-11,5068,PROD0388,7,438.39,3068.73,Credit Card,Completed
SALE00275,CUST050,2023-10-02,8264,PROD0046,30,415.15,12454.5,Credit Card,Pending
SALE00590,CUST088,2024-08-12,1764,PROD0474,30,332.76,9982.8,Credit Card,Completed
SALE00131,CUST061,2023-05-11,13540,PROD0459,14,29.97,419.58,Bank Transfer,Completed
SALE00181,CUST071,2023-06-30,7821,PROD0474,40,390.24,15609.6,Credit Card,Completed
SALE00373,CUST071,2024-01-08,13015,PROD0167,2,186.78,373.56,Credit Card,Pending
SALE00092,CUST015,2023-04-02,13090,PROD0273,19,60.37,1147.03,Credit Card,Completed
SALE00174,CUST089,2023-06-23,12785,PROD0242,47,496.15,23319.05,Bank Transfer,Pending
SALE00359,CUST020,2023-12-25,12382,PROD0112,31,459.7,14250.699999999999,Credit Card,Pending
SALE00486,CUST055,2024-04-30,7555,PROD0498,19,340.41,6467.790000000001,Credit Card,Pending
SALE00833,CUST066,2025-04-12,10119,PROD0429,4,126.02,504.08,Bank Transfer,Completed
SALE00026,CUST096,2023-01-26,5151,PROD0318,44,60.07,2643.08,Cash,Completed
SALE00346,CUST076,2023-12-12,6387,PROD0193,33,53.92,1779.3600000000001,Cash,Completed
SALE00019,CUST038,2023-01-19,1785,PROD0030,8,192.2,1537.6,Cash,Completed
SALE00711,CUST085,2024-12-11,512,PROD0480,16,409.41,6550.56,Cash,Pending
SALE00569,CUST013,2024-07-22,4565,PROD0123,20,318.36,6367.200000000001,Cash,Completed
SALE00436,CUST031,2024-03-11,12840,PROD0355,47,173.45,8152.15,Cash,Completed
SALE00747,CUST035,2025-01-16,8887,PROD0136,48,354.44,17013.12,Bank Transfer,Completed
SALE00205,CUST003,2023-07-24,3257,PROD0159,24,124.99,2999.7599999999998,Credit Card,Completed
SALE00650,CUST038,2024-10-11,12022,PROD0271,1,312.08,312.08,Credit Card,Completed
SALE00537,CUST006,2024-06-20,3869,PROD0496,34,393.52,13379.68,Credit Card,Completed
SALE00107,CUST078,2023-04-17,1116,PROD0327,34,488.96,16624.64,Bank Transfer,Completed
SALE00047,CUST028,2023-02-16,1999,PROD0288,15,375.46,5631.9,Credit Card,Pending
SALE00338,CUST056,2023-12-04,14357,PROD0413,29,105.33,3054.57,Credit Card,Pending
SALE00636,CUST055,2024-09-27,12938,PROD0118,40,15.11,604.4,Credit Card,Pending
SALE00223,CUST022,2023-08-11,5692,PROD0146,30,228.72,6861.6,Cash,Completed
SALE00645,CUST049,2024-10-06,14169,PROD0029,21,242.42,5090.82,Cash,Completed
SALE00784,CUST019,2025-02-22,7960,PROD0368,16,90.99,1455.84,Credit Card,Completed
SALE00886,CUST084,2025-06-04,12590,PROD0379,34,379.51,12903.34,Cash,Pending
SALE00017,CUST038,2023-01-17,11211,PROD0438,28,42.16,1180.48,Cash,Pending
SALE00942,CUST059,2025-07-30,2879,PROD0407,13,168.28,2187.64,Credit Card,Pending
SALE00517,CUST008,2024-05-31,4880,PROD0047,34,301.2,10240.8,Cash,Completed
SALE00418,CUST057,2024-02-22,3546,PROD0267,14,178.34,2496.76,Credit Card,Pending
SALE00573,CUST081,2024-07-26,9974,PROD0334,3,191.99,575.97,Credit Card,Pending
SALE00969,CUST063,2025-08-26,13650,PROD0301,12,52.72,632.64,Credit Card,Pending
SALE00943,CUST090,2025-07-31,1024,PROD0347,43,498.57,21438.51,Bank Transfer,Pending
SALE00365,CUST080,2023-12-31,2355,PROD0197,29,65.03,1885.8700000000001,Credit Card,Pending
SALE00420,CUST078,2024-02-24,6993,PROD0042,41,226.78,9297.98,Cash,Pending
SALE00796,CUST024,2025-03-06,8110,PROD0018,32,245.64,7860.48,Cash,Pending
SALE00830,CUST031,2025-04-09,4412,PROD0432,15,164.44,2466.6,Credit Card,Completed
SALE00149,CUST012,2023-05-29,8492,PROD0182,18,275.81,4964.58,Credit Card,Pending
SALE00341,CUST022,2023-12-07,4161,PROD0016,39,266.31,10386.09,Cash,Pending
SALE00421,CUST032,2024-02-25,1793,PROD0411,22,417.61,9187.42,Cash,Completed
SALE00934,CUST076,2025-07-22,14937,PROD0491,24,429.87,10316.880000000001,Credit Card,Completed
SALE00679,CUST064,2024-11-09,8102,PROD0472,9,379.06,3411.54,Bank Transfer,Completed
SALE00729,CUST081,2024-12-29,5204,PROD0006,41,198.83,8152.030000000001,Bank Transfer,Completed
SALE00671,CUST067,2024-11-01,2527,PROD0011,20,321.67,6433.400000000001,Cash,Pending
SALE00416,CUST072,2024-02-20,8150,PROD0439,9,206.58,1859.22,Bank Transfer,Completed
SALE00541,CUST064,2024-06-24,6393,PROD0475,14,312.85,4379.900000000001,Bank Transfer,Completed
SALE00337,CUST053,2023-12-03,6716,PROD0459,47,244.8,11505.6,Credit Card,Pending
SALE00835,CUST071,2025-04-14,7519,PROD0197,37,278.68,10311.16,Credit Card,Pending
SALE00931,CUST064,2025-07-19,4935,PROD0352,45,163.45,7355.249999999999,Cash,Completed
SALE00622,CUST053,2024-09-13,5288,PROD0086,34,394.08,13398.72,Cash,Pending
SALE00377,CUST016,2024-01-12,9737,PROD0102,36,135.27,4869.72,Bank Transfer,Pending
SALE00704,CUST061,2024-12-04,4074,PROD0150,44,441.91,19444.04,Cash,Pending
SALE00579,CUST056,2024-08-01,5277,PROD0355,38,72.33,2748.54,Bank Transfer,Completed
SALE00313,CUST022,2023-11-09,759,PROD0133,40,255.22,10208.8,Bank Transfer,Pending
SALE00613,CUST024,2024-09-04,4349,PROD0346,37,403.04,14912.480000000001,Cash,Completed
SALE00637,CUST001,2024-09-28,9927,PROD0350,34,135.15,4595.1,Cash,Completed
SALE00145,CUST059,2023-05-25,10570,PROD0305,46,89.22,4104.12,Bank Transfer,Pending
SALE00449,CUST036,2024-03-24,2305,PROD0409,18,242.69,4368.42,Cash,Completed
SALE00120,CUST085,2023-04-30,6431,PROD0476,48,468.25,22476.0,Credit Card,Completed
SALE00902,CUST047,2025-06-20,11929,PROD0343,5,192.25,961.25,Bank Transfer,Completed
SALE00994,CUST047,2025-09-20,6089,PROD0322,28,434.53,12166.84,Credit Card,Pending
SALE00556,CUST019,2024-07-09,104,PROD0071,33,96.67,3190.11,Credit Card,Pending
SALE00952,CUST077,2025-08-09,4904,PROD0170,43,195.72,8415.96,Cash,Completed
SALE00899,CUST023,2025-06-17,3586,PROD0294,15,148.39,2225.85,Credit Card,Completed
SALE00176,CUST074,2023-06-25,7038,PROD0283,47,185.98,8741.06,Cash,Completed
SALE00101,CUST030,2023-04-11,13203,PROD0088,1,271.78,271.78,Bank Transfer,Completed
SALE00975,CUST090,2025-09-01,13628,PROD0246,27,310.75,8390.25,Credit Card,Pending
SALE00656,CUST021,2024-10-17,4711,PROD0438,40,194.24,7769.6,Credit Card,Completed
SALE00203,CUST094,2023-07-22,10014,PROD0411,30,204.36,6130.8,Credit Card,Pending
SALE00555,CUST006,2024-07-08,3151,PROD0001,7,246.0,1722.0,Cash,Pending
SALE00802,CUST099,2025-03-12,2639,PROD0146,49,452.92,22193.08,Bank Transfer,Pending
SALE00867,CUST063,2025-05-16,1314,PROD0233,35,220.03,7701.05,Credit Card,Pending
SALE00713,CUST034,2024-12-13,7687,PROD0330,19,347.06,6594.14,Credit Card,Completed
SALE00654,CUST046,2024-10-15,9307,PROD0373,21,303.28,6368.879999999999,Bank Transfer,Pending
SALE00996,CUST052,2025-09-22,7290,PROD0259,30,186.59,5597.7,Cash,Completed
SALE00752,CUST054,2025-01-21,798,PROD0496,31,21.24,658.4399999999999,Credit Card,Pending
SALE00292,CUST093,2023-10-19,11547,PROD0379,11,451.67,4968.37,Credit Card,Completed
SALE00127,CUST019,2023-05-07,164,PROD0260,35,280.97,9833.95,Bank Transfer,Pending
SALE00497,CUST052,2024-05-11,11467,PROD0164,18,290.79,5234.22,Credit Card,Pending
SALE00187,CUST086,2023-07-06,7508,PROD0076,37,212.39,7858.429999999999,Bank Transfer,Completed
SALE00320,CUST062,2023-11-16,13922,PROD0450,33,83.01,2739.3300000000004,Cash,Completed
SALE00450,CUST097,2024-03-25,10816,PROD0396,27,197.44,5330.88,Cash,Pending
SALE00976,CUST080,2025-09-02,4025,PROD0117,49,223.4,10946.6,Credit Card,Pending
SALE00807,CUST058,2025-03-17,5393,PROD0092,47,120.36,5656.92,Credit Card,Pending
SALE00062,CUST048,2023-03-03,10353,PROD0290,10,154.14,1541.3999999999999,Cash,Completed
SALE00834,CUST008,2025-04-13,3241,PROD0269,12,368.9,4426.799999999999,Cash,Pending
SALE00619,CUST015,2024-09-10,11648,PROD0044,36,495.88,17851.68,Credit Card,Completed
SALE00041,CUST070,2023-02-10,9267,PROD0116,38,482.62,18339.56,Bank Transfer,Completed
SALE00489,CUST083,2024-05-03,1786,PROD0367,29,79.23,2297.67,Credit Card,Pending
SALE00618,CUST080,2024-09-09,2844,PROD0070,42,236.35,9926.699999999999,Bank Transfer,Completed
SALE00204,CUST038,2023-07-23,11606,PROD0386,31,126.14,3910.34,Credit Card,Completed
SALE00307,CUST095,2023-11-03,11564,PROD0288,42,227.77,9566.34,Credit Card,Completed
SALE00170,CUST005,2023-06-19,1128,PROD0237,3,307.03,921.0899999999999,Credit Card,Completed
SALE00968,CUST017,2025-08-25,8515,PROD0112,29,65.34,1894.8600000000001,Cash,Completed
SALE00792,CUST035,2025-03-02,7430,PROD0495,30,427.84,12835.199999999999,Bank Transfer,Pending
SALE00888,CUST011,2025-06-06,5448,PROD0253,41,71.86,2946.2599999999998,Bank Transfer,Completed
SALE00938,CUST075,2025-07-26,13316,PROD0225,28,494.32,13840.96,Cash,Completed
SALE00683,CUST037,2024-11-13,1166,PROD0383,9,62.89,566.01,Credit Card,Pending
SALE00444,CUST049,2024-03-19,11412,PROD0263,26,217.12,5645.12,Bank Transfer,Pending
SALE00880,CUST032,2025-05-29,1952,PROD0348,47,399.05,18755.350000000002,Cash,Pending
SALE00405,CUST053,2024-02-09,9819,PROD0412,44,365.01,16060.439999999999,Bank Transfer,Pending
SALE00624,CUST026,2024-09-15,13396,PROD0101,37,211.94,7841.78,Bank Transfer,Completed
SALE00782,CUST044,2025-02-20,1162,PROD0154,18,287.12,5168.16,Bank Transfer,Pending
SALE00226,CUST029,2023-08-14,7492,PROD0162,15,274.55,4118.25,Bank Transfer,Completed
SALE00090,CUST035,2023-03-31,8089,PROD0316,29,377.09,10935.609999999999,Bank Transfer,Pending
SALE00475,CUST030,2024-04-19,8419,PROD0305,20,471.77,9435.4,Bank Transfer,Completed
SALE00970,CUST081,2025-08-27,14612,PROD0077,39,362.35,14131.650000000001,Cash,Completed
SALE00103,CUST035,2023-04-13,12843,PROD0395,41,50.43,2067.63,Cash,Pending
SALE00006,CUST081,2023-01-06,12064,PROD0148,9,357.2,3214.7999999999997,Bank Transfer,Pending
SALE00980,CUST047,2025-09-06,13872,PROD0425,31,423.43,13126.33,Bank Transfer,Pending
SALE00180,CUST064,2023-06-29,6077,PROD0160,8,125.54,1004.32,Credit Card,Pending
SALE00757,CUST060,2025-01-26,14880,PROD0327,42,375.5,15771.0,Cash,Pending
SALE00745,CUST045,2025-01-14,12244,PROD0451,7,61.03,427.21000000000004,Cash,Pending
SALE00700,CUST077,2024-11-30,11361,PROD0433,34,88.82,3019.8799999999997,Bank Transfer,Pending
SALE00626,CUST034,2024-09-17,14161,PROD0095,38,416.96,15844.48,Cash,Pending
SALE00512,CUST015,2024-05-26,7071,PROD0110,32,257.99,8255.68,Cash,Pending
SALE00043,CUST084,2023-02-12,289,PROD0335,38,226.73,8615.74,Credit Card,Pending
SALE00633,CUST004,2024-09-24,6717,PROD0458,31,121.64,3770.84,Bank Transfer,Completed
SALE00947,CUST047,2025-08-04,3424,PROD0088,36,346.56,12476.16,Cash,Pending
SALE00032,CUST007,2023-02-01,6496,PROD0436,47,388.68,18267.96,Cash,Completed
SALE00314,CUST002,2023-11-10,2911,PROD0201,14,275.76,3860.64,Credit Card,Pending
SALE00737,CUST017,2025-01-06,3866,PROD0392,17,24.24,412.08,Credit Card,Pending
SALE00914,CUST094,2025-07-02,8649,PROD0439,37,324.91,12021.67,Bank Transfer,Completed
SALE00951,CUST060,2025-08-08,355,PROD0435,5,112.78,563.9,Credit Card,Pending
SALE00478,CUST093,2024-04-22,5954,PROD0122,40,395.28,15811.199999999999,Bank Transfer,Completed
SALE00169,CUST044,2023-06-18,3940,PROD0208,10,203.8,2038.0,Credit Card,Pending
SALE00596,CUST016,2024-08-18,7905,PROD0158,14,134.0,1876.0,Bank Transfer,Completed
SALE00034,CUST074,2023-02-03,11196,PROD0420,15,74.35,1115.25,Cash,Pending
SALE00875,CUST068,2025-05-24,233,PROD0275,3,152.39,457.16999999999996,Credit Card,Pending
SALE00343,CUST089,2023-12-09,14022,PROD0020,36,465.51,16758.36,Bank Transfer,Completed
SALE00905,CUST087,2025-06-23,2803,PROD0016,24,55.77,1338.48,Bank Transfer,Completed
SALE00608,CUST020,2024-08-30,680,PROD0455,26,227.2,5907.2,Cash,Completed
SALE00766,CUST026,2025-02-04,5046,PROD0485,34,192.0,6528.0,Credit Card,Completed
SALE00966,CUST013,2025-08-23,11428,PROD0090,14,267.46,3744.4399999999996,Credit Card,Completed
SALE00571,CUST058,2024-07-24,13517,PROD0283,42,41.66,1749.7199999999998,Cash,Completed
SALE00695,CUST011,2024-11-25,11188,PROD0412,37,84.27,3117.99,Credit Card,Pending
SALE00208,CUST090,2023-07-27,11021,PROD0194,31,172.14,5336.339999999999,Bank Transfer,Completed
SALE00119,CUST069,2023-04-29,4959,PROD0047,43,156.43,6726.490000000001,Cash,Pending
SALE00561,CUST037,2024-07-14,9283,PROD0291,19,215.1,4086.9,Bank Transfer,Completed
SALE00753,CUST027,2025-01-22,7286,PROD0009,30,167.83,5034.900000000001,Cash,Completed
SALE00336,CUST055,2023-12-02,8220,PROD0344,15,106.61,1599.15,Bank Transfer,Pending
SALE00507,CUST075,2024-05-21,6086,PROD0414,1,476.87,476.87,Bank Transfer,Completed
SALE00378,CUST055,2024-01-13,4299,PROD0475,26,158.01,4108.26,Cash,Pending
SALE00858,CUST032,2025-05-07,9186,PROD0487,49,490.45,24032.05,Cash,Completed
SALE00664,CUST018,2024-10-25,6403,PROD0421,47,16.23,762.8100000000001,Credit Card,Pending
SALE00727,CUST021,2024-12-27,1671,PROD0463,15,256.0,3840.0,Cash,Completed
SALE00657,CUST088,2024-10-18,11379,PROD0274,11,279.55,3075.05,Bank Transfer,Pending
SALE00185,CUST076,2023-07-04,963,PROD0424,42,192.7,8093.4,Bank Transfer,Completed
SALE00924,CUST011,2025-07-12,3819,PROD0151,29,92.74,2689.46,Bank Transfer,Completed
SALE00846,CUST098,2025-04-25,12426,PROD0175,7,103.68,725.76,Bank Transfer,Completed
SALE00055,CUST096,2023-02-24,14456,PROD0075,42,109.81,4612.02,Credit Card,Pending
SALE00109,CUST049,2023-04-19,6539,PROD0367,14,349.67,4895.38,Cash,Pending
SALE00036,CUST079,2023-02-05,9374,PROD0231,21,481.99,10121.79,Bank Transfer,Completed
SALE00463,CUST059,2024-04-07,3270,PROD0377,29,258.35,7492.150000000001,Cash,Pending
SALE00936,CUST082,2025-07-24,7412,PROD0343,16,372.47,5959.52,Cash,Completed
SALE00282,CUST003,2023-10-09,5272,PROD0495,9,434.55,3910.9500000000003,Bank Transfer,Pending
SALE00714,CUST031,2024-12-14,828,PROD0251,8,193.88,1551.04,Bank Transfer,Pending
SALE00044,CUST084,2023-02-13,2834,PROD0441,34,162.86,5537.240000000001,Bank Transfer,Pending
SALE00717,CUST076,2024-12-17,11100,PROD0271,17,425.54,7234.18,Credit Card,Completed
SALE00539,CUST050,2024-06-22,11553,PROD0306,32,97.11,3107.52,Bank Transfer,Pending
SALE00461,CUST072,2024-04-05,12568,PROD0088,33,433.7,14312.1,Bank Transfer,Pending
SALE00410,CUST098,2024-02-14,4596,PROD0240,37,175.24,6483.88,Credit Card,Completed
SALE00279,CUST052,2023-10-06,11766,PROD0401,44,88.05,3874.2,Bank Transfer,Pending
SALE00639,CUST066,2024-09-30,7521,PROD0423,45,43.93,1976.85,Cash,Pending
SALE00957,CUST027,2025-08-14,2971,PROD0347,10,64.27,642.6999999999999,Cash,Pending
SALE00211,CUST077,2023-07-30,11352,PROD0012,36,81.42,2931.12,Credit Card,Completed
SALE00588,CUST076,2024-08-10,2031,PROD0304,17,75.24,1279.08,Bank Transfer,Pending
SALE00058,CUST005,2023-02-27,5493,PROD0442,29,232.31,6736.99,Cash,Completed
SALE00501,CUST052,2024-05-15,7443,PROD0286,2,163.73,327.46,Bank Transfer,Completed
SALE00438,CUST084,2024-03-13,8096,PROD0328,9,53.5,481.5,Cash,Pending
SALE00129,CUST066,2023-05-09,2668,PROD0019,47,394.08,18521.76,Cash,Completed
SALE00677,CUST075,2024-11-07,5832,PROD0098,43,36.39,1564.77,Cash,Pending
SALE00150,CUST050,2023-05-30,14251,PROD0030,38,251.71,9564.98,Credit Card,Completed
SALE00672,CUST040,2024-11-02,9860,PROD0068,19,118.32,2248.08,Credit Card,Pending
SALE00081,CUST043,2023-03-22,1685,PROD0095,8,343.42,2747.36,Credit Card,Pending
SALE00670,CUST064,2024-10-31,12038,PROD0378,47,276.57,12998.789999999999,Bank Transfer,Completed
SALE00865,CUST084,2025-05-14,12577,PROD0428,49,120.81,5919.6900000000005,Bank Transfer,Completed
SALE00946,CUST057,2025-08-03,7814,PROD0466,42,73.61,3091.62,Credit Card,Completed
SALE00002,CUST044,2023-01-02,960,PROD0027,19,387.72,7366.68,Bank Transfer,Completed
SALE00630,CUST084,2024-09-21,13615,PROD0249,22,262.18,5767.96,Bank Transfer,Completed
SALE00016,CUST062,2023-01-16,11463,PROD0453,34,197.97,6730.98,Cash,Pending
SALE00871,CUST017,2025-05-20,923,PROD0375,35,57.81,2023.3500000000001,Cash,Pending
SALE00452,CUST015,2024-03-27,3544,PROD0358,27,487.34,13158.179999999998,Credit Card,Pending
SALE00162,CUST027,2023-06-11,11065,PROD0333,44,370.32,16294.08,Cash,Completed
SALE00108,CUST024,2023-04-18,7969,PROD0410,49,108.42,5312.58,Cash,Pending
SALE00640,CUST030,2024-10-01,10049,PROD0393,7,480.31,3362.17,Cash,Pending
SALE00391,CUST090,2024-01-26,12069,PROD0342,26,97.44,2533.44,Bank Transfer,Completed
SALE00535,CUST023,2024-06-18,4246,PROD0441,47,93.63,4400.61,Credit Card,Pending
SALE00712,CUST056,2024-12-12,7643,PROD0443,24,311.34,7472.16,Credit Card,Completed
SALE00649,CUST097,2024-10-10,7005,PROD0117,43,265.18,11402.74,Credit Card,Pending
SALE00818,CUST004,2025-03-28,11528,PROD0481,45,395.69,17806.05,Bank Transfer,Completed
SALE00794,CUST048,2025-03-04,9024,PROD0427,13,194.69,2530.97,Bank Transfer,Pending
SALE00054,CUST021,2023-02-23,8938,PROD0126,30,88.03,2640.9,Cash,Completed
SALE00061,CUST050,2023-03-02,10655,PROD0300,17,400.43,6807.31,Credit Card,Pending
SALE00876,CUST081,2025-05-25,2205,PROD0338,32,395.62,12659.84,Cash,Pending
SALE00655,CUST025,2024-10-16,9640,PROD0172,11,56.56,622.1600000000001,Bank Transfer,Completed
SALE00219,CUST075,2023-08-07,5550,PROD0394,4,184.8,739.2,Credit Card,Pending
SALE00778,CUST014,2025-02-16,3736,PROD0012,29,376.14,10908.06,Cash,Pending
SALE00321,CUST069,2023-11-17,8438,PROD0429,25,268.05,6701.25,Cash,Completed
SALE00993,CUST100,2025-09-19,9960,PROD0142,34,176.79,6010.86,Credit Card,Completed
SALE00114,CUST079,2023-04-24,978,PROD0225,26,70.87,1842.6200000000001,Cash,Completed
SALE00661,CUST087,2024-10-22,14693,PROD0210,40,464.88,18595.2,Bank Transfer,Pending
SALE00647,CUST085,2024-10-08,11543,PROD0235,46,248.15,11414.9,Cash,Pending
SALE00761,CUST058,2025-01-30,4460,PROD0226,31,264.95,8213.449999999999,Bank Transfer,Completed
SALE00110,CUST096,2023-04-20,7992,PROD0306,26,412.51,10725.26,Bank Transfer,Completed
SALE00207,CUST056,2023-07-26,10917,PROD0078,3,226.59,679.77,Cash,Pending
SALE00471,CUST016,2024-04-15,6202,PROD0118,17,127.14,2161.38,Credit Card,Completed
SALE00398,CUST025,2024-02-02,8452,PROD0346,18,38.64,695.52,Bank Transfer,Completed
SALE00294,CUST056,2023-10-21,12788,PROD0335,37,165.43,6120.91,Cash,Pending
SALE00667,CUST099,2024-10-28,1787,PROD0364,5,165.29,826.4499999999999,Credit Card,Completed
SALE00122,CUST083,2023-05-02,8784,PROD0106,26,316.4,8226.4,Bank Transfer,Pending
SALE00961,CUST007,2025-08-18,13264,PROD0245,39,329.32,12843.48,Credit Card,Pending
SALE00777,CUST017,2025-02-15,7751,PROD0306,4,495.65,1982.6,Bank Transfer,Completed
SALE00158,CUST032,2023-06-07,9096,PROD0444,17,480.78,8173.259999999999,Credit Card,Completed
SALE00543,CUST072,2024-06-26,7609,PROD0161,46,122.16,5619.36,Bank Transfer,Pending
SALE00812,CUST040,2025-03-22,11285,PROD0111,20,16.57,331.4,Credit Card,Completed
SALE00425,CUST059,2024-02-29,8854,PROD0427,46,142.86,6571.56,Credit Card,Pending
SALE00606,CUST073,2024-08-28,13091,PROD0181,46,61.79,2842.34,Cash,Pending
SALE00413,CUST096,2024-02-17,11027,PROD0268,49,139.8,6850.200000000001,Bank Transfer,Completed
SALE00866,CUST006,2025-05-15,604,PROD0216,9,424.99,3824.91,Cash,Completed
SALE00212,CUST066,2023-07-31,2793,PROD0101,24,230.22,5525.28,Bank Transfer,Completed
SALE00459,CUST023,2024-04-03,14932,PROD0046,6,135.95,815.6999999999999,Cash,Completed
SALE00534,CUST040,2024-06-17,953,PROD0138,28,220.87,6184.360000000001,Bank Transfer,Completed
SALE00286,CUST040,2023-10-13,10025,PROD0109,35,151.46,5301.1,Cash,Pending
SALE00574,CUST100,2024-07-27,4852,PROD0377,23,140.27,3226.21,Bank Transfer,Completed
SALE00083,CUST031,2023-03-24,7655,PROD0288,40,487.6,19504.0,Credit Card,Pending
SALE00710,CUST058,2024-12-10,11438,PROD0053,12,373.75,4485.0,Credit Card,Completed
SALE00838,CUST099,2025-04-17,6688,PROD0118,6,202.79,1216.74,Cash,Completed
SALE00536,CUST056,2024-06-19,12028,PROD0391,8,46.57,372.56,Credit Card,Completed
SALE00369,CUST044,2024-01-04,6297,PROD0212,47,300.83,14139.009999999998,Bank Transfer,Completed
SALE00997,CUST019,2025-09-23,7240,PROD0373,37,43.57,1612.09,Credit Card,Pending
SALE00065,CUST056,2023-03-06,11116,PROD0137,24,100.87,2420.88,Bank Transfer,Pending
SALE00411,CUST080,2024-02-15,4835,PROD0039,8,453.71,3629.68,Bank Transfer,Completed
SALE00532,CUST085,2024-06-15,11066,PROD0169,3,313.55,940.6500000000001,Credit Card,Completed
SALE00771,CUST006,2025-02-09,11432,PROD0208,26,156.73,4074.9799999999996,Cash,Pending
SALE00198,CUST043,2023-07-17,3342,PROD0321,6,205.53,1233.18,Credit Card,Pending
SALE00435,CUST041,2024-03-10,5700,PROD0065,21,228.71,4802.91,Credit Card,Completed
SALE00750,CUST061,2025-01-19,1465,PROD0333,29,303.69,8807.01,Cash,Pending
SALE00431,CUST069,2024-03-06,4993,PROD0230,23,35.65,819.9499999999999,Cash,Pending
SALE00900,CUST074,2025-06-18,3684,PROD0333,40,201.46,8058.400000000001,Cash,Completed
SALE00474,CUST017,2024-04-18,3494,PROD0480,49,147.05,7205.450000000001,Cash,Completed
SALE00363,CUST082,2023-12-29,3270,PROD0188,24,193.02,4632.4800000000005,Cash,Pending
SALE00052,CUST022,2023-02-21,3656,PROD0404,24,241.05,5785.200000000001,Bank Transfer,Completed
SALE00494,CUST095,2024-05-08,1509,PROD0029,16,85.36,1365.76,Bank Transfer,Pending
SALE00068,CUST071,2023-03-09,7141,PROD0135,6,303.18,1819.08,Cash,Completed
SALE00193,CUST050,2023-07-12,14920,PROD0176,37,293.91,10874.67,Bank Transfer,Completed
SALE00506,CUST099,2024-05-20,637,PROD0238,4,165.59,662.36,Cash,Completed
SALE00470,CUST061,2024-04-14,3075,PROD0116,7,179.7,1257.8999999999999,Cash,Completed
SALE00916,CUST025,2025-07-04,7675,PROD0085,13,449.51,5843.63,Bank Transfer,Pending
SALE00296,CUST010,2023-10-23,4489,PROD0353,30,194.08,5822.400000000001,Cash,Completed
SALE00999,CUST021,2025-09-25,11016,PROD0225,22,210.07,4621.54,Credit Card,Pending
SALE00248,CUST051,2023-09-05,11737,PROD0018,11,177.9,1956.9,Cash,Pending
SALE00071,CUST002,2023-03-12,5586,PROD0490,43,283.62,12195.66,Bank Transfer,Completed
SALE00972,CUST085,2025-08-29,13240,PROD0343,32,453.63,14516.16,Bank Transfer,Completed
SALE00973,CUST008,2025-08-30,7549,PROD0148,13,372.44,4841.72,Cash,Completed
SALE00697,CUST076,2024-11-27,9067,PROD0220,44,292.81,12883.64,Credit Card,Completed
SALE00651,CUST015,2024-10-12,2589,PROD0258,36,86.75,3123.0,Bank Transfer,Completed
SALE00787,CUST081,2025-02-25,11274,PROD0420,44,297.37,13084.28,Cash,Completed
SALE00295,CUST060,2023-10-22,9058,PROD0043,14,435.76,6100.639999999999,Cash,Pending
SALE00171,CUST087,2023-06-20,7485,PROD0022,41,302.88,12418.08,Credit Card,Completed
SALE00229,CUST030,2023-08-17,1406,PROD0332,26,70.26,1826.7600000000002,Bank Transfer,Pending
SALE00113,CUST055,2023-04-23,8629,PROD0209,9,476.26,4286.34,Bank Transfer,Completed
SALE00018,CUST067,2023-01-18,8422,PROD0356,31,412.54,12788.74,Cash,Completed
SALE00440,CUST004,2024-03-15,13046,PROD0052,26,321.13,8349.38,Bank Transfer,Completed
SALE00857,CUST006,2025-05-06,13216,PROD0035,41,277.1,11361.1,Credit Card,Completed
SALE00056,CUST035,2023-02-25,11180,PROD0165,17,54.67,929.39,Credit Card,Completed
SALE00472,CUST002,2024-04-16,1284,PROD0260,20,259.76,5195.2,Bank Transfer,Pending
SALE00599,CUST031,2024-08-21,3772,PROD0066,2,252.77,505.54,Credit Card,Completed
SALE00941,CUST099,2025-07-29,10800,PROD0103,41,365.34,14978.939999999999,Bank Transfer,Completed
SALE00840,CUST074,2025-04-19,5401,PROD0367,46,395.98,18215.08,Credit Card,Pending
SALE00715,CUST052,2024-12-15,11640,PROD0295,31,273.96,8492.76,Cash,Completed
SALE00228,CUST090,2023-08-16,13788,PROD0314,8,493.48,3947.84,Credit Card,Pending
SALE00956,CUST059,2025-08-13,109,PROD0340,42,459.92,19316.64,Cash,Pending
SALE00105,CUST038,2023-04-15,12090,PROD0341,26,185.32,4818.32,Credit Card,Pending
SALE00854,CUST004,2025-05-03,14071,PROD0439,43,214.82,9237.26,Credit Card,Completed
SALE00790,CUST020,2025-02-28,4829,PROD0171,42,393.47,16525.74,Credit Card,Completed
SALE00161,CUST018,2023-06-10,14283,PROD0225,26,318.09,8270.34,Credit Card,Completed
SALE00544,CUST049,2024-06-27,14740,PROD0001,43,124.0,5332.0,Bank Transfer,Completed
SALE00774,CUST064,2025-02-12,7292,PROD0440,39,253.12,9871.68,Bank Transfer,Completed
SALE00759,CUST069,2025-01-28,8182,PROD0327,17,112.82,1917.9399999999998,Bank Transfer,Completed
SALE00692,CUST060,2024-11-22,9045,PROD0351,39,374.28,14596.919999999998,Credit Card,Completed
SALE00125,CUST061,2023-05-05,2162,PROD0106,8,247.36,1978.88,Cash,Completed
SALE00260,CUST012,2023-09-17,3681,PROD0104,2,482.04,964.08,Credit Card,Completed
SALE00817,CUST062,2025-03-27,6272,PROD0220,3,145.05,435.15000000000003,Credit Card,Pending
SALE00837,CUST080,2025-04-16,1910,PROD0148,43,442.25,19016.75,Credit Card,Pending
SALE00513,CUST012,2024-05-27,5725,PROD0217,10,123.95,1239.5,Credit Card,Pending
SALE00097,CUST059,2023-04-07,4397,PROD0423,42,179.55,7541.1,Credit Card,Completed
SALE00773,CUST059,2025-02-11,4591,PROD0200,44,322.4,14185.599999999999,Bank Transfer,Completed
SALE00530,CUST032,2024-06-13,13221,PROD0210,47,247.45,11630.15,Credit Card,Completed
SALE00609,CUST064,2024-08-31,7104,PROD0253,29,33.44,969.76,Cash,Completed
SALE00251,CUST081,2023-09-08,1595,PROD0151,43,75.03,3226.29,Cash,Pending
SALE00422,CUST099,2024-02-26,14473,PROD0011,11,338.11,3719.21,Credit Card,Pending
SALE00157,CUST075,2023-06-06,14139,PROD0266,39,95.35,3718.6499999999996,Credit Card,Pending
SALE00798,CUST017,2025-03-08,4946,PROD0141,35,469.3,16425.5,Credit Card,Completed
SALE00278,CUST032,2023-10-05,6628,PROD0044,5,180.8,904.0,Credit Card,Pending
SALE00342,CUST013,2023-12-08,11661,PROD0099,27,338.35,9135.45,Bank Transfer,Completed
SALE00843,CUST093,2025-04-22,9005,PROD0458,13,489.98,6369.74,Credit Card,Pending
SALE00265,CUST094,2023-09-22,3796,PROD0206,1,18.58,18.58,Credit Card,Completed
SALE00426,CUST076,2024-03-01,10777,PROD0275,37,300.48,11117.76,Bank Transfer,Pending
SALE00705,CUST054,2024-12-05,3367,PROD0416,49,146.17,7162.329999999999,Cash,Completed
SALE00746,CUST006,2025-01-15,14497,PROD0045,9,120.46,1084.1399999999999,Credit Card,Pending
SALE00907,CUST025,2025-06-25,8220,PROD0496,38,105.85,4022.2999999999997,Cash,Pending
SALE00974,CUST069,2025-08-31,4258,PROD0101,46,103.72,4771.12,Bank Transfer,Pending
SALE00448,CUST054,2024-03-23,9535,PROD0324,7,490.81,3435.67,Credit Card,Completed
SALE00922,CUST099,2025-07-10,6919,PROD0065,45,187.92,8456.4,Bank Transfer,Completed
SALE00845,CUST060,2025-04-24,11894,PROD0370,25,365.33,9133.25,Bank Transfer,Completed
SALE00593,CUST038,2024-08-15,612,PROD0489,32,47.44,1518.08,Credit Card,Completed
SALE00390,CUST060,2024-01-25,4533,PROD0365,47,272.33,12799.509999999998,Credit Card,Completed
SALE00879,CUST005,2025-05-28,6416,PROD0220,13,489.25,6360.25,Cash,Pending
SALE00676,CUST072,2024-11-06,11790,PROD0369,45,98.49,4432.05,Bank Transfer,Completed
SALE00132,CUST043,2023-05-12,2127,PROD0296,26,90.36,2349.36,Bank Transfer,Completed
SALE00859,CUST018,2025-05-08,9676,PROD0309,3,121.43,364.29,Cash,Completed
SALE00503,CUST054,2024-05-17,5696,PROD0273,49,78.21,3832.2899999999995,Cash,Completed
SALE00442,CUST045,2024-03-17,4742,PROD0431,35,93.53,3273.55,Credit Card,Pending
SALE00811,CUST068,2025-03-21,13804,PROD0160,39,241.31,9411.09,Bank Transfer,Completed
SALE00625,CUST047,2024-09-16,2241,PROD0402,25,279.31,6982.75,Cash,Completed
SALE00128,CUST043,2023-05-08,8106,PROD0108,15,302.76,4541.4,Cash,Completed
SALE00856,CUST023,2025-05-05,8747,PROD0147,26,345.04,8971.04,Bank Transfer,Pending
SALE00306,CUST004,2023-11-02,8900,PROD0471,45,277.39,12482.55,Bank Transfer,Pending
SALE00896,CUST097,2025-06-14,3476,PROD0483,12,280.73,3368.76,Credit Card,Completed
SALE00291,CUST008,2023-10-18,302,PROD0256,8,224.7,1797.6,Bank Transfer,Pending
SALE00022,CUST061,2023-01-22,13903,PROD0471,34,10.5,357.0,Bank Transfer,Completed
SALE00445,CUST020,2024-03-20,7779,PROD0267,11,412.69,4539.59,Bank Transfer,Pending
SALE00597,CUST056,2024-08-19,5337,PROD0278,9,392.77,3534.93,Credit Card,Pending
SALE00340,CUST009,2023-12-06,5634,PROD0218,30,312.5,9375.0,Credit Card,Completed
SALE00093,CUST016,2023-04-03,14837,PROD0352,21,289.74,6084.54,Credit Card,Completed
SALE00094,CUST013,2023-04-04,6973,PROD0144,5,19.0,95.0,Bank Transfer,Completed
SALE00568,CUST058,2024-07-21,12656,PROD0244,5,418.81,2094.05,Cash,Completed
SALE00601,CUST014,2024-08-23,7504,PROD0268,25,230.56,5764.0,Cash,Pending
SALE00357,CUST009,2023-12-23,3208,PROD0008,38,398.77,15153.259999999998,Credit Card,Completed
SALE00743,CUST081,2025-01-12,6017,PROD0179,14,259.95,3639.2999999999997,Cash,Pending
SALE00386,CUST081,2024-01-21,14272,PROD0476,38,84.96,3228.4799999999996,Credit Card,Pending
SALE00310,CUST038,2023-11-06,11689,PROD0251,40,92.54,3701.6000000000004,Bank Transfer,Pending
SALE00347,CUST040,2023-12-13,14781,PROD0383,37,361.64,13380.68,Bank Transfer,Completed
SALE00392,CUST014,2024-01-27,2969,PROD0043,46,163.01,7498.459999999999,Bank Transfer,Pending
SALE00014,CUST062,2023-01-14,14523,PROD0272,40,327.31,13092.4,Bank Transfer,Completed
SALE00550,CUST066,2024-07-03,2591,PROD0401,31,398.13,12342.03,Bank Transfer,Pending
SALE00477,CUST096,2024-04-21,1916,PROD0366,28,89.26,2499.28,Bank Transfer,Completed
SALE00720,CUST022,2024-12-20,6088,PROD0123,16,15.41,246.56,Cash,Completed
SALE00082,CUST061,2023-03-23,4043,PROD0181,4,203.82,815.28,Cash,Pending
SALE00098,CUST021,2023-04-08,10273,PROD0245,22,390.14,8583.08,Credit Card,Pending
SALE00349,CUST015,2023-12-15,9308,PROD0437,33,488.6,16123.800000000001,Cash,Completed
SALE00334,CUST095,2023-11-30,1902,PROD0495,8,330.8,2646.4,Cash,Completed
SALE00236,CUST007,2023-08-24,7626,PROD0206,19,60.62,1151.78,Credit Card,Completed
SALE00716,CUST089,2024-12-16,7264,PROD0378,21,266.84,5603.639999999999,Credit Card,Completed
SALE00734,CUST008,2025-01-03,12424,PROD0349,10,334.89,3348.8999999999996,Cash,Pending
SALE00805,CUST013,2025-03-15,11593,PROD0319,16,13.44,215.04,Credit Card,Completed
SALE00763,CUST023,2025-02-01,10111,PROD0278,35,69.96,2448.6,Cash,Completed
SALE00780,CUST013,2025-02-18,1267,PROD0465,25,475.65,11891.25,Cash,Completed
SALE00256,CUST095,2023-09-13,13908,PROD0187,5,102.29,511.45000000000005,Cash,Completed
SALE00701,CUST072,2024-12-01,517,PROD0265,12,283.44,3401.2799999999997,Credit Card,Completed
SALE00352,CUST063,2023-12-18,2149,PROD0337,2,70.38,140.76,Cash,Pending
SALE00488,CUST040,2024-05-02,11193,PROD0235,30,363.5,10905.0,Credit Card,Pending
SALE00836,CUST057,2025-04-15,3586,PROD0025,37,72.71,2690.27,Cash,Pending
SALE00559,CUST066,2024-07-12,4969,PROD0457,19,131.8,2504.2000000000003,Credit Card,Pending
SALE00991,CUST067,2025-09-17,2100,PROD0429,41,45.61,1870.01,Cash,Pending
SALE00764,CUST089,2025-02-02,817,PROD0408,44,370.4,16297.599999999999,Credit Card,Pending
SALE00591,CUST080,2024-08-13,1181,PROD0432,46,471.99,21711.54,Credit Card,Pending
SALE00921,CUST010,2025-07-09,13759,PROD0489,40,310.6,12424.0,Cash,Pending
SALE00562,CUST068,2024-07-15,7127,PROD0008,36,397.27,14301.72,Bank Transfer,Completed
SALE00271,CUST071,2023-09-28,4837,PROD0087,15,399.8,5997.0,Bank Transfer,Completed
SALE00027,CUST028,2023-01-27,6520,PROD0374,5,428.56,2142.8,Bank Transfer,Completed
SALE00852,CUST006,2025-05-01,3809,PROD0111,46,20.8,956.8000000000001,Cash,Completed
SALE00918,CUST099,2025-07-06,4568,PROD0232,5,229.33,1146.65,Cash,Pending
SALE00335,CUST057,2023-12-01,8255,PROD0054,42,196.24,8242.08,Credit Card,Completed
SALE00498,CUST030,2024-05-12,8196,PROD0270,1,467.04,467.04,Bank Transfer,Completed
SALE00718,CUST001,2024-12-18,8967,PROD0455,23,421.58,9696.34,Cash,Completed
SALE00502,CUST009,2024-05-16,7306,PROD0348,28,307.12,8599.36,Bank Transfer,Pending
SALE00050,CUST037,2023-02-19,1628,PROD0338,38,360.31,13691.78,Credit Card,Pending
SALE00663,CUST091,2024-10-24,9187,PROD0422,34,253.06,8604.04,Bank Transfer,Completed
SALE00628,CUST095,2024-09-19,11351,PROD0357,23,217.91,5011.93,Cash,Pending
SALE00024,CUST094,2023-01-24,2533,PROD0141,12,239.58,2874.96,Cash,Completed
SALE00908,CUST028,2025-06-26,7214,PROD0419,8,101.49,811.92,Cash,Pending
SALE00415,CUST072,2024-02-19,9246,PROD0479,31,301.92,9359.52,Bank Transfer,Pending
SALE00317,CUST092,2023-11-13,6646,PROD0409,33,457.98,15113.34,Bank Transfer,Pending
SALE00253,CUST057,2023-09-10,3863,PROD0365,33,470.51,15526.83,Credit Card,Completed
SALE00368,CUST076,2024-01-03,6395,PROD0204,29,262.44,7610.76,Bank Transfer,Pending
SALE00447,CUST081,2024-03-22,7439,PROD0317,2,157.42,314.84,Credit Card,Pending
SALE00829,CUST043,2025-04-08,7594,PROD0280,9,179.5,1615.5,Credit Card,Completed
SALE00116,CUST099,2023-04-26,4987,PROD0348,22,301.44,6631.68,Cash,Completed
SALE00897,CUST018,2025-06-15,5745,PROD0168,42,56.13,2357.46,Credit Card,Pending
SALE00446,CUST077,2024-03-21,8308,PROD0359,38,10.61,403.17999999999995,Credit Card,Completed
SALE00687,CUST069,2024-11-17,4207,PROD0185,25,249.31,6232.75,Credit Card,Pending
SALE00372,CUST060,2024-01-07,12283,PROD0073,45,95.64,4303.8,Credit Card,Pending
SALE00003,CUST011,2023-01-03,5490,PROD0311,17,474.18,8061.06,Credit Card,Pending
SALE00224,CUST020,2023-08-12,11594,PROD0216,38,433.47,16471.86,Cash,Completed
SALE00560,CUST038,2024-07-13,976,PROD0189,48,75.56,3626.88,Credit Card,Completed
SALE00389,CUST077,2024-01-24,5073,PROD0437,23,241.72,5559.56,Cash,Completed
SALE00432,CUST062,2024-03-07,14719,PROD0369,1,195.45,195.45,Bank Transfer,Completed
SALE00739,CUST090,2025-01-08,10618,PROD0122,26,98.85,2570.1,Bank Transfer,Pending
SALE00861,CUST040,2025-05-10,3172,PROD0238,5,275.85,1379.25,Credit Card,Completed
SALE00793,CUST032,2025-03-03,5434,PROD0453,13,120.52,1566.76,Cash,Completed
SALE00699,CUST090,2024-11-29,9917,PROD0119,38,222.56,8457.28,Cash,Completed
SALE00165,CUST082,2023-06-14,5156,PROD0042,13,276.22,3590.8600000000006,Bank Transfer,Pending
SALE00484,CUST094,2024-04-28,3963,PROD0429,30,274.47,8234.1,Bank Transfer,Pending
SALE00575,CUST060,2024-07-28,8411,PROD0146,12,326.58,3918.96,Bank Transfer,Pending
SALE00690,CUST002,2024-11-20,12261,PROD0251,42,212.57,8927.94,Cash,Completed
SALE00894,CUST087,2025-06-12,6290,PROD0098,25,377.86,9446.5,Credit Card,Completed
SALE00123,CUST025,2023-05-03,7308,PROD0199,36,393.88,14179.68,Bank Transfer,Pending
SALE00553,CUST028,2024-07-06,3224,PROD0218,7,183.58,1285.0600000000002,Bank Transfer,Completed
SALE00087,CUST074,2023-03-28,10905,PROD0138,32,476.8,15257.6,Cash,Completed
SALE00172,CUST041,2023-06-21,602,PROD0185,45,398.55,17934.75,Cash,Completed
SALE00230,CUST081,2023-08-18,12321,PROD0150,45,123.25,5546.25,Bank Transfer,Completed
SALE00464,CUST090,2024-04-08,799,PROD0269,43,88.06,3786.58,Bank Transfer,Pending
SALE00731,CUST038,2024-12-31,9979,PROD0111,26,392.4,10202.4,Bank Transfer,Completed
SALE00990,CUST029,2025-09-16,12863,PROD0390,10,495.95,4959.5,Credit Card,Pending
SALE00283,CUST037,2023-10-10,1807,PROD0044,34,496.74,16889.16,Credit Card,Pending
SALE00826,CUST008,2025-04-05,8791,PROD0392,1,32.79,32.79,Bank Transfer,Completed
SALE00616,CUST058,2024-09-07,13384,PROD0237,18,259.2,4665.599999999999,Cash,Completed
SALE00237,CUST080,2023-08-25,9001,PROD0127,20,296.49,5929.8,Bank Transfer,Pending
SALE00882,CUST070,2025-05-31,13560,PROD0187,9,176.49,1588.41,Cash,Completed
SALE00387,CUST006,2024-01-22,3061,PROD0052,6,125.27,751.62,Cash,Pending
SALE00379,CUST039,2024-01-14,12215,PROD0173,43,368.66,15852.380000000001,Credit Card,Pending
SALE00992,CUST015,2025-09-18,11048,PROD0075,32,47.77,1528.64,Credit Card,Completed
SALE00708,CUST073,2024-12-08,5845,PROD0197,49,332.2,16277.8,Bank Transfer,Completed
SALE00312,CUST087,2023-11-08,10086,PROD0291,39,382.08,14901.119999999999,Credit Card,Pending
SALE00200,CUST012,2023-07-19,1159,PROD0124,4,14.42,57.68,Bank Transfer,Pending
SALE00903,CUST069,2025-06-21,8153,PROD0310,11,231.33,2544.63,Cash,Completed
SALE00963,CUST046,2025-08-20,1115,PROD0313,18,134.62,2423.16,Credit Card,Completed
SALE00911,CUST074,2025-06-29,11075,PROD0046,26,381.17,9910.42,Credit Card,Completed
SALE00327,CUST044,2023-11-23,3076,PROD0129,40,360.59,14423.599999999999,Cash,Completed
SALE00059,CUST060,2023-02-28,10727,PROD0324,4,269.87,1079.48,Credit Card,Pending
SALE00844,CUST039,2025-04-23,6077,PROD0301,34,81.03,2755.02,Credit Card,Completed
SALE00736,CUST047,2025-01-05,3540,PROD0067,7,97.4,681.8000000000001,Credit Card,Pending
SALE00112,CUST032,2023-04-22,8016,PROD0095,27,338.49,9139.23,Credit Card,Pending
SALE00870,CUST043,2025-05-19,7676,PROD0427,42,115.88,4866.96,Bank Transfer,Pending
SALE00328,CUST060,2023-11-24,2059,PROD0212,40,265.4,10616.0,Bank Transfer,Completed
SALE00222,CUST043,2023-08-10,10330,PROD0357,49,355.64,17426.36,Cash,Pending
SALE00184,CUST015,2023-07-03,7958,PROD0012,19,319.94,6078.86,Bank Transfer,Completed
SALE00566,CUST043,2024-07-19,8087,PROD0292,1,313.28,313.28,Bank Transfer,Pending
SALE00955,CUST090,2025-08-12,14885,PROD0432,23,155.28,3571.44,Credit Card,Completed
SALE00688,CUST073,2024-11-18,5826,PROD0085,43,83.83,3604.69,Bank Transfer,Completed
SALE00602,CUST025,2024-08-24,13284,PROD0222,39,121.21,4727.19,Bank Transfer,Pending
SALE00078,CUST027,2023-03-19,14641,PROD0189,31,492.33,15262.23,Bank Transfer,Pending
SALE00909,CUST098,2025-06-27,13423,PROD0444,5,56.08,280.4,Credit Card,Pending
SALE00166,CUST087,2023-06-15,8210,PROD0303,20,261.86,5237.200000000001,Credit Card,Completed
SALE00075,CUST054,2023-03-16,875,PROD0163,47,169.7,7975.9,Cash,Completed
SALE00284,CUST040,2023-10-11,11069,PROD0098,12,378.69,4544.28,Cash,Completed
SALE00983,CUST023,2025-09-09,10444,PROD0058,45,372.25,16751.25,Bank Transfer,Pending
SALE00115,CUST058,2023-04-25,9368,PROD0459,47,449.15,21110.05,Credit Card,Pending
SALE00383,CUST096,2024-01-18,5692,PROD0188,11,385.66,4242.26,Credit Card,Completed
SALE00538,CUST086,2024-06-21,674,PROD0381,35,140.04,4901.4,Credit Card,Pending
SALE00331,CUST017,2023-11-27,2485,PROD0096,6,449.39,2696.34,Cash,Completed
SALE00152,CUST042,2023-06-01,3204,PROD0166,15,207.6,3114.0,Credit Card,Pending
SALE00686,CUST093,2024-11-16,10736,PROD0025,1,482.91,482.91,Bank Transfer,Pending
SALE00962,CUST063,2025-08-19,5224,PROD0109,31,163.89,5080.589999999999,Bank Transfer,Completed
SALE00985,CUST014,2025-09-11,8802,PROD0297,48,164.31,7886.88,Credit Card,Completed
SALE00285,CUST072,2023-10-12,5891,PROD0261,35,54.34,1901.9,Credit Card,Completed
SALE00134,CUST020,2023-05-14,9787,PROD0171,23,365.17,8398.91,Credit Card,Pending
SALE00215,CUST066,2023-08-03,14031,PROD0125,2,133.74,267.48,Cash,Completed
SALE00518,CUST072,2024-06-01,12407,PROD0181,33,468.86,15472.380000000001,Credit Card,Pending
SALE00548,CUST049,2024-07-01,3954,PROD0418,21,425.53,8936.13,Cash,Completed
SALE00998,CUST077,2025-09-24,3736,PROD0355,29,383.95,11134.55,Cash,Pending
SALE00522,CUST065,2024-06-05,8273,PROD0422,7,10.16,71.12,Bank Transfer,Pending
SALE00155,CUST025,2023-06-04,2554,PROD0096,28,109.75,3073.0,Bank Transfer,Pending
SALE00007,CUST090,2023-01-07,11384,PROD0281,46,242.05,11134.300000000001,Cash,Completed
SALE00173,CUST059,2023-06-22,7010,PROD0468,18,330.95,5957.099999999999,Cash,Pending
SALE00703,CUST064,2024-12-03,8908,PROD0429,37,373.44,13817.28,Bank Transfer,Completed
SALE00273,CUST034,2023-09-30,13977,PROD0317,38,304.3,11563.4,Bank Transfer,Pending
SALE00554,CUST017,2024-07-07,5791,PROD0260,10,267.5,2675.0,Bank Transfer,Pending
SALE00595,CUST009,2024-08-17,13507,PROD0030,17,465.86,7919.62,Credit Card,Pending
SALE00500,CUST057,2024-05-14,12633,PROD0035,47,244.88,11509.36,Credit Card,Completed
SALE00592,CUST004,2024-08-14,13021,PROD0039,23,406.35,9346.050000000001,Cash,Pending
SALE00855,CUST093,2025-05-04,6719,PROD0203,34,53.53,1820.02,Bank Transfer,Completed
SALE00722,CUST001,2024-12-22,3067,PROD0387,8,381.75,3054.0,Credit Card,Pending
SALE00584,CUST048,2024-08-06,6049,PROD0260,35,310.9,10881.5,Cash,Completed
SALE00691,CUST065,2024-11-21,10838,PROD0144,25,381.51,9537.75,Credit Card,Completed
SALE00232,CUST055,2023-08-20,10967,PROD0036,5,323.6,1618.0,Credit Card,Completed
SALE00111,CUST100,2023-04-21,6963,PROD0396,45,30.18,1358.1,Bank Transfer,Completed
SALE00839,CUST030,2025-04-18,3023,PROD0338,39,415.66,16210.740000000002,Bank Transfer,Pending
SALE00305,CUST086,2023-11-01,6387,PROD0190,25,302.28,7556.999999999999,Cash,Pending
SALE00828,CUST015,2025-04-07,8802,PROD0464,15,285.38,4280.7,Cash,Completed
SALE00987,CUST071,2025-09-13,504,PROD0331,19,344.02,6536.379999999999,Bank Transfer,Completed
SALE00519,CUST027,2024-06-02,2468,PROD0064,23,439.29,10103.67,Cash,Pending
SALE00612,CUST067,2024-09-03,3247,PROD0442,23,332.93,7657.39,Cash,Pending
SALE00842,CUST069,2025-04-21,4286,PROD0066,11,252.3,2775.3,Bank Transfer,Pending
SALE00270,CUST050,2023-09-27,12389,PROD0493,11,65.42,719.62,Credit Card,Completed
SALE00862,CUST096,2025-05-11,6630,PROD0014,5,397.93,1989.65,Cash,Completed
SALE00547,CUST088,2024-06-30,13225,PROD0188,37,331.3,12258.1,Cash,Completed
SALE00492,CUST052,2024-05-06,254,PROD0409,29,168.04,4873.16,Bank Transfer,Pending
SALE00217,CUST054,2023-08-05,9655,PROD0280,28,195.89,5484.92,Bank Transfer,Completed
SALE00937,CUST054,2025-07-25,5420,PROD0463,40,166.64,6665.599999999999,Bank Transfer,Pending
SALE00324,CUST040,2023-11-20,1834,PROD0089,47,203.24,9552.28,Bank Transfer,Completed
SALE00361,CUST091,2023-12-27,10348,PROD0161,36,52.65,1895.3999999999999,Cash,Completed
SALE00216,CUST036,2023-08-04,3727,PROD0359,20,186.03,3720.6,Credit Card,Completed
SALE00384,CUST062,2024-01-19,198,PROD0441,10,83.35,833.5,Credit Card,Completed
SALE00144,CUST063,2023-05-24,3661,PROD0450,23,31.39,721.97,Cash,Pending
SALE00318,CUST046,2023-11-14,9661,PROD0095,23,408.75,9401.25,Bank Transfer,Pending
SALE00367,CUST063,2024-01-02,4599,PROD0364,5,322.61,1613.0500000000002,Credit Card,Completed
SALE00467,CUST039,2024-04-11,290,PROD0118,28,121.41,3399.48,Bank Transfer,Completed
SALE00827,CUST024,2025-04-06,9972,PROD0006,46,313.65,14427.9,Bank Transfer,Completed
SALE00726,CUST042,2024-12-26,4179,PROD0029,12,240.46,2885.52,Credit Card,Completed
SALE00325,CUST024,2023-11-21,1943,PROD0072,2,279.21,558.42,Bank Transfer,Pending
SALE00192,CUST014,2023-07-11,1857,PROD0226,6,300.53,1803.1799999999998,Cash,Pending
SALE00587,CUST063,2024-08-09,7660,PROD0039,24,478.55,11485.2,Credit Card,Completed
SALE00594,CUST027,2024-08-16,11141,PROD0132,17,146.89,2497.1299999999997,Credit Card,Completed
SALE00099,CUST054,2023-04-09,1095,PROD0415,21,471.21,9895.41,Credit Card,Completed
SALE00698,CUST039,2024-11-28,6848,PROD0179,30,439.8,13194.0,Credit Card,Completed
SALE00707,CUST094,2024-12-07,7768,PROD0215,10,441.11,4411.1,Credit Card,Pending
SALE00582,CUST042,2024-08-04,9032,PROD0187,34,329.34,11197.56,Bank Transfer,Completed
SALE00375,CUST048,2024-01-10,1748,PROD0243,31,387.27,12005.369999999999,Credit Card,Pending
SALE00106,CUST031,2023-04-16,9567,PROD0004,46,167.83,7720.18,Bank Transfer,Completed
SALE00732,CUST099,2025-01-01,6906,PROD0294,47,116.43,5472.21,Cash,Pending
SALE00954,CUST002,2025-08-11,10236,PROD0050,31,175.05,5426.55,Bank Transfer,Completed
SALE00013,CUST018,2023-01-13,5678,PROD0224,49,228.52,11197.480000000001,Bank Transfer,Completed
SALE00665,CUST021,2024-10-26,11838,PROD0186,24,496.28,11910.72,Cash,Pending
SALE00883,CUST035,2025-06-01,4275,PROD0289,4,437.35,1749.4,Cash,Pending
SALE00493,CUST074,2024-05-07,10829,PROD0054,30,21.22,636.5999999999999,Cash,Completed
SALE00928,CUST045,2025-07-16,11071,PROD0427,40,188.21,7528.400000000001,Bank Transfer,Completed
SALE00183,CUST065,2023-07-02,1584,PROD0322,44,304.91,13416.04,Credit Card,Completed
SALE00964,CUST063,2025-08-21,10116,PROD0287,36,411.44,14811.84,Credit Card,Pending
SALE00977,CUST036,2025-09-03,7070,PROD0092,41,292.85,12006.85,Credit Card,Pending
SALE00434,CUST089,2024-03-09,9251,PROD0220,15,497.79,7466.85,Bank Transfer,Pending
SALE00799,CUST071,2025-03-09,6831,PROD0043,39,355.95,13882.05,Credit Card,Pending
SALE00089,CUST091,2023-03-30,3943,PROD0194,27,364.9,9852.3,Credit Card,Completed
SALE00735,CUST062,2025-01-04,12143,PROD0147,16,10.92,174.72,Cash,Pending
SALE00197,CUST059,2023-07-16,1778,PROD0066,6,162.95,977.6999999999999,Cash,Pending
SALE00179,CUST065,2023-06-28,5234,PROD0162,47,419.64,19723.079999999998,Credit Card,Pending
SALE00206,CUST028,2023-07-25,6015,PROD0057,9,443.02,3987.18,Credit Card,Completed
SALE00669,CUST023,2024-10-30,6933,PROD0095,36,136.63,4918.68,Cash,Completed
SALE00151,CUST004,2023-05-31,13167,PROD0084,35,49.95,1748.25,Credit Card,Pending
SALE00853,CUST056,2025-05-02,9373,PROD0249,10,362.8,3628.0,Cash,Pending
SALE00487,CUST081,2024-05-01,4114,PROD0028,32,270.92,8669.44,Credit Card,Pending
SALE00832,CUST045,2025-04-11,9447,PROD0094,24,52.35,1256.4,Cash,Completed
SALE00808,CUST014,2025-03-18,14064,PROD0179,10,74.36,743.6,Credit Card,Pending
SALE00615,CUST067,2024-09-06,3606,PROD0090,6,27.43,164.57999999999998,Bank Transfer,Pending
SALE00791,CUST100,2025-03-01,9448,PROD0134,34,37.51,1275.34,Credit Card,Completed
SALE00572,CUST032,2024-07-25,1793,PROD0032,2,30.89,61.78,Cash,Pending
SALE00824,CUST031,2025-04-03,10148,PROD0323,25,86.63,2165.75,Credit Card,Completed
SALE00758,CUST006,2025-01-27,7500,PROD0015,39,491.16,19155.24,Cash,Pending
SALE00130,CUST074,2023-05-10,5563,PROD0410,22,245.64,5404.08,Cash,Completed
SALE00199,CUST079,2023-07-18,4736,PROD0435,48,430.41,20659.68,Credit Card,Completed
SALE00308,CUST082,2023-11-04,9439,PROD0424,25,17.19,429.75000000000006,Cash,Completed
SALE00073,CUST075,2023-03-14,9770,PROD0159,48,88.8,4262.4,Credit Card,Completed
SALE00986,CUST074,2025-09-12,484,PROD0134,6,11.87,71.22,Bank Transfer,Completed
SALE00074,CUST097,2023-03-15,10848,PROD0384,11,329.24,3621.6400000000003,Credit Card,Pending
SALE00549,CUST021,2024-07-02,13465,PROD0004,14,364.92,5108.88,Cash,Pending
SALE00268,CUST011,2023-09-25,798,PROD0400,17,433.66,7372.22,Bank Transfer,Completed
SALE00653,CUST079,2024-10-14,11108,PROD0487,29,64.3,1864.6999999999998,Credit Card,Completed
SALE00376,CUST018,2024-01-11,5639,PROD0275,36,282.75,10179.0,Bank Transfer,Completed
SALE00164,CUST054,2023-06-13,9862,PROD0374,17,257.37,4375.29,Cash,Pending
SALE00298,CUST028,2023-10-25,8104,PROD0287,21,328.05,6889.05,Bank Transfer,Completed
SALE00509,CUST080,2024-05-23,13308,PROD0093,29,336.49,9758.210000000001,Cash,Completed
SALE00485,CUST021,2024-04-29,13013,PROD0279,23,317.7,7307.099999999999,Credit Card,Pending
SALE00925,CUST085,2025-07-13,2845,PROD0115,3,258.46,775.3799999999999,Credit Card,Pending
SALE00267,CUST019,2023-09-24,11444,PROD0396,9,417.13,3754.17,Cash,Pending
SALE00117,CUST003,2023-04-27,12285,PROD0480,47,312.14,14670.58,Credit Card,Pending
SALE00933,CUST002,2025-07-21,6142,PROD0077,6,484.2,2905.2,Bank Transfer,Pending
SALE00768,CUST005,2025-02-06,5586,PROD0001,37,402.67,14898.79,Credit Card,Completed
SALE00366,CUST073,2024-01-01,1254,PROD0475,8,11.27,90.16,Cash,Pending
SALE00935,CUST042,2025-07-23,7202,PROD0146,19,67.65,1285.3500000000001,Cash,Pending
SALE00496,CUST087,2024-05-10,884,PROD0353,19,479.09,9102.71,Credit Card,Completed
SALE00067,CUST029,2023-03-08,2712,PROD0095,34,10.6,360.4,Bank Transfer,Completed
SALE00008,CUST002,2023-01-08,5834,PROD0326,1,38.38,38.38,Bank Transfer,Completed
SALE00617,CUST027,2024-09-08,7353,PROD0390,21,199.92,4198.32,Cash,Pending
SALE00095,CUST035,2023-04-05,5775,PROD0016,18,246.35,4434.3,Credit Card,Completed
SALE00189,CUST081,2023-07-08,5216,PROD0201,26,224.21,5829.46,Bank Transfer,Completed
SALE00330,CUST087,2023-11-26,6794,PROD0343,6,221.12,1326.72,Credit Card,Pending
SALE00932,CUST064,2025-07-20,3875,PROD0158,33,401.31,13243.23,Cash,Pending
SALE00772,CUST070,2025-02-10,7366,PROD0110,23,95.01,2185.23,Credit Card,Pending
SALE00525,CUST011,2024-06-08,9263,PROD0217,1,188.75,188.75,Credit Card,Completed
SALE00605,CUST024,2024-08-27,4170,PROD0090,43,442.41,19023.63,Bank Transfer,Pending
SALE00770,CUST020,2025-02-08,5080,PROD0491,40,369.47,14778.800000000001,Cash,Pending
SALE00623,CUST044,2024-09-14,11410,PROD0019,17,183.87,3125.79,Bank Transfer,Completed
SALE00658,CUST005,2024-10-19,2939,PROD0259,36,200.44,7215.84,Cash,Completed
SALE00079,CUST020,2023-03-20,3252,PROD0415,11,83.29,916.19,Bank Transfer,Completed
SALE00788,CUST035,2025-02-26,6641,PROD0377,2,351.86,703.72,Bank Transfer,Pending
SALE00261,CUST049,2023-09-18,11749,PROD0243,13,135.1,1756.3,Cash,Completed
SALE00247,CUST035,2023-09-04,8094,PROD0148,37,265.65,9829.05,Cash,Completed
SALE00069,CUST077,2023-03-10,9655,PROD0068,2,307.58,615.16,Cash,Completed
SALE00820,CUST090,2025-03-30,10678,PROD0302,30,191.89,5756.7,Cash,Completed
SALE00889,CUST077,2025-06-07,14087,PROD0126,3,333.22,999.6600000000001,Cash,Completed
SALE00611,CUST083,2024-09-02,8230,PROD0383,34,375.64,12771.76,Cash,Pending
SALE00143,CUST069,2023-05-23,5992,PROD0182,47,222.49,10457.03,Cash,Completed
SALE00272,CUST058,2023-09-29,14655,PROD0142,24,460.15,11043.599999999999,Credit Card,Completed
SALE00209,CUST094,2023-07-28,14992,PROD0285,40,229.9,9196.0,Cash,Completed
SALE00388,CUST083,2024-01-23,14307,PROD0111,8,435.94,3487.52,Credit Card,Completed
SALE00154,CUST038,2023-06-03,12890,PROD0281,37,215.02,7955.740000000001,Cash,Completed
SALE00137,CUST087,2023-05-17,6836,PROD0195,2,244.85,489.7,Cash,Completed
SALE00621,CUST076,2024-09-12,9535,PROD0152,38,471.73,17925.74,Bank Transfer,Pending
SALE00521,CUST012,2024-06-04,6755,PROD0244,32,427.21,13670.72,Bank Transfer,Completed
SALE00168,CUST021,2023-06-17,10982,PROD0246,4,24.4,97.6,Bank Transfer,Completed
SALE00191,CUST046,2023-07-10,6119,PROD0352,45,208.46,9380.7,Bank Transfer,Completed
SALE00516,CUST057,2024-05-30,12423,PROD0106,46,69.8,3210.7999999999997,Bank Transfer,Completed
SALE00015,CUST096,2023-01-15,11736,PROD0146,32,301.25,9640.0,Bank Transfer,Pending
SALE00479,CUST094,2024-04-23,6809,PROD0011,49,291.55,14285.95,Bank Transfer,Pending
SALE00329,CUST062,2023-11-25,5859,PROD0428,39,412.97,16105.830000000002,Credit Card,Pending
SALE00381,CUST059,2024-01-16,11475,PROD0141,5,339.0,1695.0,Cash,Pending
SALE00944,CUST016,2025-08-01,11248,PROD0301,45,490.09,22054.05,Cash,Completed
SALE00600,CUST088,2024-08-22,12875,PROD0108,45,199.31,8968.95,Credit Card,Pending
SALE00274,CUST020,2023-10-01,954,PROD0199,35,471.03,16486.05,Cash,Pending
SALE00756,CUST035,2025-01-25,495,PROD0333,18,350.75,6313.5,Credit Card,Completed
SALE00542,CUST054,2024-06-25,6557,PROD0308,32,320.26,10248.32,Cash,Completed
SALE00010,CUST012,2023-01-10,566,PROD0164,13,427.68,5559.84,Cash,Completed
SALE00287,CUST056,2023-10-14,5635,PROD0283,1,63.46,63.46,Bank Transfer,Completed
SALE00551,CUST063,2024-07-04,10952,PROD0132,48,208.35,10000.8,Cash,Pending
SALE00984,CUST016,2025-09-10,7366,PROD0498,35,62.11,2173.85,Bank Transfer,Pending
SALE00048,CUST008,2023-02-17,7834,PROD0388,27,108.18,2920.86,Bank Transfer,Completed
SALE00873,CUST004,2025-05-22,5129,PROD0151,17,235.48,4003.16,Credit Card,Pending
SALE00864,CUST074,2025-05-13,14783,PROD0045,23,310.32,7137.36,Credit Card,Completed
SALE00070,CUST018,2023-03-11,6335,PROD0147,13,131.29,1706.77,Credit Card,Completed
SALE00634,CUST087,2024-09-25,2579,PROD0229,6,488.24,2929.44,Credit Card,Pending
SALE00021,CUST094,2023-01-21,10683,PROD0275,26,133.73,3476.9799999999996,Cash,Pending
SALE00646,CUST086,2024-10-07,2949,PROD0161,28,65.84,1843.52,Credit Card,Pending
SALE00045,CUST076,2023-02-14,3105,PROD0148,18,167.16,3008.88,Cash,Completed
SALE00995,CUST046,2025-09-21,1560,PROD0168,15,115.61,1734.15,Bank Transfer,Completed
SALE00982,CUST030,2025-09-08,1733,PROD0025,24,25.25,606.0,Cash,Pending
SALE00546,CUST011,2024-06-29,4877,PROD0437,4,95.14,380.56,Cash,Pending
SALE00402,CUST063,2024-02-06,9592,PROD0407,40,341.16,13646.400000000001,Cash,Pending
SALE00439,CUST022,2024-03-14,9107,PROD0443,10,481.22,4812.200000000001,Credit Card,Pending
SALE00872,CUST096,2025-05-21,1028,PROD0214,18,432.37,7782.66,Bank Transfer,Completed
SALE00748,CUST014,2025-01-17,14291,PROD0343,8,35.87,286.96,Credit Card,Pending
SALE00848,CUST045,2025-04-27,4368,PROD0076,8,161.26,1290.08,Bank Transfer,Pending
SALE00930,CUST081,2025-07-18,12428,PROD0407,13,411.98,5355.74,Credit Card,Pending
SALE00481,CUST013,2024-04-25,5542,PROD0438,1,201.61,201.61,Bank Transfer,Completed
SALE00978,CUST028,2025-09-04,7038,PROD0401,17,371.65,6318.049999999999,Bank Transfer,Completed
SALE00042,CUST088,2023-02-11,10098,PROD0239,34,382.45,13003.3,Credit Card,Completed
SALE00641,CUST003,2024-10-02,4552,PROD0246,10,244.35,2443.5,Cash,Completed
SALE00841,CUST018,2025-04-20,10506,PROD0338,24,315.97,7583.280000000001,Bank Transfer,Completed
SALE00499,CUST033,2024-05-13,7660,PROD0334,14,291.83,4085.62,Cash,Completed
SALE00182,CUST004,2023-07-01,7135,PROD0089,49,208.6,10221.4,Credit Card,Completed
SALE00528,CUST017,2024-06-11,9458,PROD0278,23,103.97,2391.31,Bank Transfer,Pending
SALE00025,CUST045,2023-01-25,5411,PROD0427,1,472.71,472.71,Bank Transfer,Pending
SALE00723,CUST065,2024-12-23,14627,PROD0339,25,342.41,8560.25,Credit Card,Pending
SALE00919,CUST048,2025-07-07,13419,PROD0085,13,283.33,3683.29,Cash,Completed
SALE00915,CUST041,2025-07-03,11311,PROD0214,48,105.96,5086.08,Bank Transfer,Pending
SALE00221,CUST040,2023-08-09,9821,PROD0334,6,393.08,2358.48,Cash,Pending
SALE00738,CUST017,2025-01-07,5744,PROD0008,23,91.77,2110.71,Bank Transfer,Pending
SALE00912,CUST078,2025-06-30,11123,PROD0328,18,145.46,2618.28,Credit Card,Pending
SALE00345,CUST018,2023-12-11,14175,PROD0451,38,294.66,11197.080000000002,Credit Card,Pending
SALE00482,CUST043,2024-04-26,1995,PROD0489,32,255.56,8177.92,Credit Card,Completed
SALE00491,CUST073,2024-05-05,7906,PROD0026,45,411.18,18503.1,Bank Transfer,Pending
SALE00126,CUST029,2023-05-06,12176,PROD0280,49,333.8,16356.2,Credit Card,Completed
SALE00508,CUST098,2024-05-22,1941,PROD0500,8,414.35,3314.8,Bank Transfer,Completed
SALE00945,CUST006,2025-08-02,1681,PROD0428,25,331.51,8287.75,Cash,Pending
SALE00429,CUST031,2024-03-04,14462,PROD0430,46,233.86,10757.560000000001,Credit Card,Pending
SALE00153,CUST084,2023-06-02,7315,PROD0284,25,118.07,2951.75,Bank Transfer,Pending
SALE00001,CUST010,2023-01-01,7370,PROD0165,10,95.14,951.4,Credit Card,Pending
SALE00702,CUST063,2024-12-02,8406,PROD0442,19,407.76,7747.44,Bank Transfer,Pending
SALE00035,CUST053,2023-02-04,8766,PROD0329,37,435.35,16107.95,Credit Card,Completed
SALE00749,CUST072,2025-01-18,828,PROD0016,23,248.43,5713.89,Cash,Pending
SALE00344,CUST048,2023-12-10,362,PROD0046,29,270.81,7853.49,Bank Transfer,Pending
SALE00893,CUST076,2025-06-11,11804,PROD0099,3,284.49,853.47,Credit Card,Completed
SALE00884,CUST022,2025-06-02,11225,PROD0403,14,276.98,3877.7200000000003,Cash,Pending
SALE00241,CUST048,2023-08-29,4513,PROD0440,12,346.12,4153.4400000000005,Credit Card,Pending
SALE00960,CUST072,2025-08-17,7518,PROD0137,30,451.64,13549.199999999999,Cash,Completed
SALE00146,CUST005,2023-05-26,6284,PROD0144,43,20.22,869.4599999999999,Bank Transfer,Completed
SALE00531,CUST093,2024-06-14,6019,PROD0497,37,379.58,14044.46,Credit Card,Pending
