InvoiceNumber,SupplierID,InvoiceDate,InvoiceAmount,DueDate,PaymentDate,PaymentAmount,PaymentTerms,InvoiceStatus,DaysToPay
INV00198,SUP043,2023-07-17,3131,2023-09-04,2023-09-11,3131,Net 30,Paid,56
INV00360,SUP053,2023-12-26,3969,2024-02-23,2024-02-23,3969,Net 60,Paid,59
INV00301,SUP015,2023-10-28,2527,2023-12-18,2023-12-18,2527,Net 60,Pending,51
INV00567,SUP097,2024-07-20,5501,2024-09-11,2024-09-12,5501,Net 30,Paid,54
INV00683,SUP043,2024-11-13,3619,2025-01-08,2025-01-12,3619,Net 60,Pending,60
INV00745,SUP095,2025-01-14,9291,2025-02-23,2025-03-02,9291,Net 45,Pending,47
INV00572,SUP024,2024-07-25,4948,2024-09-16,2024-09-17,4948,Net 60,Pending,54
INV00699,SUP042,2024-11-29,1452,2025-01-06,2025-01-08,1452,Net 30,Pending,40
INV00972,SUP093,2025-08-29,993,2025-10-26,2025-10-28,993,Net 30,Paid,60
INV00631,SUP097,2024-09-22,6332,2024-10-23,2024-10-27,6332,Net 60,Pending,35
INV00486,SUP044,2024-04-30,1771,2024-06-11,2024-06-13,1771,Net 45,Paid,44
INV00564,SUP081,2024-07-17,2010,2024-09-02,2024-09-03,2010,Net 45,Pending,48
INV00062,SUP098,2023-03-03,7073,2023-04-21,2023-04-28,7073,Net 45,Paid,56
INV00192,SUP054,2023-07-11,402,2023-09-08,2023-09-08,402,Net 45,Paid,59
INV00686,SUP013,2024-11-16,449,2025-01-01,2025-01-03,449,Net 45,Paid,48
INV00202,SUP096,2023-07-21,2130,2023-09-12,2023-09-14,2130,Net 30,Paid,55
INV00307,SUP093,2023-11-03,5288,2023-12-17,2023-12-25,5288,Net 30,Pending,52
INV00733,SUP058,2025-01-02,4500,2025-02-03,2025-02-06,4500,Net 45,Paid,35
INV00722,SUP024,2024-12-22,7243,2025-02-15,2025-02-16,7243,Net 45,Paid,56
INV00814,SUP076,2025-03-24,7761,2025-05-13,2025-05-15,7761,Net 30,Paid,52
INV00264,SUP051,2023-09-21,4693,2023-10-27,2023-10-31,4693,Net 30,Paid,40
INV00049,SUP004,2023-02-18,7299,2023-04-12,2023-04-15,7299,Net 30,Pending,56
INV00370,SUP057,2024-01-05,5891,2024-02-19,2024-02-27,5891,Net 30,Paid,53
INV00634,SUP008,2024-09-25,1124,2024-11-06,2024-11-07,1124,Net 60,Paid,43
INV00854,SUP017,2025-05-03,5760,2025-06-12,2025-06-17,5760,Net 45,Paid,45
INV00419,SUP096,2024-02-23,2944,2024-04-04,2024-04-09,2944,Net 30,Pending,46
INV00446,SUP062,2024-03-21,9960,2024-05-19,2024-05-28,9960,Net 45,Pending,68
INV00904,SUP081,2025-06-22,8207,2025-08-12,2025-08-12,8207,Net 30,Pending,51
INV00082,SUP059,2023-03-23,8884,2023-05-21,2023-05-25,8884,Net 45,Pending,63
INV00862,SUP045,2025-05-11,4408,2025-06-23,2025-06-27,4408,Net 45,Paid,47
INV00059,SUP009,2023-02-28,4043,2023-04-15,2023-04-19,4043,Net 30,Pending,50
INV00519,SUP063,2024-06-02,5788,2024-07-25,2024-07-30,5788,Net 45,Pending,58
INV00428,SUP088,2024-03-03,6081,2024-04-24,2024-04-29,6081,Net 60,Paid,57
INV00687,SUP052,2024-11-17,9065,2024-12-24,2024-12-29,9065,Net 60,Pending,42
INV00548,SUP069,2024-07-01,2881,2024-08-04,2024-08-05,2881,Net 45,Pending,35
INV00473,SUP032,2024-04-17,9908,2024-05-28,2024-06-03,9908,Net 60,Pending,47
INV00398,SUP084,2024-02-02,2131,2024-03-11,2024-03-16,2131,Net 30,Pending,43
INV00581,SUP090,2024-08-03,3272,2024-09-12,2024-09-16,3272,Net 45,Pending,44
INV00485,SUP076,2024-04-29,4279,2024-05-31,2024-06-06,4279,Net 30,Pending,38
INV00571,SUP017,2024-07-24,4468,2024-09-04,2024-09-10,4468,Net 60,Paid,48
INV00097,SUP090,2023-04-07,6092,2023-05-08,2023-05-10,6092,Net 60,Paid,33
INV00659,SUP054,2024-10-20,1833,2024-11-23,2024-11-29,1833,Net 60,Paid,40
INV00024,SUP036,2023-01-24,2758,2023-02-25,2023-02-27,2758,Net 60,Paid,34
INV00282,SUP082,2023-10-09,6095,2023-11-26,2023-11-28,6095,Net 30,Paid,50
INV00205,SUP067,2023-07-24,9539,2023-09-21,2023-09-28,9539,Net 30,Pending,66
INV00380,SUP064,2024-01-15,7166,2024-02-22,2024-02-24,7166,Net 30,Paid,40
INV00407,SUP064,2024-02-11,7604,2024-04-10,2024-04-14,7604,Net 60,Pending,63
INV00143,SUP096,2023-05-23,6115,2023-07-06,2023-07-15,6115,Net 60,Paid,53
INV00166,SUP001,2023-06-15,1695,2023-08-06,2023-08-14,1695,Net 30,Paid,60
INV00504,SUP006,2024-05-18,595,2024-07-11,2024-07-16,595,Net 45,Pending,59
INV00442,SUP024,2024-03-17,1051,2024-05-01,2024-05-03,1051,Net 30,Paid,47
INV00470,SUP039,2024-04-14,1025,2024-06-07,2024-06-08,1025,Net 30,Paid,55
INV00855,SUP017,2025-05-04,4489,2025-06-15,2025-06-23,4489,Net 45,Pending,50
INV00866,SUP072,2025-05-15,9965,2025-06-26,2025-07-02,9965,Net 60,Pending,48
INV00541,SUP003,2024-06-24,2739,2024-08-18,2024-08-21,2739,Net 45,Pending,58
INV00481,SUP077,2024-04-25,2704,2024-05-29,2024-05-30,2704,Net 60,Pending,35
INV00184,SUP029,2023-07-03,6728,2023-08-04,2023-08-08,6728,Net 60,Pending,36
INV00878,SUP058,2025-05-27,7241,2025-07-12,2025-07-16,7241,Net 60,Pending,50
INV00174,SUP079,2023-06-23,7754,2023-08-19,2023-08-20,7754,Net 45,Pending,58
INV00231,SUP079,2023-08-19,462,2023-09-19,2023-09-23,462,Net 30,Paid,35
INV00406,SUP011,2024-02-10,3872,2024-03-28,2024-04-05,3872,Net 30,Paid,55
INV00910,SUP032,2025-06-28,5020,2025-08-10,2025-08-16,5020,Net 30,Paid,49
INV00139,SUP061,2023-05-19,4836,2023-06-20,2023-06-29,4836,Net 45,Pending,41
INV00460,SUP089,2024-04-04,3573,2024-05-10,2024-05-18,3573,Net 45,Paid,44
INV00947,SUP031,2025-08-04,1122,2025-09-28,2025-10-02,1122,Net 60,Paid,59
INV00602,SUP021,2024-08-24,5845,2024-10-16,2024-10-18,5845,Net 30,Pending,55
INV00319,SUP020,2023-11-15,6909,2023-12-23,2023-12-31,6909,Net 60,Pending,46
INV00790,SUP010,2025-02-28,6706,2025-04-25,2025-04-25,6706,Net 30,Pending,56
INV00133,SUP062,2023-05-13,1957,2023-07-10,2023-07-15,1957,Net 30,Paid,63
INV00290,SUP059,2023-10-17,9207,2023-12-02,2023-12-11,9207,Net 60,Paid,55
INV00371,SUP008,2024-01-06,3251,2024-02-10,2024-02-16,3251,Net 30,Paid,41
INV00603,SUP055,2024-08-25,3686,2024-10-21,2024-10-27,3686,Net 60,Paid,63
INV00771,SUP046,2025-02-09,4343,2025-04-06,2025-04-08,4343,Net 60,Pending,58
INV00725,SUP020,2024-12-25,3672,2025-02-10,2025-02-13,3672,Net 60,Paid,50
INV00023,SUP057,2023-01-23,9474,2023-03-02,2023-03-11,9474,Net 60,Pending,47
INV00868,SUP015,2025-05-17,2117,2025-06-16,2025-06-17,2117,Net 45,Paid,31
INV00845,SUP079,2025-04-24,5542,2025-06-17,2025-06-22,5542,Net 30,Paid,59
INV00100,SUP062,2023-04-10,3299,2023-05-26,2023-05-30,3299,Net 60,Paid,50
INV00516,SUP077,2024-05-30,7466,2024-07-05,2024-07-11,7466,Net 60,Pending,42
INV00106,SUP011,2023-04-16,9196,2023-05-16,2023-05-19,9196,Net 30,Paid,33
INV00632,SUP078,2024-09-23,8091,2024-10-30,2024-11-02,8091,Net 45,Pending,40
INV00120,SUP011,2023-04-30,406,2023-06-21,2023-06-27,406,Net 60,Pending,58
INV00425,SUP082,2024-02-29,6684,2024-04-09,2024-04-18,6684,Net 45,Paid,49
INV00560,SUP042,2024-07-13,9547,2024-09-07,2024-09-14,9547,Net 45,Paid,63
INV00479,SUP085,2024-04-23,9067,2024-05-29,2024-06-07,9067,Net 30,Paid,45
INV00682,SUP049,2024-11-12,5176,2024-12-25,2024-12-30,5176,Net 60,Pending,48
INV00971,SUP004,2025-08-28,7098,2025-10-04,2025-10-08,7098,Net 45,Paid,41
INV00512,SUP004,2024-05-26,5146,2024-06-29,2024-07-05,5146,Net 60,Pending,40
INV00821,SUP061,2025-03-31,8143,2025-05-06,2025-05-10,8143,Net 30,Pending,40
INV00768,SUP015,2025-02-06,5440,2025-03-27,2025-03-29,5440,Net 60,Paid,51
INV00535,SUP057,2024-06-18,8210,2024-07-30,2024-08-03,8210,Net 30,Paid,46
INV00690,SUP081,2024-11-20,1277,2025-01-12,2025-01-18,1277,Net 30,Pending,59
INV00343,SUP029,2023-12-09,8916,2024-01-13,2024-01-14,8916,Net 45,Paid,36
INV00061,SUP031,2023-03-02,9892,2023-04-17,2023-04-24,9892,Net 60,Pending,53
INV00074,SUP096,2023-03-15,8116,2023-04-26,2023-05-03,8116,Net 60,Paid,49
INV00488,SUP083,2024-05-02,5304,2024-06-24,2024-06-26,5304,Net 30,Pending,55
INV00850,SUP080,2025-04-29,6166,2025-06-18,2025-06-27,6166,Net 45,Paid,59
INV00013,SUP057,2023-01-13,7149,2023-03-04,2023-03-07,7149,Net 60,Paid,53
INV00629,SUP015,2024-09-20,7512,2024-11-12,2024-11-13,7512,Net 45,Pending,54
INV00002,SUP083,2023-01-02,1060,2023-02-14,2023-02-23,1060,Net 30,Paid,52
INV00140,SUP001,2023-05-20,1259,2023-07-07,2023-07-08,1259,Net 30,Pending,49
INV00620,SUP054,2024-09-11,3919,2024-10-27,2024-10-29,3919,Net 30,Pending,48
INV00583,SUP013,2024-08-05,704,2024-09-27,2024-10-03,704,Net 60,Pending,59
INV00005,SUP041,2023-01-05,5934,2023-02-26,2023-03-02,5934,Net 45,Paid,56
INV00974,SUP006,2025-08-31,5979,2025-10-20,2025-10-29,5979,Net 45,Paid,59
INV00565,SUP054,2024-07-18,6788,2024-09-15,2024-09-15,6788,Net 45,Paid,59
INV00242,SUP061,2023-08-30,2455,2023-09-30,2023-10-08,2455,Net 45,Pending,39
INV00547,SUP093,2024-06-30,7138,2024-08-04,2024-08-07,7138,Net 30,Pending,38
INV00751,SUP087,2025-01-20,871,2025-02-20,2025-02-28,871,Net 30,Paid,39
INV00081,SUP029,2023-03-22,8771,2023-05-20,2023-05-24,8771,Net 45,Pending,63
INV00286,SUP044,2023-10-13,7222,2023-11-22,2023-11-30,7222,Net 30,Pending,48
INV00816,SUP090,2025-03-26,432,2025-05-09,2025-05-13,432,Net 45,Pending,48
INV00645,SUP017,2024-10-06,9189,2024-12-01,2024-12-08,9189,Net 30,Paid,63
INV00986,SUP011,2025-09-12,4651,2025-11-07,2025-11-16,4651,Net 45,Pending,65
INV00760,SUP089,2025-01-29,7181,2025-03-22,2025-03-31,7181,Net 60,Paid,61
INV00925,SUP014,2025-07-13,4870,2025-08-20,2025-08-21,4870,Net 45,Paid,39
INV00889,SUP070,2025-06-07,8184,2025-07-16,2025-07-18,8184,Net 30,Pending,41
INV00497,SUP068,2024-05-11,6117,2024-06-10,2024-06-17,6117,Net 60,Paid,37
INV00329,SUP066,2023-11-25,8006,2024-01-22,2024-01-25,8006,Net 45,Paid,61
INV00433,SUP011,2024-03-08,2689,2024-04-30,2024-05-05,2689,Net 60,Paid,58
INV00412,SUP060,2024-02-16,7204,2024-04-12,2024-04-14,7204,Net 30,Paid,58
INV00315,SUP043,2023-11-11,3594,2024-01-06,2024-01-08,3594,Net 30,Paid,58
INV00157,SUP023,2023-06-06,7726,2023-07-26,2023-07-27,7726,Net 60,Paid,51
INV00710,SUP038,2024-12-10,7202,2025-01-12,2025-01-13,7202,Net 60,Pending,34
INV00652,SUP023,2024-10-13,7649,2024-12-02,2024-12-06,7649,Net 45,Paid,54
INV00813,SUP092,2025-03-23,9995,2025-05-20,2025-05-29,9995,Net 60,Paid,67
INV00930,SUP059,2025-07-18,1448,2025-09-03,2025-09-08,1448,Net 45,Paid,52
INV00859,SUP038,2025-05-08,9533,2025-06-24,2025-06-25,9533,Net 45,Paid,48
INV00010,SUP053,2023-01-10,8522,2023-02-27,2023-02-27,8522,Net 45,Pending,48
INV00191,SUP097,2023-07-10,3710,2023-08-14,2023-08-14,3710,Net 60,Pending,35
INV00455,SUP056,2024-03-30,1266,2024-05-11,2024-05-14,1266,Net 60,Pending,45
INV00948,SUP073,2025-08-05,619,2025-09-25,2025-09-30,619,Net 30,Paid,56
INV00105,SUP013,2023-04-15,2654,2023-05-18,2023-05-27,2654,Net 45,Pending,42
INV00365,SUP051,2023-12-31,7709,2024-02-19,2024-02-26,7709,Net 30,Pending,57
INV00456,SUP098,2024-03-31,7923,2024-05-12,2024-05-14,7923,Net 60,Pending,44
INV00342,SUP008,2023-12-08,2041,2024-02-05,2024-02-05,2041,Net 60,Pending,59
INV00309,SUP014,2023-11-05,390,2023-12-23,2023-12-31,390,Net 30,Pending,56
INV00199,SUP061,2023-07-18,7977,2023-09-11,2023-09-20,7977,Net 60,Pending,64
INV00392,SUP050,2024-01-27,9132,2024-03-22,2024-03-27,9132,Net 60,Pending,60
INV00219,SUP048,2023-08-07,3176,2023-09-30,2023-10-06,3176,Net 45,Paid,60
INV00724,SUP026,2024-12-24,6527,2025-02-18,2025-02-26,6527,Net 30,Pending,64
INV00839,SUP001,2025-04-18,9552,2025-05-29,2025-06-05,9552,Net 45,Pending,48
INV00669,SUP083,2024-10-30,7340,2024-12-19,2024-12-25,7340,Net 45,Paid,56
INV00252,SUP048,2023-09-09,2757,2023-10-30,2023-11-02,2757,Net 45,Pending,54
INV00739,SUP053,2025-01-08,8030,2025-02-17,2025-02-19,8030,Net 30,Pending,42
INV00612,SUP053,2024-09-03,1553,2024-10-08,2024-10-13,1553,Net 60,Pending,40
INV00600,SUP085,2024-08-22,1456,2024-10-17,2024-10-20,1456,Net 60,Pending,59
INV00643,SUP043,2024-10-04,209,2024-11-03,2024-11-11,209,Net 30,Paid,38
INV00318,SUP040,2023-11-14,6054,2023-12-15,2023-12-21,6054,Net 45,Pending,37
INV00325,SUP090,2023-11-21,7655,2023-12-28,2024-01-06,7655,Net 60,Paid,46
INV00647,SUP032,2024-10-08,7618,2024-11-15,2024-11-23,7618,Net 45,Paid,46
INV00089,SUP058,2023-03-30,5663,2023-05-06,2023-05-07,5663,Net 60,Pending,38
INV00445,SUP060,2024-03-20,2627,2024-04-30,2024-05-01,2627,Net 30,Pending,42
INV00521,SUP092,2024-06-04,3836,2024-08-02,2024-08-06,3836,Net 60,Pending,63
INV00323,SUP028,2023-11-19,2933,2023-12-27,2023-12-29,2933,Net 60,Pending,40
INV00277,SUP061,2023-10-04,1245,2023-11-13,2023-11-22,1245,Net 45,Pending,49
INV00728,SUP083,2024-12-28,3779,2025-02-10,2025-02-15,3779,Net 60,Paid,49
INV00833,SUP089,2025-04-12,1805,2025-06-05,2025-06-08,1805,Net 30,Pending,57
INV00726,SUP064,2024-12-26,5649,2025-02-11,2025-02-13,5649,Net 60,Paid,49
INV00819,SUP063,2025-03-29,4406,2025-05-15,2025-05-19,4406,Net 60,Paid,51
INV00958,SUP018,2025-08-15,6228,2025-09-25,2025-09-27,6228,Net 45,Paid,43
INV00542,SUP059,2024-06-25,7256,2024-08-02,2024-08-08,7256,Net 60,Paid,44
INV00577,SUP046,2024-07-30,6819,2024-09-01,2024-09-01,6819,Net 60,Paid,33
INV00918,SUP065,2025-07-06,2336,2025-08-21,2025-08-21,2336,Net 30,Paid,46
INV00003,SUP019,2023-01-03,5590,2023-02-05,2023-02-12,5590,Net 45,Paid,40
INV00698,SUP001,2024-11-28,3574,2025-01-06,2025-01-10,3574,Net 30,Pending,43
INV00689,SUP032,2024-11-19,4563,2025-01-15,2025-01-21,4563,Net 45,Pending,63
INV00223,SUP031,2023-08-11,2585,2023-10-01,2023-10-04,2585,Net 60,Paid,54
INV00708,SUP080,2024-12-08,7141,2025-01-10,2025-01-14,7141,Net 30,Pending,37
INV00526,SUP003,2024-06-09,5361,2024-07-28,2024-08-03,5361,Net 45,Pending,55
INV00806,SUP059,2025-03-16,6429,2025-04-30,2025-05-05,6429,Net 30,Pending,50
INV00801,SUP056,2025-03-11,5950,2025-05-03,2025-05-12,5950,Net 45,Pending,62
INV00041,SUP003,2023-02-10,8992,2023-03-30,2023-04-03,8992,Net 45,Paid,52
INV00615,SUP030,2024-09-06,7775,2024-10-21,2024-10-28,7775,Net 45,Paid,52
INV00793,SUP072,2025-03-03,8372,2025-04-29,2025-05-02,8372,Net 60,Pending,60
INV00514,SUP072,2024-05-28,8535,2024-07-24,2024-07-29,8535,Net 60,Paid,62
INV00489,SUP060,2024-05-03,2343,2024-07-01,2024-07-05,2343,Net 30,Pending,63
INV00145,SUP021,2023-05-25,2893,2023-06-25,2023-07-02,2893,Net 45,Pending,38
INV00458,SUP022,2024-04-02,4307,2024-05-04,2024-05-12,4307,Net 60,Pending,40
INV00404,SUP056,2024-02-08,5437,2024-03-31,2024-04-01,5437,Net 60,Paid,53
INV00426,SUP064,2024-03-01,7621,2024-04-07,2024-04-07,7621,Net 45,Pending,37
INV00906,SUP019,2025-06-24,9644,2025-07-25,2025-08-01,9644,Net 60,Paid,38
INV00272,SUP025,2023-09-29,4935,2023-11-23,2023-12-01,4935,Net 45,Paid,63
INV00397,SUP015,2024-02-01,7760,2024-03-08,2024-03-12,7760,Net 30,Paid,40
INV00756,SUP066,2025-01-25,5785,2025-03-08,2025-03-11,5785,Net 60,Pending,45
INV00209,SUP015,2023-07-28,3011,2023-09-18,2023-09-27,3011,Net 30,Pending,61
INV00625,SUP098,2024-09-16,5035,2024-11-13,2024-11-21,5035,Net 60,Paid,66
INV00040,SUP083,2023-02-09,5593,2023-04-06,2023-04-12,5593,Net 30,Paid,62
INV00579,SUP008,2024-08-01,9286,2024-09-04,2024-09-11,9286,Net 45,Paid,41
INV00857,SUP013,2025-05-06,6516,2025-06-12,2025-06-19,6516,Net 30,Paid,44
INV00463,SUP076,2024-04-07,9167,2024-06-04,2024-06-11,9167,Net 60,Paid,65
INV00213,SUP075,2023-08-01,2186,2023-09-16,2023-09-20,2186,Net 45,Paid,50
INV00648,SUP093,2024-10-09,5324,2024-11-20,2024-11-21,5324,Net 60,Paid,43
INV00741,SUP026,2025-01-10,6438,2025-02-14,2025-02-18,6438,Net 30,Pending,39
INV00289,SUP041,2023-10-16,8196,2023-11-18,2023-11-21,8196,Net 60,Pending,36
INV00863,SUP006,2025-05-12,6483,2025-06-25,2025-06-28,6483,Net 45,Paid,47
INV00385,SUP011,2024-01-20,835,2024-03-05,2024-03-12,835,Net 60,Pending,52
INV00084,SUP092,2023-03-25,5476,2023-05-10,2023-05-10,5476,Net 60,Paid,46
INV00176,SUP060,2023-06-25,1836,2023-07-26,2023-08-03,1836,Net 60,Paid,39
INV00820,SUP064,2025-03-30,9885,2025-05-18,2025-05-27,9885,Net 45,Paid,58
INV00664,SUP088,2024-10-25,8375,2024-12-12,2024-12-16,8375,Net 30,Pending,52
INV00170,SUP070,2023-06-19,2053,2023-08-16,2023-08-19,2053,Net 60,Paid,61
INV00736,SUP015,2025-01-05,2106,2025-02-15,2025-02-24,2106,Net 30,Pending,50
INV00261,SUP063,2023-09-18,8552,2023-10-30,2023-11-05,8552,Net 30,Pending,48
INV00466,SUP015,2024-04-10,8506,2024-06-07,2024-06-10,8506,Net 45,Paid,61
INV00619,SUP009,2024-09-10,7019,2024-10-22,2024-10-23,7019,Net 45,Paid,43
INV00780,SUP091,2025-02-18,8350,2025-04-03,2025-04-09,8350,Net 30,Pending,50
INV00899,SUP044,2025-06-17,2760,2025-08-15,2025-08-24,2760,Net 60,Pending,68
INV00992,SUP068,2025-09-18,6224,2025-11-15,2025-11-17,6224,Net 30,Pending,60
INV00091,SUP016,2023-04-01,2895,2023-05-18,2023-05-26,2895,Net 60,Paid,55
INV00835,SUP001,2025-04-14,6967,2025-05-27,2025-06-04,6967,Net 45,Paid,51
INV00103,SUP042,2023-04-13,3304,2023-05-18,2023-05-18,3304,Net 30,Paid,35
INV00057,SUP062,2023-02-26,3273,2023-04-14,2023-04-16,3273,Net 45,Pending,49
INV00149,SUP007,2023-05-29,1863,2023-07-21,2023-07-24,1863,Net 60,Paid,56
INV00709,SUP004,2024-12-09,9750,2025-01-27,2025-02-02,9750,Net 60,Paid,55
INV00544,SUP049,2024-06-27,5493,2024-08-21,2024-08-30,5493,Net 30,Pending,64
INV00549,SUP062,2024-07-02,9609,2024-08-05,2024-08-12,9609,Net 60,Pending,41
INV00250,SUP025,2023-09-07,4399,2023-10-27,2023-11-05,4399,Net 60,Paid,59
INV00665,SUP049,2024-10-26,2200,2024-12-17,2024-12-21,2200,Net 30,Paid,56
INV00675,SUP028,2024-11-05,6197,2024-12-18,2024-12-19,6197,Net 45,Pending,44
INV00783,SUP092,2025-02-21,7009,2025-04-18,2025-04-18,7009,Net 60,Pending,56
INV00781,SUP018,2025-02-19,2325,2025-04-05,2025-04-05,2325,Net 60,Paid,45
INV00538,SUP032,2024-06-21,6931,2024-07-31,2024-08-02,6931,Net 60,Paid,42
INV00965,SUP045,2025-08-22,2571,2025-10-16,2025-10-22,2571,Net 45,Paid,61
INV00856,SUP090,2025-05-05,1046,2025-06-20,2025-06-23,1046,Net 30,Paid,49
INV00115,SUP094,2023-04-25,702,2023-06-07,2023-06-14,702,Net 45,Paid,50
INV00562,SUP020,2024-07-15,7619,2024-08-16,2024-08-24,7619,Net 60,Pending,40
INV00312,SUP050,2023-11-08,6302,2023-12-18,2023-12-24,6302,Net 45,Paid,46
INV00065,SUP048,2023-03-06,4497,2023-04-24,2023-05-03,4497,Net 60,Paid,58
INV00153,SUP079,2023-06-02,1506,2023-07-05,2023-07-09,1506,Net 60,Paid,37
INV00234,SUP003,2023-08-22,9408,2023-10-01,2023-10-08,9408,Net 45,Pending,47
INV00297,SUP064,2023-10-24,2405,2023-12-15,2023-12-16,2405,Net 45,Pending,53
INV00628,SUP032,2024-09-19,7302,2024-10-21,2024-10-27,7302,Net 45,Pending,38
INV00338,SUP040,2023-12-04,6001,2024-01-07,2024-01-12,6001,Net 45,Paid,39
INV00447,SUP087,2024-03-22,4200,2024-04-22,2024-04-30,4200,Net 60,Paid,39
INV00183,SUP059,2023-07-02,7592,2023-08-02,2023-08-10,7592,Net 60,Pending,39
INV00469,SUP063,2024-04-13,3467,2024-05-24,2024-05-27,3467,Net 30,Pending,44
INV00627,SUP009,2024-09-18,6242,2024-11-12,2024-11-21,6242,Net 60,Pending,64
INV00557,SUP004,2024-07-10,7694,2024-09-03,2024-09-03,7694,Net 30,Paid,55
INV00173,SUP035,2023-06-22,3781,2023-08-19,2023-08-24,3781,Net 45,Pending,63
INV00757,SUP030,2025-01-26,4977,2025-03-05,2025-03-07,4977,Net 30,Paid,40
INV00800,SUP037,2025-03-10,8352,2025-05-03,2025-05-06,8352,Net 30,Paid,57
INV00240,SUP025,2023-08-28,7600,2023-10-05,2023-10-08,7600,Net 60,Pending,41
INV00563,SUP077,2024-07-16,3686,2024-09-01,2024-09-01,3686,Net 60,Pending,47
INV00826,SUP095,2025-04-05,5601,2025-05-28,2025-06-03,5601,Net 45,Pending,59
INV00510,SUP095,2024-05-24,917,2024-06-27,2024-07-03,917,Net 60,Pending,40
INV00537,SUP078,2024-06-20,5046,2024-07-29,2024-07-29,5046,Net 60,Paid,39
INV00877,SUP086,2025-05-26,2419,2025-07-03,2025-07-11,2419,Net 30,Paid,46
INV00662,SUP099,2024-10-23,584,2024-12-17,2024-12-25,584,Net 30,Pending,63
INV00672,SUP006,2024-11-02,4378,2024-12-19,2024-12-27,4378,Net 45,Pending,55
INV00038,SUP093,2023-02-07,4090,2023-04-04,2023-04-13,4090,Net 30,Pending,65
INV00080,SUP044,2023-03-21,6531,2023-05-08,2023-05-12,6531,Net 30,Pending,52
INV00168,SUP063,2023-06-17,3963,2023-08-04,2023-08-05,3963,Net 60,Paid,49
INV00227,SUP096,2023-08-15,8320,2023-10-09,2023-10-14,8320,Net 60,Pending,60
INV00127,SUP012,2023-05-07,1063,2023-06-30,2023-07-04,1063,Net 60,Paid,58
INV00382,SUP094,2024-01-17,8187,2024-03-12,2024-03-17,8187,Net 45,Paid,60
INV00945,SUP015,2025-08-02,8869,2025-09-04,2025-09-11,8869,Net 30,Paid,40
INV00037,SUP093,2023-02-06,3756,2023-03-18,2023-03-24,3756,Net 60,Pending,46
INV00177,SUP046,2023-06-26,3896,2023-07-26,2023-08-01,3896,Net 45,Paid,36
INV00126,SUP050,2023-05-06,8058,2023-06-05,2023-06-06,8058,Net 45,Paid,31
INV00829,SUP056,2025-04-08,4012,2025-05-10,2025-05-12,4012,Net 60,Paid,34
INV00509,SUP014,2024-05-23,2702,2024-07-17,2024-07-19,2702,Net 30,Pending,57
INV00028,SUP049,2023-01-28,9367,2023-03-09,2023-03-11,9367,Net 30,Paid,42
INV00464,SUP040,2024-04-08,6948,2024-06-06,2024-06-10,6948,Net 30,Paid,63
INV00995,SUP083,2025-09-21,7396,2025-11-04,2025-11-09,7396,Net 60,Pending,49
INV00713,SUP016,2024-12-13,7848,2025-02-07,2025-02-10,7848,Net 45,Paid,59
INV00151,SUP074,2023-05-31,5792,2023-07-10,2023-07-10,5792,Net 60,Paid,40
INV00940,SUP066,2025-07-28,5767,2025-09-22,2025-09-25,5767,Net 30,Pending,59
INV00051,SUP075,2023-02-20,975,2023-04-07,2023-04-13,975,Net 45,Pending,52
INV00646,SUP097,2024-10-07,7609,2024-11-21,2024-11-30,7609,Net 60,Pending,54
INV00981,SUP074,2025-09-07,1184,2025-10-25,2025-11-01,1184,Net 45,Pending,55
INV00216,SUP054,2023-08-04,1934,2023-09-10,2023-09-15,1934,Net 60,Pending,42
INV00851,SUP008,2025-04-30,9037,2025-05-31,2025-06-05,9037,Net 30,Pending,36
INV00014,SUP018,2023-01-14,2633,2023-02-27,2023-03-08,2633,Net 30,Pending,53
INV00238,SUP010,2023-08-26,3308,2023-10-04,2023-10-05,3308,Net 30,Paid,40
INV00624,SUP075,2024-09-15,5164,2024-11-13,2024-11-21,5164,Net 45,Pending,67
INV00865,SUP014,2025-05-14,6433,2025-06-23,2025-06-23,6433,Net 30,Pending,40
INV00345,SUP090,2023-12-11,5825,2024-01-21,2024-01-25,5825,Net 30,Paid,45
INV00450,SUP095,2024-03-25,5932,2024-05-03,2024-05-08,5932,Net 30,Pending,44
INV00347,SUP081,2023-12-13,8192,2024-01-16,2024-01-21,8192,Net 45,Pending,39
INV00593,SUP013,2024-08-15,6516,2024-09-23,2024-09-30,6516,Net 30,Paid,46
INV00114,SUP002,2023-04-24,7585,2023-06-11,2023-06-17,7585,Net 30,Pending,54
INV00875,SUP006,2025-05-24,460,2025-07-11,2025-07-20,460,Net 45,Paid,57
INV00946,SUP043,2025-08-03,9646,2025-09-07,2025-09-14,9646,Net 60,Pending,42
INV00449,SUP065,2024-03-24,2938,2024-04-25,2024-05-03,2938,Net 60,Pending,40
INV00416,SUP049,2024-02-20,1879,2024-04-03,2024-04-06,1879,Net 45,Paid,46
INV00673,SUP019,2024-11-03,7445,2024-12-06,2024-12-11,7445,Net 45,Pending,38
INV00853,SUP047,2025-05-02,2751,2025-06-08,2025-06-16,2751,Net 30,Pending,45
INV00362,SUP088,2023-12-28,1348,2024-02-19,2024-02-20,1348,Net 60,Paid,54
INV00650,SUP085,2024-10-11,2393,2024-11-22,2024-11-25,2393,Net 30,Paid,45
INV00094,SUP003,2023-04-04,5818,2023-05-22,2023-05-31,5818,Net 30,Paid,57
INV00691,SUP100,2024-11-21,8627,2025-01-02,2025-01-10,8627,Net 60,Paid,50
INV00349,SUP055,2023-12-15,2568,2024-02-09,2024-02-10,2568,Net 60,Paid,57
INV00681,SUP090,2024-11-11,4744,2024-12-23,2024-12-30,4744,Net 45,Paid,49
INV00387,SUP050,2024-01-22,4952,2024-03-08,2024-03-08,4952,Net 60,Pending,46
INV00964,SUP043,2025-08-21,3919,2025-10-08,2025-10-13,3919,Net 45,Paid,53
INV00568,SUP001,2024-07-21,4386,2024-08-22,2024-08-31,4386,Net 45,Paid,41
INV00584,SUP039,2024-08-06,1414,2024-09-07,2024-09-11,1414,Net 60,Paid,36
INV00352,SUP062,2023-12-18,4695,2024-02-14,2024-02-23,4695,Net 45,Paid,67
INV00723,SUP073,2024-12-23,337,2025-02-14,2025-02-18,337,Net 60,Paid,57
INV00761,SUP084,2025-01-30,6576,2025-03-29,2025-04-04,6576,Net 30,Pending,64
INV00056,SUP002,2023-02-25,7755,2023-04-23,2023-04-24,7755,Net 30,Pending,58
INV00354,SUP080,2023-12-20,6202,2024-01-28,2024-02-02,6202,Net 45,Pending,44
INV00092,SUP087,2023-04-02,9887,2023-05-02,2023-05-06,9887,Net 60,Pending,34
INV00840,SUP065,2025-04-19,8634,2025-06-07,2025-06-15,8634,Net 45,Paid,57
INV00284,SUP075,2023-10-11,425,2023-12-08,2023-12-14,425,Net 30,Paid,64
INV00590,SUP082,2024-08-12,333,2024-10-05,2024-10-07,333,Net 30,Paid,56
INV00893,SUP004,2025-06-11,8767,2025-07-11,2025-07-19,8767,Net 60,Pending,38
INV00896,SUP078,2025-06-14,2835,2025-07-14,2025-07-15,2835,Net 30,Pending,31
INV00742,SUP047,2025-01-11,6290,2025-02-24,2025-03-01,6290,Net 45,Paid,49
INV00472,SUP081,2024-04-16,5945,2024-06-08,2024-06-09,5945,Net 30,Paid,54
INV00389,SUP058,2024-01-24,1030,2024-03-19,2024-03-23,1030,Net 45,Paid,59
INV00395,SUP032,2024-01-30,3038,2024-03-14,2024-03-20,3038,Net 30,Pending,50
INV00279,SUP027,2023-10-06,1893,2023-11-23,2023-11-26,1893,Net 60,Pending,51
INV00154,SUP079,2023-06-03,6976,2023-07-22,2023-07-26,6976,Net 60,Paid,53
INV00499,SUP089,2024-05-13,928,2024-06-25,2024-06-29,928,Net 60,Paid,47
INV00417,SUP036,2024-02-21,3706,2024-04-14,2024-04-15,3706,Net 30,Pending,54
INV00525,SUP028,2024-06-08,8060,2024-07-14,2024-07-21,8060,Net 45,Pending,43
INV00487,SUP038,2024-05-01,5273,2024-06-13,2024-06-21,5273,Net 30,Paid,51
INV00818,SUP072,2025-03-28,6571,2025-05-10,2025-05-10,6571,Net 30,Paid,43
INV00208,SUP095,2023-07-27,859,2023-09-08,2023-09-12,859,Net 45,Pending,47
INV00353,SUP007,2023-12-19,9363,2024-02-03,2024-02-05,9363,Net 45,Paid,48
INV00916,SUP071,2025-07-04,800,2025-08-25,2025-08-30,800,Net 60,Pending,57
INV00983,SUP006,2025-09-09,1027,2025-10-13,2025-10-21,1027,Net 45,Pending,42
INV00451,SUP095,2024-03-26,5587,2024-04-26,2024-04-26,5587,Net 45,Paid,31
INV00226,SUP049,2023-08-14,8355,2023-09-16,2023-09-20,8355,Net 30,Pending,37
INV00598,SUP013,2024-08-20,9642,2024-09-23,2024-09-30,9642,Net 45,Paid,41
INV00561,SUP049,2024-07-14,3341,2024-08-22,2024-08-30,3341,Net 45,Paid,47
INV00015,SUP051,2023-01-15,5511,2023-02-22,2023-02-26,5511,Net 60,Pending,42
INV00776,SUP070,2025-02-14,502,2025-04-08,2025-04-12,502,Net 45,Paid,57
INV00749,SUP087,2025-01-18,866,2025-02-18,2025-02-23,866,Net 60,Pending,36
INV00823,SUP092,2025-04-02,6938,2025-05-30,2025-06-04,6938,Net 45,Paid,63
INV00670,SUP028,2024-10-31,3836,2024-12-29,2025-01-03,3836,Net 30,Paid,64
INV00909,SUP035,2025-06-27,9706,2025-08-21,2025-08-29,9706,Net 60,Paid,63
INV00729,SUP067,2024-12-29,6171,2025-02-25,2025-03-04,6171,Net 60,Pending,65
INV00136,SUP038,2023-05-16,7092,2023-07-09,2023-07-15,7092,Net 45,Pending,60
INV00842,SUP054,2025-04-21,1263,2025-05-29,2025-06-02,1263,Net 30,Paid,42
INV00955,SUP099,2025-08-12,2845,2025-09-21,2025-09-22,2845,Net 30,Paid,41
INV00539,SUP099,2024-06-22,7441,2024-07-23,2024-07-23,7441,Net 60,Paid,31
INV00876,SUP069,2025-05-25,6238,2025-07-17,2025-07-24,6238,Net 45,Pending,60
INV00693,SUP083,2024-11-23,8101,2025-01-07,2025-01-14,8101,Net 60,Pending,52
INV00122,SUP080,2023-05-02,6177,2023-06-18,2023-06-19,6177,Net 45,Paid,48
INV00484,SUP063,2024-04-28,1322,2024-06-13,2024-06-21,1322,Net 30,Paid,54
INV00067,SUP036,2023-03-08,7829,2023-04-28,2023-05-03,7829,Net 45,Pending,56
INV00805,SUP073,2025-03-15,1496,2025-04-25,2025-04-30,1496,Net 60,Pending,46
INV00585,SUP028,2024-08-07,1731,2024-10-02,2024-10-09,1731,Net 60,Paid,63
INV00702,SUP040,2024-12-02,4730,2025-01-28,2025-02-04,4730,Net 30,Paid,64
INV00902,SUP063,2025-06-20,6151,2025-08-08,2025-08-13,6151,Net 60,Pending,54
INV00006,SUP045,2023-01-06,6465,2023-03-01,2023-03-04,6465,Net 45,Paid,57
INV00035,SUP020,2023-02-04,1467,2023-04-01,2023-04-08,1467,Net 45,Pending,63
INV00482,SUP080,2024-04-26,3167,2024-05-26,2024-05-27,3167,Net 60,Pending,31
INV00533,SUP072,2024-06-16,9124,2024-08-05,2024-08-09,9124,Net 30,Paid,54
INV00266,SUP012,2023-09-23,5111,2023-11-04,2023-11-12,5111,Net 30,Pending,50
INV00898,SUP007,2025-06-16,9962,2025-07-28,2025-07-31,9962,Net 45,Pending,45
INV00477,SUP090,2024-04-21,928,2024-06-19,2024-06-21,928,Net 30,Pending,61
INV00403,SUP040,2024-02-07,8005,2024-04-03,2024-04-09,8005,Net 60,Pending,62
INV00295,SUP083,2023-10-22,7539,2023-12-12,2023-12-12,7539,Net 30,Pending,51
INV00666,SUP021,2024-10-27,6189,2024-12-05,2024-12-12,6189,Net 60,Pending,46
INV00513,SUP039,2024-05-27,5686,2024-07-06,2024-07-10,5686,Net 30,Paid,44
INV00053,SUP096,2023-02-22,3352,2023-04-03,2023-04-03,3352,Net 60,Pending,40
INV00933,SUP016,2025-07-21,3887,2025-08-27,2025-09-01,3887,Net 45,Pending,42
INV00197,SUP012,2023-07-16,8204,2023-08-17,2023-08-19,8204,Net 30,Pending,34
INV00543,SUP076,2024-06-26,1742,2024-08-11,2024-08-15,1742,Net 45,Paid,50
INV00684,SUP036,2024-11-14,7439,2024-12-30,2024-12-30,7439,Net 60,Pending,46
INV00265,SUP021,2023-09-22,9692,2023-10-31,2023-11-05,9692,Net 45,Pending,44
INV00119,SUP044,2023-04-29,4688,2023-06-20,2023-06-23,4688,Net 60,Paid,55
INV00179,SUP048,2023-06-28,4937,2023-08-01,2023-08-01,4937,Net 30,Paid,34
INV00701,SUP048,2024-12-01,4873,2025-01-27,2025-01-30,4873,Net 60,Paid,60
INV00846,SUP081,2025-04-25,205,2025-06-21,2025-06-27,205,Net 30,Pending,63
INV00167,SUP037,2023-06-16,3504,2023-08-05,2023-08-08,3504,Net 45,Pending,53
INV00351,SUP046,2023-12-17,8373,2024-02-01,2024-02-06,8373,Net 30,Pending,51
INV00786,SUP023,2025-02-24,5322,2025-04-13,2025-04-13,5322,Net 30,Pending,48
INV00897,SUP013,2025-06-15,8362,2025-07-23,2025-07-27,8362,Net 60,Paid,42
INV00055,SUP030,2023-02-24,4143,2023-04-20,2023-04-28,4143,Net 45,Pending,63
INV00085,SUP009,2023-03-26,2262,2023-05-07,2023-05-14,2262,Net 60,Paid,49
INV00730,SUP024,2024-12-30,4364,2025-02-09,2025-02-11,4364,Net 45,Pending,43
INV00952,SUP071,2025-08-09,2536,2025-10-05,2025-10-14,2536,Net 60,Pending,66
INV00134,SUP038,2023-05-14,7774,2023-06-20,2023-06-21,7774,Net 30,Pending,38
INV00399,SUP003,2024-02-03,9404,2024-03-22,2024-03-25,9404,Net 45,Pending,51
INV00680,SUP086,2024-11-10,5765,2024-12-11,2024-12-17,5765,Net 60,Paid,37
INV00529,SUP022,2024-06-12,4929,2024-07-19,2024-07-23,4929,Net 60,Pending,41
INV00098,SUP036,2023-04-08,3761,2023-05-29,2023-06-03,3761,Net 60,Paid,56
INV00570,SUP077,2024-07-23,6177,2024-08-27,2024-08-31,6177,Net 60,Pending,39
INV00196,SUP020,2023-07-15,2527,2023-08-25,2023-09-03,2527,Net 30,Paid,50
INV00394,SUP010,2024-01-29,6149,2024-03-12,2024-03-19,6149,Net 60,Pending,50
INV00379,SUP017,2024-01-14,4342,2024-03-09,2024-03-15,4342,Net 45,Paid,61
INV00068,SUP008,2023-03-09,9667,2023-05-05,2023-05-14,9667,Net 60,Pending,66
INV00011,SUP046,2023-01-11,1885,2023-02-17,2023-02-19,1885,Net 60,Pending,39
INV00378,SUP049,2024-01-13,7227,2024-03-09,2024-03-11,7227,Net 60,Paid,58
INV00960,SUP093,2025-08-17,6571,2025-09-27,2025-09-27,6571,Net 60,Paid,41
INV00604,SUP081,2024-08-26,3784,2024-10-09,2024-10-11,3784,Net 45,Paid,46
INV00186,SUP077,2023-07-05,5372,2023-08-26,2023-09-04,5372,Net 30,Paid,61
INV00501,SUP062,2024-05-15,4692,2024-06-22,2024-06-25,4692,Net 45,Paid,41
INV00210,SUP016,2023-07-29,7298,2023-09-13,2023-09-21,7298,Net 30,Paid,54
INV00942,SUP003,2025-07-30,5942,2025-09-08,2025-09-11,5942,Net 30,Paid,43
INV00807,SUP002,2025-03-17,7841,2025-05-12,2025-05-12,7841,Net 60,Paid,56
INV00259,SUP028,2023-09-16,3069,2023-10-17,2023-10-24,3069,Net 45,Pending,38
INV00274,SUP075,2023-10-01,9346,2023-11-01,2023-11-08,9346,Net 30,Paid,38
INV00172,SUP096,2023-06-21,1491,2023-07-24,2023-07-26,1491,Net 60,Paid,35
INV00373,SUP095,2024-01-08,5422,2024-03-02,2024-03-10,5422,Net 60,Pending,62
INV00869,SUP054,2025-05-18,4434,2025-07-14,2025-07-21,4434,Net 30,Pending,64
INV00932,SUP092,2025-07-20,2197,2025-08-26,2025-09-02,2197,Net 60,Pending,44
INV00271,SUP038,2023-09-28,4696,2023-11-26,2023-12-05,4696,Net 30,Pending,68
INV00117,SUP076,2023-04-27,9262,2023-06-23,2023-06-29,9262,Net 60,Paid,63
INV00637,SUP062,2024-09-28,3524,2024-11-02,2024-11-03,3524,Net 30,Paid,36
INV00235,SUP080,2023-08-23,2249,2023-09-27,2023-10-06,2249,Net 45,Pending,44
INV00953,SUP057,2025-08-10,5573,2025-09-18,2025-09-27,5573,Net 60,Paid,48
INV00609,SUP052,2024-08-31,8862,2024-10-15,2024-10-20,8862,Net 45,Pending,50
INV00626,SUP080,2024-09-17,3975,2024-11-04,2024-11-12,3975,Net 60,Paid,56
INV00939,SUP096,2025-07-27,8335,2025-09-09,2025-09-13,8335,Net 45,Paid,48
INV00941,SUP031,2025-07-29,7867,2025-09-03,2025-09-12,7867,Net 45,Paid,45
INV00546,SUP031,2024-06-29,6513,2024-08-21,2024-08-22,6513,Net 45,Pending,54
INV00990,SUP004,2025-09-16,3377,2025-11-03,2025-11-09,3377,Net 45,Paid,54
INV00155,SUP004,2023-06-04,6064,2023-07-08,2023-07-16,6064,Net 30,Paid,42
INV00350,SUP016,2023-12-16,6855,2024-02-10,2024-02-12,6855,Net 60,Paid,58
INV00740,SUP044,2025-01-09,7550,2025-02-08,2025-02-17,7550,Net 60,Paid,39
INV00719,SUP025,2024-12-19,7930,2025-02-08,2025-02-13,7930,Net 30,Pending,56
INV00229,SUP032,2023-08-17,5734,2023-10-14,2023-10-15,5734,Net 60,Pending,59
INV00033,SUP045,2023-02-02,2099,2023-03-30,2023-04-01,2099,Net 45,Pending,58
INV00249,SUP043,2023-09-06,9837,2023-10-28,2023-11-06,9837,Net 45,Pending,61
INV00453,SUP055,2024-03-28,5736,2024-05-23,2024-05-23,5736,Net 45,Paid,56
INV00357,SUP056,2023-12-23,6119,2024-02-07,2024-02-13,6119,Net 30,Pending,52
INV00254,SUP087,2023-09-11,298,2023-11-06,2023-11-09,298,Net 30,Paid,59
INV00095,SUP021,2023-04-05,6936,2023-05-19,2023-05-19,6936,Net 60,Pending,44
INV00402,SUP072,2024-02-06,712,2024-03-24,2024-03-24,712,Net 45,Pending,47
INV00101,SUP042,2023-04-11,6478,2023-05-28,2023-06-01,6478,Net 30,Pending,51
INV00019,SUP008,2023-01-19,4755,2023-03-09,2023-03-10,4755,Net 30,Pending,50
INV00594,SUP096,2024-08-16,2052,2024-09-23,2024-09-23,2052,Net 30,Pending,38
INV00152,SUP053,2023-06-01,7592,2023-07-16,2023-07-18,7592,Net 30,Paid,47
INV00716,SUP031,2024-12-16,4837,2025-02-05,2025-02-14,4837,Net 45,Pending,60
INV00044,SUP064,2023-02-13,2812,2023-04-08,2023-04-16,2812,Net 60,Pending,62
INV00070,SUP058,2023-03-11,8069,2023-04-17,2023-04-25,8069,Net 60,Pending,45
INV00390,SUP034,2024-01-25,5377,2024-03-15,2024-03-18,5377,Net 30,Paid,53
INV00732,SUP067,2025-01-01,5769,2025-02-26,2025-03-07,5769,Net 45,Pending,65
INV00623,SUP099,2024-09-14,739,2024-10-26,2024-10-29,739,Net 30,Pending,45
INV00518,SUP059,2024-06-01,7392,2024-07-14,2024-07-18,7392,Net 60,Paid,47
INV00346,SUP030,2023-12-12,3150,2024-01-29,2024-02-05,3150,Net 30,Paid,55
INV00383,SUP029,2024-01-18,6999,2024-03-02,2024-03-06,6999,Net 30,Pending,48
INV00257,SUP098,2023-09-14,5173,2023-11-09,2023-11-14,5173,Net 30,Paid,61
INV00922,SUP013,2025-07-10,6765,2025-08-11,2025-08-12,6765,Net 30,Pending,33
INV00255,SUP024,2023-09-12,2400,2023-11-05,2023-11-10,2400,Net 30,Paid,59
INV00696,SUP056,2024-11-26,4919,2025-01-24,2025-01-31,4919,Net 30,Pending,66
INV00882,SUP034,2025-05-31,8712,2025-07-14,2025-07-18,8712,Net 60,Pending,48
INV00018,SUP096,2023-01-18,1384,2023-02-26,2023-02-27,1384,Net 45,Pending,40
INV00836,SUP055,2025-04-15,7186,2025-05-21,2025-05-26,7186,Net 60,Paid,41
INV00222,SUP038,2023-08-10,6894,2023-09-30,2023-10-08,6894,Net 30,Pending,59
INV00268,SUP004,2023-09-25,9919,2023-11-19,2023-11-27,9919,Net 30,Pending,63
INV00762,SUP049,2025-01-31,723,2025-03-30,2025-04-02,723,Net 60,Paid,61
INV00066,SUP025,2023-03-07,1195,2023-04-27,2023-04-29,1195,Net 45,Paid,53
INV00203,SUP061,2023-07-22,6487,2023-09-06,2023-09-10,6487,Net 30,Pending,50
INV00991,SUP063,2025-09-17,8995,2025-10-19,2025-10-21,8995,Net 45,Pending,34
INV00158,SUP070,2023-06-07,9101,2023-07-20,2023-07-21,9101,Net 45,Paid,44
INV00747,SUP084,2025-01-16,2087,2025-03-09,2025-03-13,2087,Net 45,Pending,56
INV00651,SUP040,2024-10-12,8615,2024-12-05,2024-12-08,8615,Net 45,Paid,57
INV00944,SUP024,2025-08-01,5608,2025-09-15,2025-09-20,5608,Net 60,Paid,50
INV00432,SUP031,2024-03-07,7105,2024-04-20,2024-04-29,7105,Net 45,Pending,53
INV00430,SUP022,2024-03-05,3049,2024-04-15,2024-04-17,3049,Net 60,Pending,43
INV00913,SUP024,2025-07-01,277,2025-08-14,2025-08-14,277,Net 30,Pending,44
INV00765,SUP062,2025-02-03,7440,2025-03-06,2025-03-13,7440,Net 60,Pending,38
INV00890,SUP059,2025-06-08,1804,2025-07-15,2025-07-17,1804,Net 45,Pending,39
INV00617,SUP057,2024-09-08,4668,2024-11-04,2024-11-12,4668,Net 45,Paid,65
INV00492,SUP048,2024-05-06,3640,2024-06-22,2024-06-28,3640,Net 45,Pending,53
INV00031,SUP066,2023-01-31,3205,2023-03-08,2023-03-12,3205,Net 30,Paid,40
INV00792,SUP052,2025-03-02,1731,2025-04-26,2025-04-29,1731,Net 30,Paid,58
INV00706,SUP072,2024-12-06,6441,2025-02-02,2025-02-10,6441,Net 45,Paid,66
INV00993,SUP081,2025-09-19,5309,2025-11-16,2025-11-17,5309,Net 60,Paid,59
INV00641,SUP062,2024-10-02,5004,2024-11-08,2024-11-09,5004,Net 30,Pending,38
INV00998,SUP086,2025-09-24,1992,2025-11-04,2025-11-10,1992,Net 30,Paid,47
INV00413,SUP010,2024-02-17,8330,2024-03-27,2024-03-30,8330,Net 45,Paid,42
INV00748,SUP012,2025-01-17,3466,2025-03-13,2025-03-22,3466,Net 30,Pending,64
INV00931,SUP080,2025-07-19,4233,2025-08-29,2025-09-05,4233,Net 60,Paid,48
INV00377,SUP012,2024-01-12,9383,2024-02-25,2024-02-28,9383,Net 30,Pending,47
INV00731,SUP005,2024-12-31,8141,2025-02-02,2025-02-06,8141,Net 45,Paid,37
INV00032,SUP077,2023-02-01,4858,2023-03-20,2023-03-20,4858,Net 45,Paid,47
INV00970,SUP056,2025-08-27,2874,2025-10-08,2025-10-10,2874,Net 60,Paid,44
INV00961,SUP039,2025-08-18,6559,2025-09-29,2025-10-08,6559,Net 60,Pending,51
INV00667,SUP066,2024-10-28,1660,2024-12-06,2024-12-13,1660,Net 60,Paid,46
INV00978,SUP040,2025-09-04,8754,2025-10-21,2025-10-24,8754,Net 30,Pending,50
INV00434,SUP092,2024-03-09,9407,2024-04-24,2024-04-26,9407,Net 30,Pending,48
INV00292,SUP054,2023-10-19,4842,2023-11-24,2023-11-30,4842,Net 60,Pending,42
INV00536,SUP006,2024-06-19,7001,2024-08-01,2024-08-04,7001,Net 45,Pending,46
INV00704,SUP063,2024-12-04,7149,2025-02-01,2025-02-10,7149,Net 30,Paid,68
INV00888,SUP006,2025-06-06,9510,2025-07-06,2025-07-06,9510,Net 45,Paid,30
INV00811,SUP030,2025-03-21,3796,2025-05-14,2025-05-23,3796,Net 60,Paid,63
INV00635,SUP072,2024-09-26,1781,2024-11-07,2024-11-12,1781,Net 30,Pending,47
INV00798,SUP053,2025-03-08,2106,2025-04-09,2025-04-13,2106,Net 60,Pending,36
INV00457,SUP009,2024-04-01,4580,2024-05-18,2024-05-20,4580,Net 45,Pending,49
INV00178,SUP050,2023-06-27,898,2023-08-10,2023-08-12,898,Net 30,Pending,46
INV00803,SUP093,2025-03-13,1262,2025-04-29,2025-05-01,1262,Net 30,Paid,49
INV00870,SUP027,2025-05-19,7188,2025-06-23,2025-06-26,7188,Net 45,Paid,38
INV00502,SUP013,2024-05-16,898,2024-06-29,2024-07-02,898,Net 30,Paid,47
INV00552,SUP041,2024-07-05,5741,2024-08-26,2024-08-29,5741,Net 30,Paid,55
INV00218,SUP030,2023-08-06,8880,2023-09-17,2023-09-21,8880,Net 60,Pending,46
INV00573,SUP058,2024-07-26,5049,2024-09-22,2024-09-29,5049,Net 30,Pending,65
INV00132,SUP096,2023-05-12,6219,2023-07-07,2023-07-11,6219,Net 60,Pending,60
INV00849,SUP099,2025-04-28,8395,2025-06-17,2025-06-24,8395,Net 45,Paid,57
INV00777,SUP047,2025-02-15,838,2025-04-13,2025-04-16,838,Net 30,Paid,60
INV00418,SUP013,2024-02-22,7453,2024-03-25,2024-03-31,7453,Net 60,Pending,38
INV00746,SUP050,2025-01-15,8672,2025-03-11,2025-03-17,8672,Net 45,Pending,61
INV00614,SUP052,2024-09-05,8749,2024-11-01,2024-11-08,8749,Net 45,Paid,64
INV00236,SUP069,2023-08-24,5623,2023-10-10,2023-10-13,5623,Net 60,Paid,50
INV00001,SUP029,2023-01-01,7470,2023-02-25,2023-03-01,7470,Net 60,Pending,59
INV00161,SUP084,2023-06-10,4613,2023-07-27,2023-07-27,4613,Net 30,Pending,47
INV00308,SUP046,2023-11-04,9531,2023-12-23,2023-12-31,9531,Net 30,Pending,57
INV00605,SUP040,2024-08-27,9788,2024-10-01,2024-10-03,9788,Net 30,Pending,37
INV00230,SUP055,2023-08-18,4261,2023-09-29,2023-10-02,4261,Net 45,Paid,45
INV00774,SUP088,2025-02-12,1476,2025-04-12,2025-04-21,1476,Net 45,Paid,68
INV00891,SUP064,2025-06-09,435,2025-07-26,2025-08-03,435,Net 30,Paid,55
INV00496,SUP039,2024-05-10,5168,2024-06-24,2024-06-30,5168,Net 60,Pending,51
INV00391,SUP020,2024-01-26,9761,2024-03-17,2024-03-22,9761,Net 45,Paid,56
INV00595,SUP093,2024-08-17,5110,2024-09-30,2024-10-04,5110,Net 30,Paid,48
INV00979,SUP096,2025-09-05,2643,2025-10-10,2025-10-14,2643,Net 45,Pending,39
INV00330,SUP037,2023-11-26,354,2024-01-05,2024-01-12,354,Net 30,Pending,47
INV00169,SUP022,2023-06-18,5432,2023-08-02,2023-08-07,5432,Net 30,Pending,50
INV00815,SUP039,2025-03-25,8458,2025-05-01,2025-05-05,8458,Net 30,Pending,41
INV00752,SUP048,2025-01-21,6977,2025-03-20,2025-03-23,6977,Net 45,Paid,61
INV00655,SUP086,2024-10-16,7170,2024-12-11,2024-12-18,7170,Net 60,Paid,63
INV00087,SUP006,2023-03-28,8206,2023-05-26,2023-05-31,8206,Net 30,Pending,64
INV00320,SUP094,2023-11-16,769,2024-01-10,2024-01-10,769,Net 45,Paid,55
INV00422,SUP086,2024-02-26,2341,2024-03-28,2024-04-02,2341,Net 60,Pending,36
INV00506,SUP077,2024-05-20,8282,2024-06-22,2024-06-23,8282,Net 30,Pending,34
INV00244,SUP019,2023-09-01,4699,2023-10-05,2023-10-14,4699,Net 30,Paid,43
INV00734,SUP027,2025-01-03,6469,2025-02-21,2025-02-24,6469,Net 60,Paid,52
INV00767,SUP038,2025-02-05,6390,2025-03-20,2025-03-21,6390,Net 30,Paid,44
INV00507,SUP060,2024-05-21,4371,2024-07-01,2024-07-05,4371,Net 45,Pending,45
INV00358,SUP048,2023-12-24,1053,2024-02-06,2024-02-07,1053,Net 30,Paid,45
INV00217,SUP075,2023-08-05,2043,2023-09-05,2023-09-06,2043,Net 30,Paid,32
INV00079,SUP064,2023-03-20,5059,2023-05-12,2023-05-20,5059,Net 30,Pending,61
INV00093,SUP095,2023-04-03,5458,2023-05-16,2023-05-19,5458,Net 45,Pending,46
INV00500,SUP096,2024-05-14,1565,2024-06-27,2024-07-03,1565,Net 45,Pending,50
INV00414,SUP039,2024-02-18,3347,2024-03-25,2024-03-31,3347,Net 30,Paid,42
INV00273,SUP014,2023-09-30,4755,2023-11-12,2023-11-21,4755,Net 60,Paid,52
INV00545,SUP059,2024-06-28,1391,2024-07-30,2024-08-02,1391,Net 60,Pending,35
INV00951,SUP008,2025-08-08,1150,2025-09-15,2025-09-22,1150,Net 60,Pending,45
INV00712,SUP009,2024-12-12,4461,2025-01-14,2025-01-22,4461,Net 45,Paid,41
INV00467,SUP015,2024-04-11,9008,2024-06-09,2024-06-17,9008,Net 30,Pending,67
INV00621,SUP001,2024-09-12,2945,2024-10-29,2024-10-29,2945,Net 60,Paid,47
INV00313,SUP033,2023-11-09,1384,2023-12-25,2023-12-29,1384,Net 60,Pending,50
INV00832,SUP052,2025-04-11,1933,2025-05-25,2025-06-02,1933,Net 45,Paid,52
INV00540,SUP010,2024-06-23,1153,2024-08-16,2024-08-20,1153,Net 30,Pending,58
INV00498,SUP059,2024-05-12,8987,2024-07-01,2024-07-01,8987,Net 60,Paid,50
INV00429,SUP087,2024-03-04,6865,2024-04-25,2024-04-26,6865,Net 60,Paid,53
INV00215,SUP021,2023-08-03,3111,2023-09-10,2023-09-16,3111,Net 60,Paid,44
INV00438,SUP069,2024-03-13,8727,2024-05-06,2024-05-10,8727,Net 45,Pending,58
INV00770,SUP079,2025-02-08,3078,2025-03-20,2025-03-20,3078,Net 45,Pending,40
INV00574,SUP072,2024-07-27,9635,2024-09-09,2024-09-14,9635,Net 60,Paid,49
INV00366,SUP084,2024-01-01,4977,2024-02-16,2024-02-21,4977,Net 45,Pending,51
INV00007,SUP015,2023-01-07,666,2023-02-06,2023-02-09,666,Net 60,Pending,33
INV00305,SUP047,2023-11-01,3370,2023-12-26,2024-01-01,3370,Net 60,Paid,61
INV00668,SUP063,2024-10-29,7390,2024-12-08,2024-12-14,7390,Net 45,Paid,46
INV00075,SUP058,2023-03-16,8729,2023-05-14,2023-05-14,8729,Net 45,Paid,59
INV00260,SUP069,2023-09-17,1156,2023-10-28,2023-11-06,1156,Net 60,Paid,50
INV00828,SUP085,2025-04-07,1076,2025-06-01,2025-06-02,1076,Net 30,Pending,56
INV00118,SUP010,2023-04-28,7138,2023-05-28,2023-06-02,7138,Net 60,Paid,35
INV00848,SUP038,2025-04-27,8859,2025-06-17,2025-06-23,8859,Net 45,Pending,57
INV00269,SUP042,2023-09-26,6215,2023-11-15,2023-11-24,6215,Net 45,Paid,59
INV00046,SUP059,2023-02-15,9755,2023-04-05,2023-04-12,9755,Net 60,Paid,56
INV00735,SUP080,2025-01-04,4018,2025-03-03,2025-03-06,4018,Net 60,Pending,61
INV00324,SUP056,2023-11-20,4063,2023-12-28,2023-12-31,4063,Net 30,Pending,41
INV00657,SUP037,2024-10-18,4984,2024-12-14,2024-12-16,4984,Net 60,Pending,59
INV00359,SUP027,2023-12-25,4346,2024-02-04,2024-02-09,4346,Net 60,Paid,46
INV00267,SUP050,2023-09-24,4187,2023-11-09,2023-11-18,4187,Net 45,Pending,55
INV00908,SUP100,2025-06-26,7141,2025-08-01,2025-08-10,7141,Net 30,Pending,45
INV00886,SUP090,2025-06-04,2194,2025-07-31,2025-08-04,2194,Net 60,Paid,61
INV00592,SUP030,2024-08-14,3827,2024-09-24,2024-09-26,3827,Net 30,Paid,43
INV00443,SUP099,2024-03-18,1887,2024-04-29,2024-04-30,1887,Net 30,Pending,43
INV00328,SUP077,2023-11-24,3209,2024-01-17,2024-01-23,3209,Net 45,Paid,60
INV00232,SUP058,2023-08-20,6487,2023-10-11,2023-10-14,6487,Net 60,Paid,55
INV00220,SUP035,2023-08-08,2159,2023-09-13,2023-09-19,2159,Net 30,Paid,42
INV00369,SUP095,2024-01-04,3324,2024-02-24,2024-02-28,3324,Net 45,Paid,55
INV00935,SUP004,2025-07-23,2170,2025-09-18,2025-09-20,2170,Net 30,Paid,59
INV00275,SUP032,2023-10-02,8250,2023-11-28,2023-12-05,8250,Net 30,Paid,64
INV00883,SUP026,2025-06-01,1542,2025-07-16,2025-07-18,1542,Net 45,Pending,47
INV00943,SUP008,2025-07-31,5988,2025-09-18,2025-09-21,5988,Net 45,Pending,52
INV00411,SUP056,2024-02-15,780,2024-04-02,2024-04-02,780,Net 60,Pending,47
INV00042,SUP054,2023-02-11,8633,2023-04-03,2023-04-07,8633,Net 45,Paid,55
INV00439,SUP064,2024-03-14,6078,2024-04-25,2024-04-27,6078,Net 45,Pending,44
INV00207,SUP035,2023-07-26,2711,2023-09-20,2023-09-25,2711,Net 30,Paid,61
INV00707,SUP088,2024-12-07,8217,2025-01-27,2025-02-05,8217,Net 60,Pending,60
INV00551,SUP089,2024-07-04,6372,2024-08-17,2024-08-25,6372,Net 30,Pending,52
INV00812,SUP011,2025-03-22,6368,2025-05-07,2025-05-09,6368,Net 30,Paid,48
INV00705,SUP076,2024-12-05,9721,2025-01-08,2025-01-09,9721,Net 30,Paid,35
INV00020,SUP022,2023-01-20,3585,2023-03-15,2023-03-18,3585,Net 45,Pending,57
INV00137,SUP067,2023-05-17,1878,2023-06-30,2023-07-06,1878,Net 45,Paid,50
INV00077,SUP099,2023-03-18,9468,2023-05-05,2023-05-10,9468,Net 60,Pending,53
INV00299,SUP004,2023-10-26,3644,2023-12-18,2023-12-24,3644,Net 60,Pending,59
INV00026,SUP092,2023-01-26,2247,2023-03-21,2023-03-30,2247,Net 60,Paid,63
INV00200,SUP031,2023-07-19,397,2023-09-08,2023-09-09,397,Net 30,Paid,52
INV00211,SUP013,2023-07-30,6746,2023-09-15,2023-09-19,6746,Net 60,Paid,51
INV00644,SUP095,2024-10-05,3071,2024-11-30,2024-12-08,3071,Net 60,Paid,64
INV00695,SUP099,2024-11-25,6744,2025-01-12,2025-01-21,6744,Net 30,Pending,57
INV00052,SUP095,2023-02-21,8426,2023-04-20,2023-04-25,8426,Net 45,Paid,63
INV00640,SUP042,2024-10-01,455,2024-11-15,2024-11-22,455,Net 30,Paid,52
INV00086,SUP092,2023-03-27,264,2023-05-24,2023-05-31,264,Net 45,Pending,65
INV00799,SUP055,2025-03-09,3286,2025-04-24,2025-05-02,3286,Net 60,Paid,54
INV00956,SUP030,2025-08-13,4812,2025-09-29,2025-10-07,4812,Net 60,Paid,55
INV00907,SUP020,2025-06-25,6613,2025-07-30,2025-07-31,6613,Net 60,Paid,36
INV00102,SUP076,2023-04-12,8592,2023-06-10,2023-06-10,8592,Net 30,Paid,59
INV00243,SUP029,2023-08-31,1354,2023-10-16,2023-10-22,1354,Net 45,Paid,52
INV00717,SUP088,2024-12-17,5054,2025-02-01,2025-02-10,5054,Net 45,Pending,55
INV00276,SUP011,2023-10-03,3646,2023-11-23,2023-11-23,3646,Net 30,Paid,51
INV00212,SUP035,2023-07-31,9761,2023-09-17,2023-09-18,9761,Net 60,Paid,49
INV00204,SUP074,2023-07-23,9000,2023-08-31,2023-09-09,9000,Net 30,Pending,48
INV00917,SUP050,2025-07-05,1265,2025-08-15,2025-08-16,1265,Net 30,Paid,42
INV00475,SUP040,2024-04-19,7743,2024-06-12,2024-06-14,7743,Net 45,Paid,56
INV00188,SUP002,2023-07-07,5991,2023-08-25,2023-08-29,5991,Net 30,Pending,53
INV00131,SUP062,2023-05-11,5316,2023-07-02,2023-07-07,5316,Net 45,Paid,57
INV00112,SUP040,2023-04-22,4040,2023-05-31,2023-06-01,4040,Net 45,Paid,40
INV00029,SUP045,2023-01-29,389,2023-03-05,2023-03-06,389,Net 60,Pending,36
INV00008,SUP003,2023-01-08,4626,2023-02-28,2023-03-07,4626,Net 30,Paid,58
INV00633,SUP057,2024-09-24,2979,2024-11-19,2024-11-26,2979,Net 60,Pending,63
INV00994,SUP041,2025-09-20,4346,2025-11-10,2025-11-17,4346,Net 45,Paid,58
INV00111,SUP057,2023-04-21,8310,2023-05-23,2023-05-31,8310,Net 60,Pending,40
INV00437,SUP062,2024-03-12,3039,2024-05-02,2024-05-10,3039,Net 30,Pending,59
INV00058,SUP049,2023-02-27,1221,2023-04-18,2023-04-22,1221,Net 45,Pending,54
INV00999,SUP070,2025-09-25,5932,2025-11-10,2025-11-17,5932,Net 30,Paid,53
INV00750,SUP004,2025-01-19,4388,2025-03-03,2025-03-06,4388,Net 45,Pending,46
INV00532,SUP072,2024-06-15,5534,2024-08-05,2024-08-09,5534,Net 30,Paid,55
INV00611,SUP095,2024-09-02,7314,2024-10-19,2024-10-28,7314,Net 45,Paid,56
INV00528,SUP080,2024-06-11,6741,2024-08-06,2024-08-06,6741,Net 45,Paid,56
INV00928,SUP068,2025-07-16,2912,2025-08-21,2025-08-23,2912,Net 60,Paid,38
INV00344,SUP040,2023-12-10,7171,2024-01-10,2024-01-14,7171,Net 60,Pending,35
INV00566,SUP036,2024-07-19,3123,2024-09-03,2024-09-12,3123,Net 60,Pending,55
INV00817,SUP077,2025-03-27,9561,2025-05-22,2025-05-25,9561,Net 30,Pending,59
INV00608,SUP073,2024-08-30,2903,2024-10-03,2024-10-07,2903,Net 45,Pending,38
INV00247,SUP074,2023-09-04,1848,2023-10-29,2023-11-05,1848,Net 30,Pending,62
INV00901,SUP019,2025-06-19,3591,2025-07-31,2025-08-06,3591,Net 45,Pending,48
INV00772,SUP025,2025-02-10,3844,2025-03-14,2025-03-19,3844,Net 30,Pending,37
INV00508,SUP090,2024-05-22,4560,2024-07-17,2024-07-20,4560,Net 60,Paid,59
INV00773,SUP021,2025-02-11,4632,2025-03-29,2025-04-05,4632,Net 30,Pending,53
INV00409,SUP093,2024-02-13,4270,2024-03-20,2024-03-28,4270,Net 60,Paid,44
INV00511,SUP054,2024-05-25,2982,2024-07-22,2024-07-27,2982,Net 60,Paid,63
INV00326,SUP094,2023-11-22,4214,2024-01-07,2024-01-12,4214,Net 45,Paid,51
INV00715,SUP076,2024-12-15,5315,2025-01-25,2025-01-30,5315,Net 45,Paid,46
INV00291,SUP089,2023-10-18,7883,2023-12-13,2023-12-13,7883,Net 60,Paid,56
INV00982,SUP084,2025-09-08,7990,2025-10-29,2025-11-04,7990,Net 30,Paid,57
INV00190,SUP075,2023-07-09,5131,2023-08-12,2023-08-20,5131,Net 60,Pending,42
INV00110,SUP059,2023-04-20,5256,2023-05-26,2023-05-27,5256,Net 30,Paid,37
INV00977,SUP015,2025-09-03,545,2025-10-14,2025-10-22,545,Net 60,Paid,49
INV00476,SUP020,2024-04-20,7787,2024-05-29,2024-06-02,7787,Net 45,Pending,43
INV00950,SUP066,2025-08-07,1320,2025-09-08,2025-09-16,1320,Net 60,Pending,40
INV00287,SUP005,2023-10-14,9351,2023-11-20,2023-11-21,9351,Net 30,Paid,38
INV00871,SUP013,2025-05-20,2226,2025-06-27,2025-07-04,2226,Net 30,Paid,45
INV00043,SUP078,2023-02-12,7713,2023-04-06,2023-04-11,7713,Net 45,Paid,58
INV00679,SUP068,2024-11-09,8139,2024-12-15,2024-12-17,8139,Net 60,Pending,38
INV00616,SUP033,2024-09-07,867,2024-10-19,2024-10-27,867,Net 45,Pending,50
INV00372,SUP079,2024-01-07,204,2024-02-13,2024-02-22,204,Net 45,Pending,46
INV00109,SUP008,2023-04-19,9962,2023-06-10,2023-06-17,9962,Net 60,Paid,59
INV00610,SUP074,2024-09-01,8320,2024-10-26,2024-11-02,8320,Net 30,Paid,62
INV00654,SUP006,2024-10-15,4125,2024-11-17,2024-11-17,4125,Net 45,Pending,33
INV00963,SUP098,2025-08-20,3428,2025-10-01,2025-10-03,3428,Net 45,Paid,44
INV00310,SUP050,2023-11-06,1180,2023-12-08,2023-12-09,1180,Net 30,Paid,33
INV00401,SUP040,2024-02-05,1281,2024-03-13,2024-03-16,1281,Net 45,Paid,40
INV00556,SUP022,2024-07-09,8902,2024-08-27,2024-09-05,8902,Net 45,Paid,58
INV00697,SUP028,2024-11-27,3014,2025-01-02,2025-01-02,3014,Net 45,Paid,36
INV00558,SUP013,2024-07-11,4512,2024-08-26,2024-09-03,4512,Net 60,Pending,54
INV00317,SUP012,2023-11-13,2016,2023-12-23,2023-12-28,2016,Net 60,Pending,45
INV00142,SUP045,2023-05-22,3357,2023-07-18,2023-07-18,3357,Net 45,Pending,57
INV00987,SUP043,2025-09-13,4076,2025-10-15,2025-10-18,4076,Net 45,Pending,35
INV00337,SUP072,2023-12-03,5796,2024-01-19,2024-01-19,5796,Net 30,Paid,47
INV00396,SUP052,2024-01-31,1350,2024-03-21,2024-03-21,1350,Net 60,Pending,50
INV00462,SUP018,2024-04-06,2282,2024-05-25,2024-05-26,2282,Net 30,Pending,50
INV00104,SUP061,2023-04-14,7415,2023-06-01,2023-06-03,7415,Net 45,Pending,50
INV00661,SUP049,2024-10-22,8902,2024-12-03,2024-12-03,8902,Net 30,Paid,42
INV00452,SUP057,2024-03-27,8202,2024-05-25,2024-05-28,8202,Net 60,Paid,62
INV00872,SUP031,2025-05-21,3944,2025-06-27,2025-07-03,3944,Net 60,Paid,43
INV00123,SUP081,2023-05-03,7921,2023-06-08,2023-06-17,7921,Net 45,Pending,45
INV00480,SUP082,2024-04-24,6188,2024-06-12,2024-06-20,6188,Net 30,Pending,57
INV00873,SUP035,2025-05-22,9293,2025-07-01,2025-07-05,9293,Net 30,Paid,44
INV00753,SUP055,2025-01-22,7770,2025-02-24,2025-02-24,7770,Net 30,Paid,33
INV00294,SUP022,2023-10-21,8408,2023-11-22,2023-11-26,8408,Net 60,Paid,36
INV00923,SUP070,2025-07-11,6184,2025-09-05,2025-09-10,6184,Net 60,Paid,61
INV00824,SUP094,2025-04-03,2672,2025-05-14,2025-05-23,2672,Net 60,Pending,50
INV00847,SUP022,2025-04-26,7689,2025-06-16,2025-06-18,7689,Net 30,Paid,53
INV00744,SUP087,2025-01-13,7887,2025-03-02,2025-03-07,7887,Net 45,Pending,53
INV00440,SUP010,2024-03-15,9287,2024-05-01,2024-05-02,9287,Net 30,Paid,48
INV00356,SUP059,2023-12-22,9558,2024-02-12,2024-02-13,9558,Net 45,Paid,53
INV00954,SUP080,2025-08-11,2443,2025-09-23,2025-09-23,2443,Net 30,Paid,43
INV00206,SUP091,2023-07-25,4482,2023-09-16,2023-09-17,4482,Net 60,Paid,54
INV00022,SUP076,2023-01-22,8866,2023-03-18,2023-03-24,8866,Net 45,Pending,61
INV00420,SUP036,2024-02-24,9635,2024-04-21,2024-04-23,9635,Net 30,Paid,59
INV00036,SUP064,2023-02-05,1728,2023-03-23,2023-03-26,1728,Net 30,Pending,49
INV00454,SUP053,2024-03-29,4113,2024-05-20,2024-05-25,4113,Net 45,Pending,57
INV00997,SUP032,2025-09-23,3997,2025-10-29,2025-10-29,3997,Net 45,Pending,36
INV00332,SUP066,2023-11-28,984,2024-01-06,2024-01-06,984,Net 45,Paid,39
INV00957,SUP074,2025-08-14,2065,2025-10-04,2025-10-11,2065,Net 45,Pending,58
INV00128,SUP090,2023-05-08,2990,2023-06-29,2023-06-29,2990,Net 60,Paid,52
INV00674,SUP056,2024-11-04,6800,2024-12-05,2024-12-06,6800,Net 45,Paid,32
INV00658,SUP064,2024-10-19,4200,2024-11-24,2024-12-03,4200,Net 60,Paid,45
INV00622,SUP044,2024-09-13,7683,2024-10-20,2024-10-23,7683,Net 45,Paid,40
INV00280,SUP055,2023-10-07,3636,2023-11-26,2023-11-27,3636,Net 45,Pending,51
INV00976,SUP018,2025-09-02,1014,2025-10-20,2025-10-27,1014,Net 45,Paid,55
INV00340,SUP022,2023-12-06,737,2024-01-16,2024-01-22,737,Net 60,Pending,47
INV00156,SUP096,2023-06-05,9674,2023-07-26,2023-08-04,9674,Net 60,Pending,60
INV00874,SUP060,2025-05-23,209,2025-07-13,2025-07-22,209,Net 45,Pending,60
INV00524,SUP067,2024-06-07,2356,2024-07-31,2024-08-09,2356,Net 60,Paid,63
INV00527,SUP098,2024-06-10,5505,2024-07-13,2024-07-17,5505,Net 30,Paid,37
INV00852,SUP062,2025-05-01,317,2025-06-23,2025-07-02,317,Net 60,Paid,62
INV00789,SUP040,2025-02-27,2997,2025-03-31,2025-03-31,2997,Net 30,Paid,32
INV00078,SUP083,2023-03-19,5087,2023-05-14,2023-05-17,5087,Net 60,Paid,59
INV00569,SUP015,2024-07-22,9105,2024-08-23,2024-08-30,9105,Net 60,Pending,39
INV00671,SUP017,2024-11-01,5009,2024-12-07,2024-12-12,5009,Net 60,Paid,41
INV00764,SUP085,2025-02-02,2793,2025-03-23,2025-03-30,2793,Net 45,Pending,56
INV00408,SUP008,2024-02-12,3543,2024-04-01,2024-04-02,3543,Net 60,Paid,50
INV00676,SUP066,2024-11-06,2248,2024-12-18,2024-12-22,2248,Net 45,Paid,46
INV00636,SUP027,2024-09-27,7914,2024-10-27,2024-10-31,7914,Net 30,Pending,34
INV00435,SUP046,2024-03-10,9740,2024-04-12,2024-04-18,9740,Net 30,Pending,39
INV00769,SUP052,2025-02-07,6693,2025-03-30,2025-04-01,6693,Net 30,Paid,53
INV00578,SUP072,2024-07-31,8847,2024-09-12,2024-09-18,8847,Net 30,Pending,49
INV00060,SUP092,2023-03-01,8189,2023-04-06,2023-04-06,8189,Net 30,Paid,36
INV00039,SUP067,2023-02-08,9038,2023-03-21,2023-03-22,9038,Net 30,Pending,42
INV00688,SUP058,2024-11-18,970,2024-12-19,2024-12-21,970,Net 60,Paid,33
INV00505,SUP083,2024-05-19,7600,2024-07-11,2024-07-17,7600,Net 30,Paid,59
INV00522,SUP053,2024-06-05,1367,2024-07-17,2024-07-26,1367,Net 30,Pending,51
INV00201,SUP091,2023-07-20,7325,2023-08-30,2023-09-07,7325,Net 30,Pending,49
INV00588,SUP016,2024-08-10,1128,2024-09-17,2024-09-23,1128,Net 60,Pending,44
INV00073,SUP039,2023-03-14,7063,2023-04-13,2023-04-16,7063,Net 30,Pending,33
INV00424,SUP095,2024-02-28,2679,2024-04-02,2024-04-05,2679,Net 30,Paid,37
INV00754,SUP001,2025-01-23,8156,2025-03-10,2025-03-16,8156,Net 30,Pending,52
INV00322,SUP003,2023-11-18,2095,2024-01-07,2024-01-14,2095,Net 60,Pending,57
INV00601,SUP094,2024-08-23,3576,2024-09-23,2024-09-26,3576,Net 30,Paid,34
INV00905,SUP035,2025-06-23,9264,2025-07-29,2025-07-29,9264,Net 60,Paid,36
INV00160,SUP084,2023-06-09,5730,2023-07-24,2023-08-01,5730,Net 30,Pending,53
INV00162,SUP076,2023-06-11,3948,2023-07-17,2023-07-25,3948,Net 30,Paid,44
INV00336,SUP075,2023-12-02,7406,2024-01-03,2024-01-10,7406,Net 30,Pending,39
INV00553,SUP031,2024-07-06,9780,2024-08-21,2024-08-26,9780,Net 30,Paid,51
INV00938,SUP028,2025-07-26,1402,2025-09-23,2025-09-29,1402,Net 60,Pending,65
INV00363,SUP073,2023-12-29,6493,2024-02-15,2024-02-21,6493,Net 30,Pending,54
INV00468,SUP079,2024-04-12,4174,2024-06-01,2024-06-04,4174,Net 45,Paid,53
INV00185,SUP071,2023-07-04,5449,2023-08-25,2023-08-25,5449,Net 60,Paid,52
INV00834,SUP076,2025-04-13,5822,2025-06-11,2025-06-16,5822,Net 60,Paid,64
INV00966,SUP023,2025-08-23,3091,2025-10-10,2025-10-13,3091,Net 30,Paid,51
INV00881,SUP089,2025-05-30,1819,2025-07-12,2025-07-13,1819,Net 45,Pending,44
INV00246,SUP066,2023-09-03,6397,2023-10-08,2023-10-14,6397,Net 30,Paid,41
INV00421,SUP026,2024-02-25,5388,2024-04-07,2024-04-12,5388,Net 30,Pending,47
INV00303,SUP022,2023-10-30,501,2023-12-22,2023-12-26,501,Net 30,Pending,57
INV00554,SUP085,2024-07-07,1565,2024-08-14,2024-08-23,1565,Net 45,Paid,47
INV00374,SUP094,2024-01-09,5515,2024-02-25,2024-03-02,5515,Net 60,Paid,53
INV00361,SUP087,2023-12-27,774,2024-02-10,2024-02-12,774,Net 45,Paid,47
INV00737,SUP035,2025-01-06,6454,2025-02-11,2025-02-18,6454,Net 30,Paid,43
INV00912,SUP044,2025-06-30,7746,2025-08-16,2025-08-16,7746,Net 30,Paid,47
INV00444,SUP044,2024-03-19,7033,2024-04-27,2024-04-30,7033,Net 45,Paid,42
INV00867,SUP061,2025-05-16,2028,2025-07-09,2025-07-14,2028,Net 60,Pending,59
INV00096,SUP064,2023-04-06,591,2023-05-23,2023-05-29,591,Net 45,Paid,53
INV00678,SUP037,2024-11-08,916,2024-12-19,2024-12-20,916,Net 30,Paid,42
INV00596,SUP094,2024-08-18,4375,2024-09-24,2024-09-27,4375,Net 60,Pending,40
INV00843,SUP042,2025-04-22,4524,2025-05-27,2025-06-03,4524,Net 60,Paid,42
INV00694,SUP058,2024-11-24,5058,2024-12-29,2025-01-07,5058,Net 30,Pending,44
INV00788,SUP067,2025-02-26,1118,2025-04-01,2025-04-06,1118,Net 30,Paid,39
INV00919,SUP099,2025-07-07,9710,2025-08-13,2025-08-22,9710,Net 30,Paid,46
INV00182,SUP056,2023-07-01,6055,2023-08-09,2023-08-15,6055,Net 30,Paid,45
INV00996,SUP005,2025-09-22,3568,2025-10-22,2025-10-22,3568,Net 45,Paid,30
INV00967,SUP069,2025-08-24,3956,2025-10-15,2025-10-21,3956,Net 45,Pending,58
INV00934,SUP062,2025-07-22,4218,2025-09-07,2025-09-16,4218,Net 30,Paid,56
INV00864,SUP035,2025-05-13,2248,2025-06-17,2025-06-18,2248,Net 60,Paid,36
INV00493,SUP018,2024-05-07,3966,2024-07-05,2024-07-05,3966,Net 30,Paid,59
INV00927,SUP079,2025-07-15,9384,2025-08-22,2025-08-23,9384,Net 30,Pending,39
INV00171,SUP021,2023-06-20,6785,2023-08-07,2023-08-12,6785,Net 30,Paid,53
INV00296,SUP065,2023-10-23,9635,2023-11-23,2023-11-25,9635,Net 60,Pending,33
INV00775,SUP005,2025-02-13,6011,2025-03-26,2025-03-31,6011,Net 60,Paid,46
INV00531,SUP038,2024-06-14,7530,2024-08-11,2024-08-12,7530,Net 60,Pending,59
INV00108,SUP016,2023-04-18,8354,2023-06-15,2023-06-16,8354,Net 30,Pending,59
INV00895,SUP014,2025-06-13,5456,2025-07-13,2025-07-13,5456,Net 30,Paid,30
INV00386,SUP098,2024-01-21,1893,2024-02-26,2024-03-04,1893,Net 30,Pending,43
INV00711,SUP027,2024-12-11,1531,2025-01-27,2025-02-04,1531,Net 45,Pending,55
INV00809,SUP060,2025-03-19,4832,2025-05-15,2025-05-19,4832,Net 45,Pending,61
INV00794,SUP075,2025-03-04,3545,2025-04-08,2025-04-13,3545,Net 30,Paid,40
INV00559,SUP045,2024-07-12,1524,2024-09-08,2024-09-08,1524,Net 60,Pending,58
INV00321,SUP038,2023-11-17,5642,2023-12-18,2023-12-24,5642,Net 30,Paid,37
INV00348,SUP084,2023-12-14,4980,2024-01-24,2024-01-31,4980,Net 45,Paid,48
INV00985,SUP067,2025-09-11,7347,2025-10-19,2025-10-20,7347,Net 45,Paid,39
INV00936,SUP045,2025-07-24,8589,2025-09-21,2025-09-23,8589,Net 60,Pending,61
INV00795,SUP061,2025-03-05,7873,2025-04-18,2025-04-24,7873,Net 45,Paid,50
INV00306,SUP081,2023-11-02,899,2023-12-05,2023-12-14,899,Net 30,Paid,42
INV00410,SUP094,2024-02-14,9862,2024-03-17,2024-03-25,9862,Net 45,Paid,40
INV00327,SUP013,2023-11-23,1886,2023-12-23,2024-01-01,1886,Net 45,Paid,39
INV00004,SUP066,2023-01-04,5391,2023-02-24,2023-02-27,5391,Net 45,Pending,54
INV00341,SUP020,2023-12-07,6186,2024-01-24,2024-01-27,6186,Net 30,Pending,51
INV00129,SUP023,2023-05-09,7608,2023-06-10,2023-06-16,7608,Net 45,Pending,38
INV00088,SUP029,2023-03-29,2768,2023-05-13,2023-05-16,2768,Net 30,Pending,48
INV00107,SUP054,2023-04-17,2931,2023-05-24,2023-05-28,2931,Net 60,Pending,41
INV00245,SUP043,2023-09-02,6495,2023-10-26,2023-11-01,6495,Net 45,Paid,60
INV00423,SUP004,2024-02-27,6817,2024-03-30,2024-04-03,6817,Net 60,Pending,36
INV00302,SUP076,2023-10-29,3620,2023-12-02,2023-12-07,3620,Net 45,Paid,39
INV00016,SUP048,2023-01-16,5251,2023-03-07,2023-03-08,5251,Net 30,Paid,51
INV00144,SUP028,2023-05-24,9989,2023-06-30,2023-07-07,9989,Net 60,Pending,44
INV00785,SUP086,2025-02-23,5326,2025-03-30,2025-04-02,5326,Net 30,Paid,38
INV00989,SUP096,2025-09-15,326,2025-10-24,2025-10-25,326,Net 45,Paid,40
INV00194,SUP048,2023-07-13,9158,2023-08-13,2023-08-15,9158,Net 30,Pending,33
INV00130,SUP018,2023-05-10,8955,2023-07-02,2023-07-09,8955,Net 60,Pending,60
INV00138,SUP094,2023-05-18,3442,2023-06-21,2023-06-30,3442,Net 60,Paid,43
INV00921,SUP036,2025-07-09,8004,2025-09-05,2025-09-09,8004,Net 45,Paid,62
INV00822,SUP054,2025-04-01,7091,2025-05-03,2025-05-06,7091,Net 30,Pending,35
INV00181,SUP089,2023-06-30,8364,2023-08-09,2023-08-14,8364,Net 45,Paid,45
INV00808,SUP065,2025-03-18,325,2025-04-24,2025-04-26,325,Net 60,Pending,39
INV00339,SUP043,2023-12-05,3006,2024-01-15,2024-01-23,3006,Net 60,Paid,49
INV00415,SUP028,2024-02-19,4449,2024-04-05,2024-04-14,4449,Net 60,Paid,55
INV00189,SUP008,2023-07-08,5735,2023-08-11,2023-08-13,5735,Net 45,Paid,36
INV00825,SUP073,2025-04-04,2939,2025-05-24,2025-05-27,2939,Net 45,Paid,53
INV00163,SUP033,2023-06-12,863,2023-07-21,2023-07-29,863,Net 45,Paid,47
INV00384,SUP019,2024-01-19,4665,2024-02-27,2024-03-01,4665,Net 60,Pending,42
INV00159,SUP088,2023-06-08,5775,2023-07-30,2023-08-04,5775,Net 45,Pending,57
INV00478,SUP091,2024-04-22,7364,2024-06-15,2024-06-16,7364,Net 30,Paid,55
INV00959,SUP069,2025-08-16,7526,2025-10-07,2025-10-14,7526,Net 30,Paid,59
INV00147,SUP027,2023-05-27,9755,2023-07-19,2023-07-26,9755,Net 30,Pending,60
INV00580,SUP059,2024-08-02,9776,2024-09-02,2024-09-04,9776,Net 60,Paid,33
INV00135,SUP067,2023-05-15,6574,2023-07-05,2023-07-05,6574,Net 45,Paid,51
INV00607,SUP015,2024-08-29,3530,2024-10-24,2024-10-28,3530,Net 60,Pending,60
INV00920,SUP032,2025-07-08,7143,2025-08-17,2025-08-21,7143,Net 45,Paid,44
INV00649,SUP085,2024-10-10,1215,2024-11-19,2024-11-24,1215,Net 60,Pending,45
INV00929,SUP040,2025-07-17,2392,2025-08-24,2025-08-30,2392,Net 30,Pending,44
INV00589,SUP002,2024-08-11,5229,2024-09-12,2024-09-12,5229,Net 60,Pending,32
INV00802,SUP059,2025-03-12,9105,2025-04-22,2025-04-23,9105,Net 30,Paid,42
INV00300,SUP065,2023-10-27,1260,2023-12-17,2023-12-21,1260,Net 30,Paid,55
INV00278,SUP018,2023-10-05,7093,2023-11-04,2023-11-08,7093,Net 45,Pending,34
INV00677,SUP038,2024-11-07,4980,2025-01-04,2025-01-07,4980,Net 45,Paid,61
INV00587,SUP061,2024-08-09,1023,2024-10-06,2024-10-14,1023,Net 30,Paid,66
INV00638,SUP012,2024-09-29,5913,2024-11-21,2024-11-30,5913,Net 30,Pending,62
INV00517,SUP032,2024-05-31,4691,2024-07-23,2024-07-24,4691,Net 30,Pending,54
INV00050,SUP060,2023-02-19,9870,2023-03-21,2023-03-22,9870,Net 30,Pending,31
INV00388,SUP071,2024-01-23,8511,2024-03-15,2024-03-23,8511,Net 30,Pending,60
INV00288,SUP087,2023-10-15,5800,2023-11-24,2023-11-26,5800,Net 30,Pending,42
INV00009,SUP011,2023-01-09,5778,2023-03-02,2023-03-03,5778,Net 60,Paid,53
INV00148,SUP100,2023-05-28,5650,2023-07-10,2023-07-18,5650,Net 30,Pending,51
INV00441,SUP040,2024-03-16,6503,2024-04-15,2024-04-16,6503,Net 60,Paid,31
INV00335,SUP026,2023-12-01,7543,2024-01-02,2024-01-10,7543,Net 60,Paid,40
INV00914,SUP061,2025-07-02,7777,2025-08-02,2025-08-03,7777,Net 45,Pending,32
INV00949,SUP045,2025-08-06,2404,2025-09-30,2025-10-03,2404,Net 30,Paid,58
INV00582,SUP059,2024-08-04,6730,2024-09-11,2024-09-11,6730,Net 60,Pending,38
INV00550,SUP052,2024-07-03,1740,2024-08-23,2024-08-25,1740,Net 60,Pending,53
INV00743,SUP034,2025-01-12,6231,2025-02-25,2025-03-01,6231,Net 30,Paid,48
INV00367,SUP037,2024-01-02,4054,2024-02-23,2024-03-03,4054,Net 60,Paid,61
INV00692,SUP060,2024-11-22,8780,2024-12-24,2024-12-28,8780,Net 30,Paid,36
INV01000,SUP035,2025-09-26,3676,2025-11-24,2025-11-28,3676,Net 60,Pending,63
INV00221,SUP086,2023-08-09,5959,2023-09-16,2023-09-20,5959,Net 45,Pending,42
INV00830,SUP034,2025-04-09,9704,2025-05-28,2025-05-28,9704,Net 30,Pending,49
INV00427,SUP038,2024-03-02,4652,2024-04-26,2024-05-05,4652,Net 60,Pending,64
INV00653,SUP056,2024-10-14,4358,2024-11-22,2024-11-24,4358,Net 45,Paid,41
INV00034,SUP079,2023-02-03,7934,2023-03-06,2023-03-15,7934,Net 45,Pending,40
INV00471,SUP013,2024-04-15,7868,2024-05-30,2024-06-04,7868,Net 45,Paid,50
INV00860,SUP081,2025-05-09,9115,2025-07-07,2025-07-16,9115,Net 45,Paid,68
INV00045,SUP040,2023-02-14,7241,2023-03-22,2023-03-27,7241,Net 30,Paid,41
INV00969,SUP006,2025-08-26,294,2025-09-28,2025-09-29,294,Net 30,Paid,34
INV00146,SUP013,2023-05-26,3827,2023-06-27,2023-06-27,3827,Net 60,Paid,32
INV00926,SUP037,2025-07-14,2390,2025-08-18,2025-08-27,2390,Net 45,Pending,44
INV00224,SUP078,2023-08-12,4936,2023-09-21,2023-09-23,4936,Net 45,Pending,42
INV00164,SUP028,2023-06-13,2198,2023-07-19,2023-07-27,2198,Net 30,Paid,44
INV00831,SUP031,2025-04-10,1660,2025-05-23,2025-05-30,1660,Net 30,Pending,50
INV00838,SUP040,2025-04-17,3935,2025-06-15,2025-06-18,3935,Net 30,Paid,62
INV00968,SUP094,2025-08-25,4425,2025-10-07,2025-10-15,4425,Net 30,Paid,51
INV00660,SUP072,2024-10-21,7466,2024-11-30,2024-12-06,7466,Net 45,Paid,46
INV00285,SUP021,2023-10-12,5093,2023-12-01,2023-12-10,5093,Net 30,Paid,59
INV00311,SUP020,2023-11-07,3175,2023-12-26,2023-12-28,3175,Net 30,Pending,51
INV00027,SUP057,2023-01-27,2947,2023-03-23,2023-03-28,2947,Net 30,Paid,60
INV00165,SUP008,2023-06-14,8194,2023-07-14,2023-07-18,8194,Net 30,Pending,34
INV00064,SUP079,2023-03-05,361,2023-04-20,2023-04-26,361,Net 60,Paid,52
INV00021,SUP006,2023-01-21,6596,2023-03-12,2023-03-17,6596,Net 45,Paid,55
INV00618,SUP052,2024-09-09,9537,2024-10-13,2024-10-14,9537,Net 30,Paid,35
INV00461,SUP048,2024-04-05,9145,2024-05-18,2024-05-22,9145,Net 60,Pending,47
INV00787,SUP064,2025-02-25,1846,2025-04-20,2025-04-28,1846,Net 60,Paid,62
INV00436,SUP096,2024-03-11,4811,2024-05-08,2024-05-11,4811,Net 45,Paid,61
INV00915,SUP017,2025-07-03,4427,2025-08-11,2025-08-16,4427,Net 60,Pending,44
INV00228,SUP100,2023-08-16,6816,2023-10-10,2023-10-12,6816,Net 60,Paid,57
INV00195,SUP027,2023-07-14,4589,2023-09-02,2023-09-07,4589,Net 60,Paid,55
INV00797,SUP005,2025-03-07,7082,2025-05-04,2025-05-13,7082,Net 30,Paid,67
INV00293,SUP074,2023-10-20,7879,2023-11-26,2023-11-27,7879,Net 30,Pending,38
INV00381,SUP042,2024-01-16,7279,2024-02-27,2024-03-05,7279,Net 30,Pending,49
INV00124,SUP090,2023-05-04,7235,2023-07-01,2023-07-07,7235,Net 45,Paid,64
INV00180,SUP006,2023-06-29,1054,2023-08-17,2023-08-24,1054,Net 45,Paid,56
INV00071,SUP045,2023-03-12,6639,2023-04-27,2023-04-27,6639,Net 45,Paid,46
INV00782,SUP021,2025-02-20,564,2025-03-26,2025-04-01,564,Net 45,Paid,40
INV00400,SUP037,2024-02-04,1864,2024-03-20,2024-03-21,1864,Net 45,Paid,46
INV00663,SUP011,2024-10-24,604,2024-12-17,2024-12-18,604,Net 45,Pending,55
INV00613,SUP087,2024-09-04,5263,2024-10-08,2024-10-08,5263,Net 60,Paid,34
INV00911,SUP048,2025-06-29,3098,2025-08-23,2025-08-28,3098,Net 60,Pending,60
INV00975,SUP032,2025-09-01,6366,2025-10-23,2025-10-30,6366,Net 60,Paid,59
INV00861,SUP078,2025-05-10,424,2025-06-26,2025-07-04,424,Net 30,Paid,55
INV00630,SUP012,2024-09-21,5520,2024-10-28,2024-11-06,5520,Net 30,Pending,46
INV00796,SUP064,2025-03-06,7149,2025-04-06,2025-04-14,7149,Net 30,Paid,39
INV00885,SUP005,2025-06-03,3024,2025-07-24,2025-08-02,3024,Net 45,Pending,60
INV00720,SUP034,2024-12-20,2380,2025-01-19,2025-01-19,2380,Net 60,Pending,30
INV00090,SUP017,2023-03-31,2227,2023-05-18,2023-05-19,2227,Net 60,Pending,49
INV00837,SUP022,2025-04-16,3717,2025-06-01,2025-06-09,3717,Net 45,Paid,54
INV00520,SUP038,2024-06-03,7851,2024-07-13,2024-07-18,7851,Net 60,Paid,45
INV00804,SUP069,2025-03-14,2176,2025-04-27,2025-04-27,2176,Net 45,Pending,44
INV00376,SUP053,2024-01-11,1076,2024-02-21,2024-02-28,1076,Net 60,Paid,48
INV00465,SUP017,2024-04-09,617,2024-05-25,2024-05-26,617,Net 45,Paid,47
INV00253,SUP083,2023-09-10,5792,2023-10-30,2023-11-02,5792,Net 30,Pending,53
INV00063,SUP061,2023-03-04,5875,2023-04-11,2023-04-14,5875,Net 30,Paid,41
INV00017,SUP066,2023-01-17,6620,2023-02-24,2023-02-27,6620,Net 30,Pending,41
INV00555,SUP084,2024-07-08,8891,2024-08-09,2024-08-13,8891,Net 45,Paid,36
INV00766,SUP097,2025-02-04,7137,2025-03-20,2025-03-21,7137,Net 60,Pending,45
INV00141,SUP094,2023-05-21,6868,2023-06-20,2023-06-21,6868,Net 60,Paid,31
INV00012,SUP030,2023-01-12,969,2023-02-25,2023-03-05,969,Net 30,Pending,52
INV00892,SUP018,2025-06-10,2108,2025-08-06,2025-08-10,2108,Net 45,Pending,61
INV00575,SUP091,2024-07-28,3909,2024-09-20,2024-09-27,3909,Net 45,Pending,61
INV00887,SUP020,2025-06-05,3690,2025-07-24,2025-07-31,3690,Net 60,Pending,56
INV00879,SUP049,2025-05-28,2260,2025-07-08,2025-07-17,2260,Net 60,Pending,50
INV00703,SUP097,2024-12-03,7081,2025-01-16,2025-01-18,7081,Net 60,Pending,46
INV00263,SUP005,2023-09-20,7144,2023-11-09,2023-11-14,7144,Net 30,Pending,55
INV00072,SUP062,2023-03-13,8092,2023-04-18,2023-04-22,8092,Net 30,Pending,40
INV00591,SUP017,2024-08-13,2305,2024-09-13,2024-09-20,2305,Net 30,Pending,38
INV00283,SUP087,2023-10-10,3554,2023-12-04,2023-12-07,3554,Net 30,Pending,58
INV00827,SUP058,2025-04-06,1961,2025-06-02,2025-06-08,1961,Net 30,Pending,63
INV00474,SUP009,2024-04-18,612,2024-06-01,2024-06-03,612,Net 60,Pending,46
INV00642,SUP011,2024-10-03,2038,2024-11-29,2024-12-05,2038,Net 30,Paid,63
INV00758,SUP003,2025-01-27,4100,2025-03-04,2025-03-11,4100,Net 30,Pending,43
INV00900,SUP015,2025-06-18,5615,2025-07-18,2025-07-26,5615,Net 30,Paid,38
INV00333,SUP036,2023-11-29,8296,2024-01-22,2024-01-25,8296,Net 30,Paid,57
INV00700,SUP082,2024-11-30,7196,2024-12-31,2024-12-31,7196,Net 30,Pending,31
INV00988,SUP017,2025-09-14,6159,2025-11-10,2025-11-15,6159,Net 45,Paid,62
INV00298,SUP071,2023-10-25,1269,2023-12-08,2023-12-08,1269,Net 60,Paid,44
INV00304,SUP086,2023-10-31,806,2023-11-30,2023-12-02,806,Net 30,Paid,32
INV00239,SUP083,2023-08-27,7358,2023-09-29,2023-09-29,7358,Net 30,Paid,33
INV00431,SUP002,2024-03-06,7590,2024-04-11,2024-04-18,7590,Net 60,Paid,43
INV00491,SUP099,2024-05-05,7557,2024-06-07,2024-06-09,7557,Net 30,Paid,35
INV00364,SUP035,2023-12-30,6657,2024-02-05,2024-02-08,6657,Net 45,Pending,40
INV00262,SUP059,2023-09-19,5899,2023-11-12,2023-11-17,5899,Net 30,Paid,59
INV00656,SUP050,2024-10-17,7138,2024-11-21,2024-11-25,7138,Net 45,Pending,39
INV00858,SUP017,2025-05-07,6669,2025-06-26,2025-06-29,6669,Net 45,Pending,53
INV00187,SUP018,2023-07-06,1907,2023-08-16,2023-08-22,1907,Net 45,Pending,47
INV00483,SUP073,2024-04-27,2986,2024-06-25,2024-07-02,2986,Net 45,Paid,66
INV00984,SUP063,2025-09-10,3731,2025-11-02,2025-11-09,3731,Net 45,Pending,60
INV00755,SUP089,2025-01-24,5324,2025-02-25,2025-03-03,5324,Net 30,Pending,38
INV00241,SUP068,2023-08-29,3370,2023-10-03,2023-10-12,3370,Net 45,Paid,44
INV00784,SUP099,2025-02-22,4821,2025-04-12,2025-04-13,4821,Net 60,Pending,50
INV00331,SUP049,2023-11-27,1609,2024-01-03,2024-01-07,1609,Net 60,Paid,41
INV00054,SUP091,2023-02-23,1785,2023-04-15,2023-04-23,1785,Net 45,Paid,59
INV00810,SUP051,2025-03-20,6488,2025-05-02,2025-05-04,6488,Net 45,Paid,45
INV00121,SUP079,2023-05-01,5334,2023-06-27,2023-06-30,5334,Net 45,Pending,60
INV00844,SUP021,2025-04-23,9311,2025-06-07,2025-06-16,9311,Net 60,Pending,54
INV00258,SUP055,2023-09-15,4633,2023-10-22,2023-10-22,4633,Net 60,Paid,37
INV00576,SUP023,2024-07-29,9473,2024-09-05,2024-09-05,9473,Net 30,Paid,38
INV00894,SUP017,2025-06-12,3730,2025-07-13,2025-07-21,3730,Net 30,Pending,39
INV00448,SUP017,2024-03-23,5252,2024-05-14,2024-05-15,5252,Net 60,Paid,53
INV00721,SUP067,2024-12-21,5092,2025-02-10,2025-02-18,5092,Net 45,Paid,59
INV00503,SUP081,2024-05-17,7386,2024-07-02,2024-07-05,7386,Net 60,Pending,49
INV00903,SUP035,2025-06-21,5668,2025-08-15,2025-08-21,5668,Net 30,Paid,61
INV00685,SUP058,2024-11-15,9966,2024-12-23,2024-12-30,9966,Net 45,Paid,45
INV00214,SUP059,2023-08-02,8538,2023-09-14,2023-09-17,8538,Net 45,Paid,46
INV00405,SUP023,2024-02-09,759,2024-04-07,2024-04-08,759,Net 60,Paid,59
INV00597,SUP082,2024-08-19,5548,2024-10-12,2024-10-16,5548,Net 60,Paid,58
INV00523,SUP094,2024-06-06,1262,2024-07-07,2024-07-13,1262,Net 30,Pending,37
INV00459,SUP013,2024-04-03,5926,2024-05-29,2024-06-03,5926,Net 45,Paid,61
INV00099,SUP086,2023-04-09,6384,2023-06-05,2023-06-09,6384,Net 30,Paid,61
INV00778,SUP087,2025-02-16,255,2025-04-15,2025-04-17,255,Net 30,Pending,60
INV00738,SUP076,2025-01-07,960,2025-03-06,2025-03-11,960,Net 60,Paid,63
INV00048,SUP062,2023-02-17,5686,2023-04-08,2023-04-16,5686,Net 60,Paid,58
INV00116,SUP094,2023-04-26,7110,2023-05-27,2023-05-28,7110,Net 60,Paid,32
INV00355,SUP045,2023-12-21,6814,2024-02-13,2024-02-18,6814,Net 60,Paid,59
INV00334,SUP054,2023-11-30,7760,2024-01-05,2024-01-07,7760,Net 60,Paid,38
INV00962,SUP060,2025-08-19,8063,2025-10-12,2025-10-15,8063,Net 30,Paid,57
INV00937,SUP090,2025-07-25,5965,2025-09-12,2025-09-12,5965,Net 45,Paid,49
INV00639,SUP065,2024-09-30,7226,2024-11-17,2024-11-17,7226,Net 60,Pending,48
INV00375,SUP020,2024-01-10,5069,2024-03-04,2024-03-04,5069,Net 30,Paid,54
INV00606,SUP083,2024-08-28,8253,2024-10-04,2024-10-13,8253,Net 60,Pending,46
INV00314,SUP059,2023-11-10,3527,2024-01-08,2024-01-09,3527,Net 45,Paid,60
INV00494,SUP016,2024-05-08,5844,2024-06-11,2024-06-14,5844,Net 45,Paid,37
INV00490,SUP071,2024-05-04,7006,2024-06-20,2024-06-28,7006,Net 30,Paid,55
INV00718,SUP014,2024-12-18,3377,2025-01-26,2025-02-04,3377,Net 45,Paid,48
INV00586,SUP089,2024-08-08,7776,2024-10-04,2024-10-11,7776,Net 60,Pending,64
INV00025,SUP079,2023-01-25,8049,2023-03-15,2023-03-17,8049,Net 60,Pending,51
INV00495,SUP055,2024-05-09,3114,2024-07-02,2024-07-05,3114,Net 30,Pending,57
INV00368,SUP081,2024-01-03,2691,2024-02-06,2024-02-09,2691,Net 45,Paid,37
INV00248,SUP061,2023-09-05,5739,2023-10-16,2023-10-16,5739,Net 45,Pending,41
INV00237,SUP085,2023-08-25,4748,2023-10-14,2023-10-15,4748,Net 60,Paid,51
INV00924,SUP058,2025-07-12,5342,2025-08-16,2025-08-24,5342,Net 60,Paid,43
INV00281,SUP054,2023-10-08,8954,2023-11-10,2023-11-17,8954,Net 45,Paid,40
INV00030,SUP082,2023-01-30,2934,2023-03-02,2023-03-09,2934,Net 30,Paid,38
INV00727,SUP010,2024-12-27,3032,2025-02-08,2025-02-14,3032,Net 45,Paid,49
INV00256,SUP011,2023-09-13,3161,2023-10-18,2023-10-24,3161,Net 30,Pending,41
INV00884,SUP047,2025-06-02,3032,2025-07-23,2025-07-29,3032,Net 30,Paid,57
INV00047,SUP055,2023-02-16,6435,2023-03-23,2023-03-29,6435,Net 45,Paid,41
INV00069,SUP073,2023-03-10,1216,2023-05-07,2023-05-16,1216,Net 30,Pending,67
INV00175,SUP005,2023-06-24,7480,2023-08-10,2023-08-11,7480,Net 30,Paid,48
INV00125,SUP002,2023-05-05,1684,2023-06-11,2023-06-18,1684,Net 30,Paid,44
INV00083,SUP071,2023-03-24,7408,2023-05-21,2023-05-21,7408,Net 60,Paid,58
INV00714,SUP056,2024-12-14,9750,2025-01-29,2025-02-01,9750,Net 45,Pending,49
INV00791,SUP089,2025-03-01,6070,2025-03-31,2025-04-05,6070,Net 60,Pending,35
INV00841,SUP063,2025-04-20,2790,2025-05-23,2025-05-26,2790,Net 30,Paid,36
INV00233,SUP099,2023-08-21,9015,2023-09-24,2023-09-26,9015,Net 45,Paid,36
INV00251,SUP020,2023-09-08,8645,2023-10-17,2023-10-24,8645,Net 60,Paid,46
INV00113,SUP059,2023-04-23,1228,2023-06-01,2023-06-09,1228,Net 60,Paid,47
INV00530,SUP096,2024-06-13,9548,2024-08-01,2024-08-10,9548,Net 30,Pending,58
INV00225,SUP024,2023-08-13,2002,2023-09-25,2023-09-28,2002,Net 30,Pending,46
INV00270,SUP084,2023-09-27,1418,2023-11-23,2023-11-30,1418,Net 60,Paid,64
INV00599,SUP043,2024-08-21,6390,2024-09-30,2024-10-09,6390,Net 60,Paid,49
INV00076,SUP081,2023-03-17,1078,2023-05-08,2023-05-16,1078,Net 60,Pending,60
INV00316,SUP079,2023-11-12,8519,2023-12-24,2024-01-02,8519,Net 30,Paid,51
INV00393,SUP088,2024-01-28,8508,2024-03-04,2024-03-05,8508,Net 45,Paid,37
INV00515,SUP025,2024-05-29,5180,2024-07-03,2024-07-07,5180,Net 30,Pending,39
INV00763,SUP086,2025-02-01,2593,2025-03-13,2025-03-16,2593,Net 45,Paid,43
INV00973,SUP023,2025-08-30,2316,2025-10-21,2025-10-28,2316,Net 45,Paid,59
INV00779,SUP068,2025-02-17,8917,2025-04-08,2025-04-11,8917,Net 60,Pending,53
INV00759,SUP021,2025-01-28,6877,2025-03-13,2025-03-17,6877,Net 60,Pending,48
INV00880,SUP023,2025-05-29,5487,2025-07-22,2025-07-26,5487,Net 30,Pending,58
INV00150,SUP022,2023-05-30,9921,2023-07-12,2023-07-12,9921,Net 45,Pending,43
INV00980,SUP073,2025-09-06,7983,2025-10-23,2025-10-27,7983,Net 30,Pending,51
INV00193,SUP038,2023-07-12,4418,2023-08-19,2023-08-19,4418,Net 45,Pending,38
INV00534,SUP062,2024-06-17,4530,2024-08-04,2024-08-05,4530,Net 30,Paid,49
